product_id,product_name,price,vendor,product_type,tags,availability,number_of_variants,image_url,product_url
1076320792,Móc Khóa Helio Gương Mặt Trời Màu Nâu Lợt BAKG00300NAL,115000,Helio,Khác,"26AU,Phukien,new,Phụ kiện nam,NAM,BÉ GÁI,kho:online,Phụ kiện,BÉ TRAI,Phụ kiện trẻ em,TRẺ EM,Phụ kiện nữ,NỮ",Available,1,https://cdn.hstatic.net/products/1000230642/bakg00300nal__2__2150e8a469e040eda18dcb6bcc756cf3.jpg,https://bitis.com.vn/products/moc-khoa-helio-guong-mat-troi-mau-nau-lot-bakg00300nal
1076248650,Giày Sandal Bé Trai Biti's Màu Xanh Dương Đậm BEB009100XDD,340000,Biti's,Sandal Thông Dụng,"26AU,kho:online,Sandal,Giày dép trẻ em,BÉ TRAI,Giày trẻ em,P_10/09/2026,Sandal trẻ em,PreOrder,Giày dép,Giày,new,TRẺ EM",Available,8,https://cdn.hstatic.net/products/1000230642/beb009100xdd__1__16d14bf47ddf4d4194244f3917b460cc.jpg,https://bitis.com.vn/products/giay-sandal-be-trai-biti-s-mau-xanh-duong-dam-beb009100xdd
1076248476,Giày Sandal Bé Trai Biti's Màu Đen BEB009100DEN,340000,Biti's,Sandal Thông Dụng,"P_10/09/2026,new,Giày dép,TRẺ EM,PreOrder,BÉ TRAI,26AU,kho:online,Giày trẻ em,Sandal,Giày,Giày dép trẻ em,Sandal trẻ em",Available,8,https://cdn.hstatic.net/products/1000230642/beb009100den__1__94309c4250574adea547206a704d4847.jpg,https://bitis.com.vn/products/giay-sandal-be-trai-biti-s-mau-den-beb009100den
1076244592,Giày Pickleball Nữ Biti's Hunter Vector Màu Trắng HSW015700TRG,900000,HUNTER,Giày Thể Thao,"kho:online,26AU,Giày Hunter,new,Hunter Vector,Giày dép nữ,NỮ,spnoibat,Giày nữ,Giày dép Hunter",Available,5,https://cdn.hstatic.net/products/1000230642/hsw015700trg__1__a668bceaaa1a45bf843d9b7a19c36134.jpg,https://bitis.com.vn/products/giay-pickleball-nu-biti-s-hunter-vector-mau-trang-hsw015700trg
1076244584,Giày Pickleball Nữ Biti's Hunter Vector Màu Bạc HSW015700BAC,900000,HUNTER,Giày Thể Thao,"26AU,spnoibat,kho:online,Hunter Vector,Giày dép nữ,NỮ,new,Giày nữ,Giày dép Hunter,Giày Hunter,Đã bán:199",Available,5,https://cdn.hstatic.net/products/1000230642/hsw015700bac__3__cc92c4bf51a84584a00a5e4c8ba12231.jpg,https://bitis.com.vn/products/giay-pickleball-nu-biti-s-hunter-vector-mau-bac-hsw015700bac
1076244338,Giày Pickleball Nam Biti's Hunter Vector Màu Xám HSM015700XAM,930000,HUNTER,Giày Thể Thao,"Giày Hunter,spnoibat,NAM,Giày nam,Giày,Giày dép nam,Giày dép Hunter,Hunter Vector,new,26AU,Giày dép,kho:online,Giày Thể Thao",Available,6,https://cdn.hstatic.net/products/1000230642/hsm015700xam__2__cd2f3f5e612349cea710c8a0aca1eed7.jpg,https://bitis.com.vn/products/giay-pickleball-nam-biti-s-hunter-vector-mau-xam-hsm015700xam
1076244264,Giày Pickleball Nam Biti's Hunter Vector Màu Trắng HSM015700TRG,930000,HUNTER,Giày Thể Thao,"kho:online,Giày dép,Giày dép nam,Giày Thể Thao,Giày,NAM,new,Giày nam,spnoibat,Hunter Vector,26AU,Giày dép Hunter,Giày Hunter",Available,6,https://cdn.hstatic.net/products/1000230642/hsm015700trg__6__1a5d6c3a5fc04bf88370212086577d1c.jpg,https://bitis.com.vn/products/giay-pickleball-nam-biti-s-hunter-vector-mau-trang-hsm015700trg
1076244150,Giày Pickleball Nam Biti's Hunter Vector Màu Bạc HSM015700BAC,930000,HUNTER,Giày Thể Thao,"kho:online,Giày Thể Thao,Giày nam,Giày dép Hunter,Giày dép,Giày dép nam,Giày Hunter,26AU,Giày,Hunter Vector,new,spnoibat,NAM",Available,6,https://cdn.hstatic.net/products/1000230642/hsm015700bac__3__fcc80837efd64b4fa48b72e627145fc9.jpg,https://bitis.com.vn/products/giay-pickleball-nam-biti-s-hunter-vector-bac-hsm015700bac
1076243975,Giày Sandal Nữ Biti's Hunter Shift Màu Xanh Dương Lợt HEW002400XDL,575000,HUNTER,Sandal Thông Dụng,"Giày dép nữ,Giày nữ,Sandalnu,kho:online,Sandal,NỮ,new,SHIFT,spnoibat,Sandal Dép Hunter,Sandal Thông Dụng,26AU",Available,5,https://cdn.hstatic.net/products/1000230642/hew002400xdl__3__621eef38b5ac423a83b37f450483f629.jpg,https://bitis.com.vn/products/giay-sandal-nu-biti-s-hunter-shift-mau-xanh-duong-lot-hew002400xdl
1076243972,Giày Sandal Nữ Biti's Hunter Shift Màu Hồng HEW002400HOG,575000,HUNTER,Sandal Thông Dụng,"Sandalnu,NỮ,Giày dép nữ,new,Sandal Thông Dụng,Sandal Dép Hunter,SHIFT,Sandal,Giày nữ,spnoibat,kho:online,26AU",Available,5,https://cdn.hstatic.net/products/1000230642/hew002400hog__3__6a2d8cfe3343484090edd0e2595f10fe.jpg,https://bitis.com.vn/products/giay-sandal-nu-biti-s-hunter-shift-mau-hong-hew002400hog
1076241016,Giày Sandal Nam Biti's Hunter Shift Màu Nâu HEM002400NAU,595000,HUNTER,Sandal Thông Dụng,"SHIFT,NAM,kho:online,spnoibat,Sandal,Sandal Thông Dụng,Giày dép nam,26AU,Sandal Dép Hunter,new",Available,6,https://cdn.hstatic.net/products/1000230642/hem002400nau__2__cc8034989a0244fbb537708ff92ed547.jpg,https://bitis.com.vn/products/giay-sandal-nam-biti-s-hunter-shift-mau-nau-hem002400nau
1076240839,Giày Sandal Nam Biti's Hunter Shift Màu Xanh Lá Cây HEM002400XLC,595000,HUNTER,Sandal Thông Dụng,"spnoibat,Giày dép nam,Sandal Thông Dụng,Sandal Dép Hunter,26AU,Sandal,NAM,kho:online,SHIFT,new",Available,6,https://cdn.hstatic.net/products/1000230642/hem002400xlc__7__7afcc81cfd7f4c2797b0aafaa56fc8a8.jpg,https://bitis.com.vn/products/giay-sandal-nam-biti-s-hunter-shift-mau-xanh-la-cay-hem002400xlc
1076240785,Giày Sandal Nam Biti's Hunter Shift Màu Xanh Dương HEM002400XDG,595000,HUNTER,Sandal Thông Dụng,"NAM,Sandal Thông Dụng,new,SHIFT,Sandal,kho:online,Giày dép nam,Sandal Dép Hunter,spnoibat,26AU",Available,6,https://cdn.hstatic.net/products/1000230642/hem002400xdg__3__12eb521c404b40e784c2e58eda7949d2.jpg,https://bitis.com.vn/products/giay-sandal-nam-biti-s-hunter-shift-mau-xanh-duong-hem002400xdg
1076240771,Giày Sandal Nam Biti's Hunter Shift Màu Đen HEM002400DEN,595000,HUNTER,Sandal Thông Dụng,"kho:online,Sandal,NAM,26AU,Sandal Dép Hunter,SHIFT,Sandal Thông Dụng,new,spnoibat,Giày dép nam",Available,6,https://cdn.hstatic.net/products/1000230642/hem002400den__2__4528221aa3cf4faa8c8542a9ee44df9d.jpg,https://bitis.com.vn/products/giay-sandal-nam-biti-s-hunter-shift-mau-den-hem002400den
1076236878,Gấu Bông Thanh Long Ngồi Biti's Màu Xanh BAAU00100XMN,195000,Biti's,Khác,"Phukien,kho:online,Phụ kiện,BÉ GÁI,26AU,Phụ kiện trẻ em,TRẺ EM,BÉ TRAI",Available,1,https://cdn.hstatic.net/products/1000230642/baau00100xmn__4__b110cd3ae7054337b0398b78c2bec5fe.jpg,https://bitis.com.vn/products/gau-bong-thanh-long-ngoi-biti-s-mau-xanh-baau00100xmn
1076217582,Túi Đeo Bé Gái Biti's Disney Màu Hồng BBSG00697HOG,265000,Biti's,Túi Đeo,"Phụ kiện,26AU,Phukien,Disney,kho:online,Phụ kiện trẻ em,BÉ GÁI,TRẺ EM",Available,1,https://cdn.hstatic.net/products/1000230642/bbsg00697hog__3__000932a7eb054c33936e154ba5a8138e.jpg,https://bitis.com.vn/products/tui-deo-be-gai-biti-s-disney-mau-hong-bbsg00697hog
1076216731,Túi Đeo Đựng Bình Nước Biti's Màu Tím BBSU00100TIM,69000,Biti's,Túi Đeo,"NỮ,Phụ kiện,new,26AU,Phụ kiện nữ,kho:online,Phukien",Available,1,https://cdn.hstatic.net/products/1000230642/bbsu00100tim__4__e3d2c2a019a541a88dd0c88251d6f9b3.jpg,https://bitis.com.vn/products/tui-deo-dung-binh-nuoc-biti-s-mau-tim-bbsu00100tim
1076216654,Túi Đeo Đựng Bình Nước Biti's Màu Hồng BBSU00100HOG,69000,Biti's,Túi Đeo,"Phụ kiện nữ,26AU,new,Phụ kiện,kho:online,Phukien,NỮ",Available,1,https://cdn.hstatic.net/products/1000230642/bbsu00100hog__4__adaf53b3502249c68a4d4352440f0f55.jpg,https://bitis.com.vn/products/tui-deo-dung-binh-nuoc-biti-s-mau-hong-bbsu00100hog
1076216464,Túi Đeo Đựng Bình Nước Biti's Màu Đen BBSU00100DEN,69000,Biti's,Túi Đeo,"Phụ kiện,NAM,new,NỮ,Phụ kiện nữ,Phukien,Phụ kiện nam,kho:online,26AU",Available,1,https://cdn.hstatic.net/products/1000230642/bbsu00100den__4__425231f5b60e45eda3d7b6936e0dfb64.jpg,https://bitis.com.vn/products/tui-deo-dung-binh-nuoc-biti-s-mau-den-bbsu00100den
1076215155,Giày Thể Thao Nam Biti's Hunter Màu Xám HSM012500XAM,1025000,HUNTER,Giày Thể Thao,"Giày Hunter,kho:online,Giày dép nam,Giày dép,Giày Thể Thao,NAM,Hunter Nam,Giày,25DE,Giày dép Hunter,new,Giày nam",Available,6,https://cdn.hstatic.net/products/1000230642/hsm012500xam__3__48e5d6ea0de44bb89801f257f9e23efc.jpg,https://bitis.com.vn/products/giay-the-thao-nam-biti-s-hunter-mau-xam-hsm012500xam
1076215109,Giày Thể Thao Nam Biti's Hunter Màu Đen HSM012500DEN,1025000,HUNTER,Giày Thể Thao,"kho:online,Giày dép nam,new,Giày dép Hunter,Giày nam,Giày dép,Hunter Nam,Giày Hunter,25DE,Giày Thể Thao,NAM,Giày",Available,6,https://cdn.hstatic.net/products/1000230642/hsm012500den__2__8bf3277e21f84b6e9805d369bc62c859.jpg,https://bitis.com.vn/products/giay-the-thao-nam-biti-s-hunter-mau-den-hsm012500den
1076209812,Dép Nam Biti's Nomad Màu Kem BEM005600KEM,240000,Biti's,Dép Thông Dụng,"Dép nam,26AU,kho:online,Giày dép,spnoibat,Nomad,new,Dép,Giày dép nam,NAM",Available,7,https://cdn.hstatic.net/products/1000230642/bem005600kem__3__e8ffe19f58c74c6ebaae76ce14680a5a.jpg,https://bitis.com.vn/products/dep-nam-biti-s-nomad-mau-kem-bem005600kem
1076208843,Dép Biti's Nữ Màu Xanh Lá Cây BEW003000XLC,115000,Biti's,Dép Thông Dụng,"new,Giày dép,Giày dép nữ,kho:online,Dép nữ,Depnu,26AU,Dép,NỮ",Available,6,https://cdn.hstatic.net/products/1000230642/bew003000xlc__3__4e2f06592e7f4d6484779eeed8e86861.jpg,https://bitis.com.vn/products/dep-biti-s-nu-mau-xanh-la-cay-bew003000xlc
1076208769,Dép Nam Biti's Gent Màu Nâu Đậm BRM004100NAD,395000,Biti's,Dép Thông Dụng,"26AU,kho:online,spnoibat,Gent,Giày dép nam,NAM,new,Dép nam",Available,6,https://cdn.hstatic.net/products/1000230642/brm004100nad__2__bb2a090bb27f48a3a8fb8fdd7c63ed20.jpg,https://bitis.com.vn/products/dep-nam-biti-s-gent-mau-nau-dam-brm004100nad
1076208744,Dép Nam Biti's Gent Màu Đen BRM004100DEN,395000,Biti's,Dép Thông Dụng,"spnoibat,kho:online,Dép nam,Gent,new,26AU,NAM,Giày dép nam",Available,6,https://cdn.hstatic.net/products/1000230642/brm004100den__3__aab49ef9edf84caf9f4b7ba1a476145d.jpg,https://bitis.com.vn/products/dep-nam-biti-s-gent-mau-den-brm004100den
1076208634,Giày Tập Đi Trẻ Em Biti's Mầm Màu Hồng BSB010400HOG,260000,Biti's,Giày Tập Đi,"kho:online,Giày trẻ em,BÉ TRAI,Giày dép trẻ em,Giày,26AU,BSTMam,new,TRẺ EM,BÉ GÁI",Available,3,https://cdn.hstatic.net/products/1000230642/bsb010400hog__4__0f4c4e1afbfb4d59a105487d42a665f0.jpg,https://bitis.com.vn/products/giay-tap-di-tre-em-biti-s-mam-mau-hong-bsb010400hog
1076208629,Giày Tập Đi Trẻ Em Biti's Mầm Màu Đỏ BSB010400DOO,260000,Biti's,Giày Tập Đi,"Giày dép trẻ em,BÉ GÁI,BÉ TRAI,kho:online,26AU,new,BSTMam,TRẺ EM,Giày,Giày trẻ em",Available,3,https://cdn.hstatic.net/products/1000230642/bsb010400doo__6__0b289400620846b88344d0b48cd57e0f.jpg,https://bitis.com.vn/products/giay-tap-di-tre-em-biti-s-mam-mau-do-bsb010400doo
1076207602,Giày Tập Đi Trẻ Em Biti's Mầm Màu Nâu BSB010500NAU,429000,Biti's,Giày Tập Đi,"BSTMam,Giày dép trẻ em,TRẺ EM,Giày trẻ em,new,kho:online,26AU,BÉ TRAI,BÉ GÁI,spnoibat",Available,3,https://cdn.hstatic.net/products/1000230642/bsb010500nau__2__b35fbfc1de194329a67996059eb77531.jpg,https://bitis.com.vn/products/giay-tap-di-tre-em-biti-s-mam-mau-nau-bsb010500nau
1076207581,Giày Tập Đi Trẻ Em Biti's Mầm Màu Hồng BSB010500HOG,429000,Biti's,Giày Tập Đi,"BSTMam,BÉ TRAI,new,TRẺ EM,BÉ GÁI,Giày trẻ em,26AU,kho:online,Giày dép trẻ em,spnoibat",Available,3,https://cdn.hstatic.net/products/1000230642/bsb010500hog__2__e563c97c78594c43b1e59810e4a82ae4.jpg,https://bitis.com.vn/products/giay-tap-di-tre-em-biti-s-mam-mau-hong-bsb010500hog
1076205537,Giày Thể Thao Trẻ Em Biti's Cool Màu Xám BSB011700XAM,465000,Biti's,Giày Thể Thao,"new,BÉ TRAI,Giày,kho:online,Giày dép,spnoibat,Cool,Giày dép trẻ em,BÉ GÁI,26AU,TRẺ EM,Giày trẻ em",Available,8,https://cdn.hstatic.net/products/1000230642/bsb011700xam__3__e45811e8bc534600828b59c4ba258e5d.jpg,https://bitis.com.vn/products/giay-the-thao-tre-em-biti-s-cool-mau-xam-bsb011700xam
1076205489,Giày Thể Thao Trẻ Em Biti's Cool Màu Kem BSB011700KEM,465000,Biti's,Giày Thể Thao,"kho:online,BÉ TRAI,Giày dép trẻ em,spnoibat,26AU,Cool,BÉ GÁI,Giày dép,Giày,Giày trẻ em,TRẺ EM,new",Available,8,https://cdn.hstatic.net/products/1000230642/bsb011700kem__4__513ccc68e55949c7847a90462b217a25.jpg,https://bitis.com.vn/products/giay-the-thao-tre-em-biti-s-cool-mau-kem-bsb011700kem
1076205455,Giày Thể Thao Trẻ Em Biti's Cool Màu Đen BSB011700DEN,465000,Biti's,Giày Thể Thao,"kho:online,Giày dép,BÉ GÁI,BÉ TRAI,TRẺ EM,Giày dép trẻ em,new,Giày trẻ em,Cool,Giày,26AU,spnoibat",Available,8,https://cdn.hstatic.net/products/1000230642/bsb011700den__4__fddb6b35fa70435a9c9f4def2354e92a.jpg,https://bitis.com.vn/products/giay-the-thao-tre-em-biti-s-cool-mau-den-bsb011700den
1076205265,Giày Thể Thao Nữ Biti's Êmbrace Màu Tím BSW006400TIM,620000,Êmbrace,Giày Thể Thao,"NỮ,26AU,kho:online,new,Giày nữ,Giày dép nữ",Available,6,https://cdn.hstatic.net/products/1000230642/bsw006400tim__3__5ffad35e845d451eb7f16627801f359f.jpg,https://bitis.com.vn/products/giay-the-thao-nu-biti-s-embrace-mau-tim-bsw006400tim
1076205261,Giày Thể Thao Nữ Biti's Êmbrace Màu Đen Full BSW006400DEF,620000,Êmbrace,Giày Thể Thao,"NỮ,Giày nữ,new,kho:online,26AU,Giày dép nữ",Available,6,https://cdn.hstatic.net/products/1000230642/bsw006400def__3__d1c4f50d32cc47a1ac05fcb07901bae4.jpg,https://bitis.com.vn/products/giay-the-thao-nu-biti-s-embrace-mau-den-full-bsw006400def
1076204596,Sandal Tập Đi Trẻ Em Biti's Mầm Màu Hồng BTB002100HOG,199000,Biti's,Sandal Tập Đi,"kho:online,BÉ GÁI,Giày dép trẻ em,BÉ TRAI,TRẺ EM,Sandal trẻ em,Giày trẻ em,new,26AU,BSTMam,spnoibat",Available,3,https://cdn.hstatic.net/products/1000230642/btb002100hog__2__956866d500984ec39e9eb7c945931c30.jpg,https://bitis.com.vn/products/sandal-tap-di-tre-em-biti-s-mam-mau-hong-btb002100hog
1076204440,Sandal Tập Đi Trẻ Em Biti's Mầm Màu Đỏ BTB002100DOO,199000,Biti's,Sandal Tập Đi,"Giày trẻ em,BÉ TRAI,new,kho:online,26AU,Sandal trẻ em,BÉ GÁI,TRẺ EM,Giày dép trẻ em,BSTMam,spnoibat",Available,3,https://cdn.hstatic.net/products/1000230642/0432_da8032b1cc1e46f2b1e964c5ab82fccb.jpg,https://bitis.com.vn/products/sandal-tap-di-tre-em-biti-s-mam-mau-do-btb002100doo
1076203761,Giày Thể Thao Nam Biti's Hunter Neo Màu Rêu HSM016001REU,850000,HUNTER,Giày Thể Thao,"Giày dép nam,Giày dép Hunter,Giày nam,spnoibat,new,kho:online,NAM,Hunter Street,Hunter Nam,Hunter,Hunter Neo,Giày Hunter,26AU",Available,6,https://cdn.hstatic.net/products/1000230642/hsm016001reu__4__56a925c44c6e4fbfa8a3c15fdeb24344.jpg,https://bitis.com.vn/products/giay-the-thao-nam-biti-s-hunter-neo-mau-reu-hsm016001reu
1076201510,Giày Thể Thao Nam Biti's Hunter Neo Màu Nâu HSM016001NAU,850000,HUNTER,Giày Thể Thao,"spnoibat,Giày dép nam,Giày nam,26AU,NAM,kho:online,Hunter Nam,Hunter,Giày Hunter,new,Hunter Neo,Hunter Street,Giày dép Hunter",Available,6,https://cdn.hstatic.net/products/1000230642/hsm016001nau__5__27920d6a6c534e2ba7474ef9356c306c.jpg,https://bitis.com.vn/products/giay-the-thao-nam-biti-s-hunter-neo-mau-nau-hsm016001nau
1076201042,Giày Thể Thao Nữ Biti's Hunter Neo Màu Rêu HSW016001REU,820000,HUNTER,Giày Thể Thao,"Giày nữ,Giày dép nữ,Hunter,Giày Hunter,Hunter Neo,new,26AU,NỮ,Giày dép Hunter,spnoibat,Huntersneakernu,Hunter Street,kho:online",Available,4,https://cdn.hstatic.net/products/1000230642/hsw016001reu__3__dd1a9657d0d247b4a6eb07254cbe8d0b.jpg,https://bitis.com.vn/products/giay-the-thao-nu-biti-s-hunter-neo-mau-reu-hsw016001reu
1076201003,Giày Thể Thao Nữ Biti's Hunter Neo Màu Nâu HSW016001NAU,820000,HUNTER,Giày Thể Thao,"Giày nữ,Giày dép nữ,Giày Hunter,new,Hunter Neo,Huntersneakernu,Giày dép Hunter,26AU,spnoibat,Hunter,NỮ,Hunter Street,kho:online",Available,4,https://cdn.hstatic.net/products/1000230642/hsw016001nau__6__62049de4586142d38cf629407284456f.jpg,https://bitis.com.vn/products/giay-the-thao-nu-biti-s-hunter-neo-mau-nau-hsw016001nau
1076153876,Gấu Bông Thanh Long Béo Màu Hồng AAUH06500HOG,195000,Biti's,Khác,"26AU,kho:online,BÉ TRAI,BÉ GÁI,Phụ kiện,TRẺ EM,Phụ kiện trẻ em",Available,1,https://cdn.hstatic.net/products/1000230642/aauh06500hog__5__2ae43faeff3a4bbebefe5fe6be21e99e.jpg,https://bitis.com.vn/products/gau-bong-gau-chu-tam-gau-thanh-long-mau-hong-aauh06500hog
1076083492,Giày Thể Thao Bé Gái Biti's Cool Màu Kem BSG011000KEM,640000,Biti's,Giày Thể Thao,"BÉ GÁI,Giày trẻ em,Giày dép trẻ em,26AU,kho:online,spnoibat,TRẺ EM,new,Giày dép,Giày,Cool",Available,9,https://cdn.hstatic.net/products/1000230642/bsg011000kem__3__02dedfd28643415687b3e8941e856920.jpg,https://bitis.com.vn/products/giay-the-thao-be-gai-biti-s-cool-mau-kem-bsg011000kem
1076083464,Giày Thể Thao Bé Gái Biti's Cool Màu Hồng BSG011000HOG,640000,Biti's,Giày Thể Thao,"kho:online,Giày trẻ em,26AU,Giày,new,spnoibat,BÉ GÁI,Cool,Giày dép,TRẺ EM,Giày dép trẻ em",Available,9,https://cdn.hstatic.net/products/1000230642/bsg011000hog__1__2d931d73598e484f8d9c810dfaf78931.jpg,https://bitis.com.vn/products/giay-the-thao-be-gai-biti-s-cool-mau-hong-bsg011000hog
1076082569,Giày Thể Thao Bé Gái Biti's Cool Màu Kem Lợt BSG009900KEL,585000,Biti's,Giày Thể Thao,"new,Giày trẻ em,26AU,BÉ GÁI,kho:online,Giày dép trẻ em,TRẺ EM,Cool,spnoibat",Available,6,https://cdn.hstatic.net/products/1000230642/bsg009900kel__2__8368d120b8474798abb54b058919d659.jpg,https://bitis.com.vn/products/giay-the-thao-be-gai-biti-s-cool-mau-kem-lot-bsg009900kel
1076082507,Giày Thể Thao Bé Gái Biti's Cool Màu Hồng BSG009900HOG,585000,Biti's,Giày Thể Thao,"spnoibat,kho:online,new,Giày trẻ em,Giày dép trẻ em,TRẺ EM,26AU,Cool,BÉ GÁI",Available,6,https://cdn.hstatic.net/products/1000230642/bsg009900hog__2__9e1325b88d06409eb1ad247334d38178.jpg,https://bitis.com.vn/products/giay-the-thao-be-gai-biti-s-cool-mau-hong-bsg009900hog
1076081968,Giày Thể Thao Bé Trai Biti's Cool Màu Xanh Nhớt BSB011800XNH,625000,Biti's,Giày Thể Thao,"kho:online,Giày dép trẻ em,26AU,Giày trẻ em,BÉ TRAI,Cool,TRẺ EM,new",Available,8,https://cdn.hstatic.net/products/1000230642/bsb011800xnh__3__2c3bd393f4a14a7cb771dab13882c38d.jpg,https://bitis.com.vn/products/giay-the-thao-be-trai-biti-s-cool-mau-xanh-nhot-bsb011800xnh
1076081938,Giày Thể Thao Bé Trai Biti's Cool Màu Đen Full BSB011800DEF,625000,Biti's,Giày Thể Thao,"Giày dép trẻ em,kho:online,Cool,new,TRẺ EM,Giày trẻ em,BÉ TRAI,26AU",Available,8,https://cdn.hstatic.net/products/1000230642/bsb011800def__3__ac73f0d97bae4e4db25a34dbade5fc2a.jpg,https://bitis.com.vn/products/giay-the-thao-be-trai-biti-s-cool-mau-den-full-bsb011800def
1076078742,Giày Mule Mũi Nhọn Nữ Biti's Màu Kem BPW009488KEM,495000,Biti's,Giày Thời Trang,"26AU,Giày nữ,Giày dép nữ,kho:online,new,NỮ",Available,5,https://cdn.hstatic.net/products/1000230642/bpw009488kem__6__2de63406bb914a7da9f892a0dc1c634a.jpg,https://bitis.com.vn/products/giay-mule-mui-nhon-nu-biti-s-mau-kem-bpw009488kem
1076078716,Giày Mule Mũi Nhọn Nữ Biti's Màu Đen BPW009488DEN,495000,Biti's,Giày Thời Trang,"Giày nữ,new,26AU,kho:online,NỮ,Giày dép nữ",Available,5,https://cdn.hstatic.net/products/1000230642/bpw009488den__2__4045ebe8799c42e18138549c82d6e039.jpg,https://bitis.com.vn/products/giay-mule-mui-nhon-nu-biti-s-mau-den-bpw009488den
1076078402,Móc Khóa Biti's Helio Màu Cam BAKU01100CAM,115000,Helio,Khác,"Phụ kiện,new,Phụ kiện trẻ em,TRẺ EM,BÉ TRAI,BÉ GÁI,kho:online,26AU,Helio",Available,1,https://cdn.hstatic.net/products/1000230642/baku01100cam__2__d08d0ddfbd8440aeafff6afc35ee0ebb.jpg,https://bitis.com.vn/products/moc-khoa-biti-s-helio-mau-cam-baku01100cam
1076067991,Giày Thể Thao Bé Trai Biti's Basic Màu Xanh Nhớt BSB011600XNH,555000,Biti's,Giày Thể Thao,"spnoibat,BÉ TRAI,BASIC,26AU,new,TRẺ EM,kho:online,Giày dép trẻ em,Giày trẻ em",Available,11,https://cdn.hstatic.net/products/1000230642/bsb011600xnh__2__0132e3a761c74ad7b435cc4d6a87db71.jpg,https://bitis.com.vn/products/giay-the-thao-be-trai-biti-s-basic-mau-xanh-nhot-bsb011600xnh
1076064739,Giày Thể Thao Bé Trai Biti's Basic Màu Kem BSB011600KEM,555000,Biti's,Giày Thể Thao,"spnoibat,new,Giày dép trẻ em,BASIC,26AU,Giày trẻ em,TRẺ EM,BÉ TRAI,kho:online",Available,11,https://cdn.hstatic.net/products/1000230642/bsb011600kem__6__f01dc23e32b447cc80ddc1d17ba3e3c3.jpg,https://bitis.com.vn/products/giay-the-thao-be-trai-biti-s-basic-mau-kem-bsb011600kem
1076063824,Giày Thể Thao Bé Trai Biti's Batman Màu Xám BSB011199XAM,560000,Biti's,Giày Thể Thao,"Batman,BÉ TRAI,26AU,TRẺ EM,Giày trẻ em,kho:online,new,spnoibat,Giày dép trẻ em",Available,8,https://cdn.hstatic.net/products/1000230642/bsb011199xam__3__f5e231b96a874d05bdf93bf1be26c9cc.jpg,https://bitis.com.vn/products/giay-the-thao-be-trai-biti-s-batman-mau-xam-bsb011199xam
1076063018,Giày Thể Thao Bé Trai Biti's Batman Màu Đen BSB011199DEN,560000,Biti's,Giày Thể Thao,"kho:online,Giày dép trẻ em,new,Batman,BÉ TRAI,spnoibat,26AU,TRẺ EM,Giày trẻ em",Available,8,https://cdn.hstatic.net/products/1000230642/bsb011199den__3__dfe4a46b72f8495f883204df28ad73c1.jpg,https://bitis.com.vn/products/giay-the-thao-be-trai-biti-s-batman-mau-den-bsb011199den
1076062760,Giày Thể Thao Bé  Trai Biti's Helio Màu Xanh Dương BSB010801XDG,735000,Helio,Giày Thể Thao,"Giày Thể Thao,kho:online,26AU,Giày dép nam,Giày trẻ em,Giày,TRẺ EM,Giày dép,new,BÉ TRAI,Giày nữ,Giày dép trẻ em,spnoibat",Available,6,https://cdn.hstatic.net/products/1000230642/bsb010801xdg__1__2af80ffe2bb34d8498fd212b975eda24.jpg,https://bitis.com.vn/products/giay-the-thao-be-trai-biti-s-helio-mau-xanh-duong-bsb010801xdg
1076061391,Túi Xách Nữ Biti's Amber Màu Xám Lợt BBSW01100XAL,975000,Biti's,Túi Xách,"new,26AU,kho:online,Phụ kiện nữ,NỮ,Amber,Phụ kiện",Available,1,https://cdn.hstatic.net/products/1000230642/bbsw01100xal__2__a4bf2b12f6ac4e3496cba1625c5b4a8b.jpg,https://bitis.com.vn/products/tui-xach-nu-biti-s-amber-mau-xam-lot-bbsw01100xal
1076061137,Túi Xách Nữ Biti's Amber Màu Đen BBSW01100DEN,975000,Biti's,Túi Xách,"Amber,kho:online,Phụ kiện nữ,26AU,new,NỮ,Phụ kiện",Available,1,https://cdn.hstatic.net/products/1000230642/bbsw01100den__2__610cb5b8b90b4e30a83b0d2ae2252af4.jpg,https://bitis.com.vn/products/tui-xach-nu-biti-s-amber-mau-den-bbsw01100den
1076060858,Balo Bé Gái Biti's Vương Quốc Giày Màu Xanh Dương BBBG03000XDG,575000,Biti's,Balo Trẻ Em,"26AU,Phụ kiện trẻ em,BÉ GÁI,kho:online,TRẺ EM,Vương quốc giày,new,Phụ kiện",Available,1,https://cdn.hstatic.net/products/1000230642/bbbg03000xdg__2__151aba235a6c40f78da1b7c8fdebd475.jpg,https://bitis.com.vn/products/balo-be-gai-biti-s-vuong-quoc-giay-mau-xanh-duong-bbbg03000xdg
1076059325,Balo Bé Gái Biti's Vương Quốc Giày Màu Hồng BBBG03000HOG,575000,Biti's,Balo Trẻ Em,"Phụ kiện,new,Vương quốc giày,Phụ kiện trẻ em,BÉ GÁI,TRẺ EM,kho:online,26AU",Available,1,https://cdn.hstatic.net/products/1000230642/bbbg03000hog__2__50330399808240e58e2c0a5aff498bba.jpg,https://bitis.com.vn/products/balo-be-gai-biti-s-vuong-quoc-giay-mau-hong-bbbg03000hog
1076023845,Dép Nam Biti's Minimal Màu Xanh Nhớt BXM009300XNH,280000,Biti's,Dép Thông Dụng,"new,Minimal,NAM,26AU,kho:online,Dép nam,Giày dép nam",Available,7,https://cdn.hstatic.net/products/1000230642/bxm009300xnh__6__069de6368f86460f87ada9d2ca8b6012.jpg,https://bitis.com.vn/products/dep-nam-biti-s-minimal-mau-xanh-nhot-bxm009300xnh
1076023809,Dép Nam Biti's Minimal Màu Đen BXM009300DEN,280000,Biti's,Dép Thông Dụng,"kho:online,Minimal,NAM,Dép nam,new,26AU,Giày dép nam",Available,7,https://cdn.hstatic.net/products/1000230642/bxm009300den__6__4851141059eb48529630095ff7320fe2.jpg,https://bitis.com.vn/products/dep-nam-biti-s-minimal-mau-den-bxm009300den
1076021839,Ví Nữ Biti's Hunter Thanh Long Màu Hồng HAKU00100HOG,175000,HUNTER,Ví,"Hunter,26AU,kho:online,new,Phụ kiện,Phụ kiện Hunter,Thanh long,Phukien",Available,1,https://cdn.hstatic.net/products/1000230642/haku00100hog__3__0d2ef96e3acd460984a20be73ac034b4.jpg,https://bitis.com.vn/products/vi-nu-biti-s-hunter-thanh-long-mau-hong-haku00100hog
1076021078,Giày Thể Thao Nam Biti's Hunter Nova Màu Trắng HSM015401TRG,860000,HUNTER,Giày Thể Thao,"BST New,Hunter Nam,kho:online,newhunter,Giày Hunter,26AU,Huntersneakernam,spnoibat,new,Huntersneaker,HunterNova,Giày nam,Giày,NAM,Giày Thể Thao,Giày dép nam,Giày dép Hunter",Available,6,https://cdn.hstatic.net/products/1000230642/hsm015401trg__7__a9782c96c88646e4ac9a442e72cbe7d0.jpg,https://bitis.com.vn/products/giay-the-thao-nam-biti-s-hunter-nova-mau-trang-hsm015401trg
1076020805,Giày Thể Thao Nam Biti's Hunter Nova Màu Đen HSM015401DEN,860000,HUNTER,Giày Thể Thao,"newhunter,Giày Thể Thao,new,spnoibat,kho:online,NAM,Huntersneakernam,Giày nam,BST New,Giày,Giày Hunter,HunterNova,Huntersneaker,26AU,Hunter Nam,Giày dép nam,Giày dép Hunter",Available,6,https://cdn.hstatic.net/products/1000230642/hsm015401den__1__bd1746f7d16740daa80d8973d21a7f18.jpg,https://bitis.com.vn/products/giay-the-thao-nam-biti-s-hunter-nova-mau-den-hsm015401den
1076020137,Giày Thể Thao Nữ Biti's Hunter Nova Màu Hồng Lợt HSW015400HOL,830000,HUNTER,Giày Thể Thao,"Huntersneaker,Giày Hunter,spnoibat,Huntersneakernu,26AU,HunterNova,Hunter,kho:online,Giày nữ,new,BST New,newhunter,NỮ,Giày dép nữ,Giày dép Hunter",Available,5,https://cdn.hstatic.net/products/1000230642/hsw015400hol__2__bee64ce03ace40aabc0b775288ab089e.jpg,https://bitis.com.vn/products/giay-the-thao-nu-biti-s-hunter-nova-mau-hong-lot-hsw015400hol
1076020122,Giày Thể Thao Nữ Biti's Hunter Nova Màu Xanh Dương HSW015400XDG,830000,HUNTER,Giày Thể Thao,"BST New,26AU,newhunter,new,Giày Hunter,Huntersneakernu,Huntersneaker,NỮ,kho:online,HunterNova,Hunter,Giày nữ,spnoibat,Giày dép nữ,Giày dép Hunter",Available,5,https://cdn.hstatic.net/products/1000230642/hsw015400xdg__2__a5915a5ab9544060ada1e08b591f0d59.jpg,https://bitis.com.vn/products/giay-the-thao-nu-biti-s-hunter-nova-mau-xanh-duong-hsw015400xdg
1075939953,Giày Thể Thao Bé Trai Biti's Spiderman Màu Xám BSB011498XAM,655000,Biti's,Giày Thể Thao,"new,BÉ TRAI,spnoibat,kho:online,TRẺ EM,26AU,Spiderman,Giày trẻ em,Giày dép trẻ em",Available,7,https://cdn.hstatic.net/products/1000230642/bsb011498xam__4__a695e1e790484bd6b6281fda0a80565f.jpg,https://bitis.com.vn/products/giay-the-thao-be-trai-biti-s-spiderman-mau-xam-bsb011498xam
1075938173,Giày Thể Thao Bé Trai Biti's Spiderman Màu Đỏ BSB011498DOO,655000,Biti's,Giày Thể Thao,"Giày trẻ em,26AU,spnoibat,new,Spiderman,BÉ TRAI,TRẺ EM,kho:online,Giày dép trẻ em",Available,7,https://cdn.hstatic.net/products/1000230642/bsb011498doo__4__0bfbba964b64442cb80e2dfe708c4cf5.jpg,https://bitis.com.vn/products/giay-the-thao-be-trai-biti-s-spiderman-mau-do-bsb011498doo
1075938005,Giày Thể Thao Bé Trai Biti's Cool Kid Màu Bạc BSB011000BAC,640000,Biti's,Giày Thể Thao,"26AU,new,TRẺ EM,kho:online,Cool,BÉ TRAI,spnoibat,Giày trẻ em,Giày dép trẻ em",Available,9,https://cdn.hstatic.net/products/1000230642/bsb011000bac__5__56dd18e242b148ed9da8287ea4454d26.jpg,https://bitis.com.vn/products/giay-the-thao-be-trai-biti-s-cool-kid-mau-bac-bsb011000bac
1075937996,Giày Thể Thao Bé Trai Biti's Cool Kid Màu Đen Full BSB011000DEF,640000,Biti's,Giày Thể Thao,"new,TRẺ EM,Cool,spnoibat,Giày trẻ em,BÉ TRAI,26AU,kho:online,Giày dép trẻ em",Available,9,https://cdn.hstatic.net/products/1000230642/bsb011000def__2__3f6e4182da5b4ab9b237427f85a9fe4c.jpg,https://bitis.com.vn/products/giay-the-thao-be-trai-biti-s-cool-kid-mau-den-full-bsb011000def
1075937531,Giày Sandal Bé Trai Biti's Basic Màu Đen BYB000900DEN,370000,Biti's,Sandal Thông Dụng,"26AU,TRẺ EM,Sandal trẻ em,BÉ TRAI,new,BASIC,kho:online,Giày dép trẻ em",Available,9,https://cdn.hstatic.net/products/1000230642/byb000900den__5__b33e3eaadd6340a785d0f52262f67ff5.jpg,https://bitis.com.vn/products/giay-sandal-be-trai-biti-s-basic-mau-den-byb000900den
1075936850,Giày Thể Thao Bé Trai Biti's Cool Kid Màu Xanh Nhớt BSB011300XNH,525000,Biti's,Giày Thể Thao,"Giày trẻ em,BÉ TRAI,Cool,TRẺ EM,new,26Au,spnoibat,Giày dép trẻ em,kho:online",Available,10,https://cdn.hstatic.net/products/1000230642/bsb011300xnh__3__ff62a2a3ab15410fa54220ab90e8ed27.jpg,https://bitis.com.vn/products/giay-the-thao-be-trai-biti-s-cool-kid-mau-xanh-nhot-bsb011300xnh
1075936839,Giày Thể Thao Bé Trai Biti's Cool Kid Màu Đen Full BSB011300DEF,525000,Biti's,Giày Thể Thao,"new,26Au,BÉ TRAI,Giày trẻ em,TRẺ EM,Cool,spnoibat,Giày dép trẻ em,kho:online",Available,10,https://cdn.hstatic.net/products/1000230642/bsb011300def__4__6b85d0e2609943ac93cc6c7edf4b2f16.jpg,https://bitis.com.vn/products/giay-the-thao-be-trai-biti-s-cool-kid-mau-den-full-bsb011300def
1075925189,Giày Thể Thao Bé Trai Biti's Basic Màu Xanh Nhớt BSB011500XNH,495000,Biti's,Giày Thể Thao,"BÉ TRAI,Giày Thể Thao,spnoibat,Giày trẻ em,BASIC,TRẺ EM,kho:online,new,26AU,Giày dép trẻ em",Available,9,https://cdn.hstatic.net/products/1000230642/bsb011500xnh__3__3ca536a4e27943a3928e76b15d69f394.jpg,https://bitis.com.vn/products/giay-the-thao-be-trai-biti-s-basic-mau-xanh-nhot-bsb011500xnh
1075925011,Giày Thể Thao Bé Trai Biti's Basic Màu Xám BSB011500XAM,495000,Biti's,Giày Thể Thao,"new,TRẺ EM,BÉ TRAI,BASIC,Giày Thể Thao,kho:online,Giày trẻ em,26AU,spnoibat,Giày dép trẻ em",Available,9,https://cdn.hstatic.net/products/1000230642/bsb011500xam__7__3ad45ddb5c0840d184e166cc64195325.jpg,https://bitis.com.vn/products/giay-the-thao-be-trai-biti-s-basic-mau-xam-bsb011500xam
1075924862,Giày Thể Thao Bé Trai Biti's Basic Màu Đen Full BSB011500DEF,495000,Biti's,Giày Thể Thao,"26AU,Giày Thể Thao,BÉ TRAI,BASIC,kho:online,new,TRẺ EM,Giày trẻ em,spnoibat,Giày dép trẻ em",Available,9,https://cdn.hstatic.net/products/1000230642/bsb011500def__7__5dadfef896514c058cd770cb50b621a8.jpg,https://bitis.com.vn/products/giay-the-thao-be-trai-biti-s-basic-mau-den-full-bsb011500def
1075922434,Giày Búp Bê Nữ Biti's Glowy Màu Trắng BBW004600TRG,510000,Biti's,Giày Búp Bê,"Giày nữ,GLOWY,spnoibat,NỮ,26AU,kho:online,new,Giày dép nữ",Available,6,https://cdn.hstatic.net/products/1000230642/bbw004600trg__1__d4f38efe7eba4dcdb69c62b06692aab2.jpg,https://bitis.com.vn/products/giay-bup-be-nu-biti-s-glowy-mau-trang-bbw004600trg
1075922292,Giày Búp Bê Nữ Biti's Glowy Màu Hồng BBW004600HOG,510000,Biti's,Giày Búp Bê,"new,Giày nữ,NỮ,26AU,GLOWY,kho:online,spnoibat,Giày dép nữ",Available,6,https://cdn.hstatic.net/products/1000230642/bbw004600hog__5__edd3a0beb6994ddb918b1c92bde12213.jpg,https://bitis.com.vn/products/giay-bup-be-nu-biti-s-glowy-mau-hong-bbw004600hog
1075922210,Giày Búp Bê Nữ Biti's Glowy Màu Đen Full BBW004600DEF,510000,Biti's,Giày Búp Bê,"new,GLOWY,P_15/08/2026,NỮ,spnoibat,26AU,Giày nữ,kho:online",Available,6,https://cdn.hstatic.net/products/1000230642/bbw004600def__5__1e93f216b6cd4737938022109e44ee0c.jpg,https://bitis.com.vn/products/giay-bup-be-nu-biti-s-glowy-mau-den-full-bbw004600def
1075920232,Giày Thể Thao Nữ Biti's Hunter Street Màu Hồng HSW008602HOG,735000,HUNTER,Giày Thể Thao,"Giày Hunter,BST New,Hunter Street,NỮ,Hunter,kho:online,Giày nữ,newhunter,new,26AU,Huntersneakernu,spnoibat,Giày dép nữ,Giày dép Hunter",Available,5,https://cdn.hstatic.net/products/1000230642/hsw008602hog__1__07fb967c38d14a4cb9379aff222ea43c.jpg,https://bitis.com.vn/products/giay-the-thao-nu-biti-s-hunter-street-mau-hong-hsw008602hog
1075920136,Giày Thể Thao Nữ Biti's Hunter Street Màu Trắng HSW008602TRG,735000,HUNTER,Giày Thể Thao,"Hunter Street,kho:online,spnoibat,26AU,Hunter,new,Giày Hunter,Huntersneakernu,newhunter,BST New,NỮ,Giày nữ,Giày dép nữ,Giày dép Hunter",Available,5,https://cdn.hstatic.net/products/1000230642/hsw008602trg__1__529c5f375cba46839c815801f5e2af80.jpg,https://bitis.com.vn/products/giay-the-thao-nu-biti-s-hunter-street-mau-trang-hsw008602trg
1075919454,Giày Thể Thao Nam Biti's Hunter Street Màu Trắng HSM008602TRG,765000,HUNTER,Giày Thể Thao,"newhunter,Hunter Nam,spnoibat,Huntersneakernam,new,BST New,kho:online,Hunter,Giày nam,Hunter Street,26AU,Huntersneaker,Giày Hunter,Hunter Street Nam,NAM,Giày dép nam,Giày dép Hunter",Available,7,https://cdn.hstatic.net/products/1000230642/hsm008602trg__3__7c8deb164b4243ed935a70f30001b180.jpg,https://bitis.com.vn/products/giay-the-thao-nam-biti-s-hunter-street-mau-trang-hsm008602trg
1075919168,Giày Thể Thao Nam Biti's Hunter Street Màu Nâu Đậm HSM008602NAD,765000,HUNTER,Giày Thể Thao,"new,Giày nam,spnoibat,kho:online,Giày Hunter,Hunter Nam,newhunter,Huntersneaker,26AU,BST New,Huntersneakernam,Hunter Street Nam,NAM,Hunter,Hunter Street,Giày dép nam,Giày dép Hunter",Available,7,https://cdn.hstatic.net/products/1000230642/hsm008602nad__4__40504f71587343ec87b17bc584429ad8.jpg,https://bitis.com.vn/products/giay-the-thao-nam-biti-s-hunter-street-mau-nau-dam-hsm008602nad
1075861423,Giày Sandal Nam Biti's City Màu Đen BEM005000DEN,450000,Biti's,Sandal Thông Dụng,"kho:online,City,new,NAM,spnoibat,Sandal,26AU,Giày dép nam",Available,6,https://cdn.hstatic.net/products/1000230642/bem005000den_b3ca8db8e3b04ad5917eace8ddf390b3.jpg,https://bitis.com.vn/products/giay-sandal-nam-biti-s-city-mau-den-bem005000den
1075860308,Giày Sandal Bé Gái Bit's Disney Màu Kem BEG008497KEM,480000,Biti's,Sandal Thông Dụng,"new,Sandal trẻ em,TRẺ EM,BÉ GÁI,kho:online,spnoibat,Disney,26AU,Giày dép trẻ em",Available,9,https://cdn.hstatic.net/products/1000230642/beg008497kem__2__2bc6e7182f084f3482d41d8fdcd50089.jpg,https://bitis.com.vn/products/giay-sandal-be-gai-bit-s-disney-mau-kem-beg008497kem
1075859887,Giày Sandal Bé Gái Bit's Disney Màu Hồng BEG008497HOG,480000,Biti's,Sandal Thông Dụng,"BÉ GÁI,kho:online,Disney,26AU,new,spnoibat,TRẺ EM,Sandal trẻ em,Giày dép trẻ em",Available,9,https://cdn.hstatic.net/products/1000230642/beg008497hog__6__bab4a71561ce407caa5d636c7c81ee97.jpg,https://bitis.com.vn/products/giay-sandal-be-gai-bit-s-disney-mau-hong-beg008497hog
1075849903,Giày Sandal Bé Gái Biti's Lovely Màu Xanh Lá Cây BEG007700XLC,360000,Biti's,Sandal Thông Dụng,"Sandal trẻ em,Lovely,new,26AU,kho:online,spnoibat,BÉ GÁI,TRẺ EM,Giày dép trẻ em",Available,9,https://cdn.hstatic.net/products/1000230642/beg007700xlc__2__722ef0fb6ceb40c4b4e9914a3ce0ff45.jpg,https://bitis.com.vn/products/giay-sandal-be-gai-biti-s-lovely-mau-xanh-la-cay-beg007700xlc
1075849877,Giày Sandal Bé Gái Biti's Lovely Màu Kem BEG007700KEM,360000,Biti's,Sandal Thông Dụng,"new,kho:online,BÉ GÁI,Sandal trẻ em,spnoibat,TRẺ EM,26AU,Lovely,Giày dép trẻ em",Available,9,https://cdn.hstatic.net/products/1000230642/beg007700kem__1__d8ea658411cc469bb1bb35fe8d51611e.jpg,https://bitis.com.vn/products/giay-sandal-be-gai-biti-s-lovely-mau-kem-beg007700kem
1075849399,Giày Sandal Bé Gái Biti's Lovely Màu Xanh Ngọc BEG004100XNG,290000,Biti's,Sandal Thông Dụng,"kho:online,spnoibat,26AU,TRẺ EM,BÉ GÁI,Sandal trẻ em,new,Giày dép trẻ em",Available,5,https://cdn.hstatic.net/products/1000230642/beg004100xng__1__35b3718a70ac4c95907e73ccd7f7ec27.jpg,https://bitis.com.vn/products/giay-sandal-be-gai-biti-s-lovely-mau-xanh-ngoc-beg004100xng
1075849055,Dép Bé Trai Biti's Dino Màu Xanh Nhớt BEB008700XNH,165000,Biti's,Dép Thông Dụng,"26AU,spnoibat,Dino,TRẺ EM,new,Dép,BÉ TRAI,kho:online,Giày dép trẻ em",Available,10,https://cdn.hstatic.net/products/1000230642/beb008700xnh__1__9f6dd19abc5a4e6eb8f75317d67779e5.jpg,https://bitis.com.vn/products/dep-be-trai-biti-s-dino-mau-xanh-nhot-beb008700xnh
1075849009,Dép Bé Trai Biti's Dino Màu Xám Lợt BEB008700XAL,165000,Biti's,Dép Thông Dụng,"26AU,new,spnoibat,BÉ TRAI,kho:online,TRẺ EM,Dino,Dép,Giày dép trẻ em",Available,10,https://cdn.hstatic.net/products/1000230642/beb008700xal__2__0561cbffb69e4219a8400012f8917a06.jpg,https://bitis.com.vn/products/dep-be-trai-biti-s-dino-mau-xam-lot-beb008700xal
1075842688,Giày Thể Thao Nữ Biti's Hunter Pulse Màu Xanh Dương HSW016200XDG,950000,HUNTER,Giày Thể Thao,"NỮ,Giày nữ,BST New,26AU,kho:online,newhunter,new,Giày Hunter,Hunter Pulse,Huntersneaker,Huntersneakernu,Hunter,spnoibat,Giày dép nữ,Giày dép Hunter",Available,5,https://cdn.hstatic.net/products/1000230642/hsw016200xdg__1__c839f7226db947e194fe437419bbb1bd.jpg,https://bitis.com.vn/products/giay-the-thao-nu-biti-s-hunter-pulse-mau-xanh-duong-hsw016200xdg
1075842523,Giày Thể Thao Nữ Biti's Hunter Pulse Màu Tím HSW016200TIM,950000,HUNTER,Giày Thể Thao,"BST New,new,Hunter Pulse,26AU,spnoibat,Huntersneaker,kho:online,NỮ,Giày nữ,Giày Hunter,Hunter,Huntersneakernu,newhunter,Giày dép nữ,Giày dép Hunter",Available,5,https://cdn.hstatic.net/products/1000230642/hsw016200tim__1__e39c43cd85a941ac8db8609766fc4b8d.jpg,https://bitis.com.vn/products/giay-the-thao-nu-biti-s-hunter-pulse-mau-tim-hsw016200tim
1075842481,Giày Thể Thao Nữ Biti's Hunter Pulse Màu Đen HSW016200DEN,950000,HUNTER,Giày Thể Thao,"Hunter,newhunter,Giày nữ,new,Giày Hunter,Huntersneaker,Hunter Pulse,NỮ,Huntersneakernu,spnoibat,BST New,26AU,kho:online,Giày dép nữ,Giày dép Hunter",Available,5,https://cdn.hstatic.net/products/1000230642/hsw016200den__1__8e64fffd25a043be896225b1a191028f.jpg,https://bitis.com.vn/products/giay-the-thao-nu-biti-s-hunter-pulse-mau-den-hsw016200den
1075842032,Giày Thể Thao Nam Biti's Hunter Pulse Màu Xám HSM016200XAM,950000,HUNTER,Giày Thể Thao,"26AU,Hunter Pulse,Huntersneaker,Hunter Nam,Hunter,newhunter,BST New,Huntersneakernam,Giày Hunter,new,spnoibat,Giày nam,kho:online,NAM,Giày dép nam,Giày dép Hunter",Available,6,https://cdn.hstatic.net/products/1000230642/hsm016200xam__1__2ab38574472b40eb96598266a3f19265.jpg,https://bitis.com.vn/products/giay-the-thao-nam-biti-s-hunter-pulse-mau-xam-hsm016200xam
1075841873,Giày Thể Thao Nam Biti's Hunter Pulse Màu Xám Lợt HSM016200XAL,950000,HUNTER,Giày Thể Thao,"BST New,Hunter Nam,Hunter Pulse,Giày Hunter,new,spnoibat,newhunter,kho:online,NAM,26AU,Hunter,Huntersneakernam,Giày nam,Huntersneaker,Giày dép nam,Giày dép Hunter",Available,6,https://cdn.hstatic.net/products/1000230642/hsm016200xal__1__d0be56ed931f477cb74e3d07ad9b1f1f.jpg,https://bitis.com.vn/products/giay-the-thao-nam-biti-s-hunter-pulse-mau-xam-lot-hsm016200xal
1075841707,Giày Thể Thao Nam Biti's Hunter 9Life Màu Đen HSM016200DEN,950000,HUNTER,Giày Thể Thao,"spnoibat,new,Hunter Nam,BST New,Hunter,NAM,kho:online,Huntersneakernam,newhunter,26AU,Huntersneaker,Giày Hunter,Giày nam,Giày dép nam,Giày dép Hunter,Hunter 9Life",Available,6,https://cdn.hstatic.net/products/1000230642/hsm016200den__6__1307bc36802e4e9e8ccca3d176f312c4.jpg,https://bitis.com.vn/products/giay-the-thao-nam-biti-s-hunter-9life-mau-den-hsm016200den
1075840776,Giày Thể Thao Nam Biti's Hunter Stridex Màu Đen HSM015901DEN,835000,HUNTER,Giày Thể Thao,"Huntersneakernam,Giày Hunter,kho:online,spnoibat,26AU,newhunter,BST New,NAM,Hunter Nam,Huntersneaker,Hunter,new,Giày dép nam,Giày dép Hunter,Stridex",Available,6,https://cdn.hstatic.net/products/1000230642/hsm015901den__4__e8a08a1bd3934f27a83ce2898579e15c.jpg,https://bitis.com.vn/products/giay-the-thao-nam-biti-s-hunter-stridex-mau-den-hsm015901den
1075838532,Giày Thể Thao Nữ Biti's Hunter Stridex Màu Hồng Lợt HSW015900HOL,805000,HUNTER,Giày Thể Thao,"BST New,newhunter,Huntersneakernu,Giày Hunter,26AU,kho:online,Hunter,new,Huntersneaker,NỮ,Giày nữ,spnoibat,Giày dép nữ,Giày dép Hunter,Stridex",Available,4,https://cdn.hstatic.net/products/1000230642/hsw015900hol__1__c30ab51b902d4ba3bcc0621fb01d5611.jpg,https://bitis.com.vn/products/giay-the-thao-nu-biti-s-hunter-stridex-mau-hong-lot-hsw015900hol
1075838461,Giày Thể Thao Nữ Biti's Hunter Stridex Màu Đỏ HSW015900DOO,805000,HUNTER,Giày Thể Thao,"BST New,Hunter,spnoibat,Giày Hunter,newhunter,new,Huntersneaker,26AU,NỮ,kho:online,Giày nữ,Huntersneakernu,Giày dép nữ,Giày dép Hunter,Stridex",Available,4,https://cdn.hstatic.net/products/1000230642/hsw015900doo__1__41c3f1dd7a5944e38b469215ea67f11b.jpg,https://bitis.com.vn/products/giay-the-thao-nu-biti-s-hunter-stridex-mau-do-hsw015900doo
1075838276,Giày Thể Thao Nữ Biti's Hunter Stridex Màu Bạc HSW015900BAC,805000,HUNTER,Giày Thể Thao,"kho:online,Hunter,Giày nữ,Giày Hunter,new,Huntersneakernu,spnoibat,BST New,newhunter,NỮ,Huntersneaker,26AU,Giày dép nữ,Giày dép Hunter,Stridex",Available,4,https://cdn.hstatic.net/products/1000230642/hsw015900bac__1__f3dbf5d2293f4f99927613c26a51baa8.jpg,https://bitis.com.vn/products/giay-the-thao-nu-biti-s-hunter-stridex-mau-bac-hsw015900bac
1075837255,Giày Thể Thao Nam Biti's Hunter Stridex Màu Bạc HSM015900BAC,835000,HUNTER,Giày Thể Thao,"BST New,Hunter Nam,newhunter,Huntersneakernam,NAM,new,Giày nam,26AU,spnoibat,Hunter,Huntersneaker,Giày Hunter,Giày dép nam,Giày dép Hunter,kho:online,Stridex",Available,6,https://cdn.hstatic.net/products/1000230642/hsm015900bac__1__11975a32ec2446bcb79f6e8c22761410.jpg,https://bitis.com.vn/products/giay-the-thao-nam-biti-s-hunter-stridex-mau-bac-hsm015900bac
1075837216,Giày Thể Thao Nam Biti's Hunter Stridex Màu Nâu HSM015900NAU,835000,HUNTER,Giày Thể Thao,"Giày Hunter,Huntersneakernam,Hunter,26AU,NAM,BST New,new,Giày nam,newhunter,spnoibat,Hunter Nam,Huntersneaker,Giày dép nam,Giày dép Hunter,Stridex,kho:online",Available,6,https://cdn.hstatic.net/products/1000230642/hsm015900nau__1__066ea258d5ec4b7f9260934e0c061903.jpg,https://bitis.com.vn/products/giay-the-thao-nam-biti-s-hunter-stridex-mau-nau-hsm015900nau
1075801259,Dép Bé Trai Biti's Spiderman Màu Xanh Nhớt BEB008698XNH,210000,Biti's,Dép Thông Dụng,"kho:online,new,Spiderman,26AU,Dép,spnoibat,TRẺ EM,BÉ TRAI,Giày dép trẻ em",Available,8,https://cdn.hstatic.net/products/1000230642/beb008698xnh__2__34dd5d40ad2d4fbd97e8b8bfd958458e.jpg,https://bitis.com.vn/products/dep-be-trai-biti-s-spiderman-mau-xanh-nhot-beb008698xnh
1075801258,Dép Bé Trai Biti's Spiderman Màu Đỏ BEB008698DOO,210000,Biti's,Dép Thông Dụng,"Dép,BÉ TRAI,26AU,new,Spiderman,TRẺ EM,spnoibat,kho:online,Giày dép trẻ em",Available,8,https://cdn.hstatic.net/products/1000230642/beb008698doo__2__7d28bb5b94d746a09460ec5f157e0f19.jpg,https://bitis.com.vn/products/dep-be-trai-biti-s-spiderman-mau-do-beb008698doo
1075801206,Giày Sandal Bé Trai Biti's Spiderman Màu Xanh Nhớt BEB008598XNH,475000,Biti's,Sandal Thông Dụng,"Sandal trẻ em,26AU,Sandal Thông Dụng,spnoibat,Spiderman,kho:online,new,TRẺ EM,BÉ TRAI,Giày dép trẻ em",Available,6,https://cdn.hstatic.net/products/1000230642/beb008598xnh__2__37fb04a1575845839d22e4be50b93eac.jpg,https://bitis.com.vn/products/giay-sandal-be-trai-biti-s-spiderman-mau-xanh-nhot-beb008598xnh
1075801204,Giày Sandal Bé Trai Biti's Spiderman Màu Xám BEB008598XAM,475000,Biti's,Sandal Thông Dụng,"kho:online,Spiderman,TRẺ EM,new,Sandal Thông Dụng,spnoibat,Sandal trẻ em,26AU,BÉ TRAI,Giày dép trẻ em",Available,6,https://cdn.hstatic.net/products/1000230642/beb008598xam__2__5b438c9b703e4a80a8670b5eb9e2bd58.jpg,https://bitis.com.vn/products/giay-sandal-be-trai-biti-s-spiderman-mau-xam-beb008598xam
1075801202,Giày Sandal Bé Trai Biti's Spiderman Màu Đỏ BEB008598DOO,475000,Biti's,Sandal Thông Dụng,"Spiderman,spnoibat,TRẺ EM,new,Sandal Thông Dụng,kho:online,26AU,Sandal trẻ em,BÉ TRAI,Giày dép trẻ em",Available,6,https://cdn.hstatic.net/products/1000230642/beb008598doo__2__f84c124796e9471daf574b0aded35e95.jpg,https://bitis.com.vn/products/giay-sandal-be-trai-biti-s-spiderman-mau-do-beb008598doo
1075801173,Dép Trẻ Em Biti's Dino Màu Xanh Lá Cây BEB008400XLC,245000,Biti's,Dép Thông Dụng,"TRẺ EM,Dino,kho:online,Dép,spnoibat,26AU,BÉ TRAI,BÉ GÁI,new,Giày dép trẻ em",Available,8,https://cdn.hstatic.net/products/1000230642/beb008400xlc__7__c03420cf08f84810888c03b0613db9eb.jpg,https://bitis.com.vn/products/dep-tre-em-biti-s-dino-mau-xanh-la-cay-beb008400xlc
1075801171,Dép Trẻ Em Biti's Dino Màu Đen BEB008400DEN,245000,Biti's,Dép Thông Dụng,"Dép,kho:online,Dino,TRẺ EM,BÉ TRAI,spnoibat,new,BÉ GÁI,26AU,Giày dép trẻ em",Available,8,https://cdn.hstatic.net/products/1000230642/beb008400den__7__027e386516024dd9adbb1c0fb7990787.jpg,https://bitis.com.vn/products/dep-tre-em-biti-s-dino-mau-den-beb008400den
1075801063,Giày Sandal Teen Nam Biti's Helio Màu Xanh Dương BEB008301XDG,555000,Helio,Sandal Thông Dụng,"Sandalteennam,26AU,spnoibat,new,Teennam,Sandal,NAM,Helio,kho:online,Sandal Thông Dụng,Giày dép nam",Available,6,https://cdn.hstatic.net/products/1000230642/beb008301xdg__2__29136548801842319582190cd9b87269.jpg,https://bitis.com.vn/products/giay-sandal-teen-nam-biti-s-helio-mau-xanh-duong-beb008301xdg
1075801038,Giày Búp Bê Bé Gái Biti's Lovely Màu Trắng Full BBG002200TRF,475000,Biti's,Giày Búp Bê,"new,Lovely,BÉ GÁI,spnoibat,Giày trẻ em,TRẺ EM,26AU,KHO:ONLINE,Giày dép trẻ em",Available,8,https://cdn.hstatic.net/products/1000230642/bbg002200trf__7__283b5099dc7342ca9e8d077bed32605b.jpg,https://bitis.com.vn/products/giay-bup-be-be-gai-biti-s-lovely-mau-trang-full-bbg002200trf
1075801033,Giày Búp Bê Bé Gái Biti's Lovely Màu Kem BBG002200KEM,475000,Biti's,Giày Búp Bê,"Lovely,KHO:ONLINE,new,26AU,TRẺ EM,Giày trẻ em,BÉ GÁI,spnoibat,Giày dép trẻ em",Available,8,https://cdn.hstatic.net/products/1000230642/bbg002200kem__7__45ca0e69e96a466f820b049fe5874d9c.jpg,https://bitis.com.vn/products/giay-bup-be-be-gai-biti-s-lovely-mau-kem-bbg002200kem
1075800294,Giày Búp Bê Bé Gái Biti's Lovely Màu Đen Full BBG002200DEF,475000,Biti's,Giày Búp Bê,"Giày trẻ em,TRẺ EM,spnoibat,BÉ GÁI,26AU,Lovely,new,Giày dép trẻ em,kho:online",Available,8,https://cdn.hstatic.net/products/1000230642/bbg002200def__7__ea31e01df04f4cf59c595e2bebf1bad5.jpg,https://bitis.com.vn/products/giay-bup-be-be-gai-biti-s-lovely-mau-den-full-bbg002200def
1075799217,Giày Sandal Bé Gái Biti's Lovely Màu Kem BEG004100KEM,290000,Biti's,Sandal Thông Dụng,"TRẺ EM,spnoibat,Lovely,BÉ GÁI,26AU,kho:online,Sandal trẻ em,new,Giày dép trẻ em",Available,5,https://cdn.hstatic.net/products/1000230642/beg004100kem__1__172cf281112048f089956a22da9c2baf.jpg,https://bitis.com.vn/products/giay-sandal-be-gai-biti-s-lovely-mau-kem-beg004100kem
1075799214,Giày Sandal Bé Gái Biti's Lovely Màu Hồng Lợt BEG004100HOL,290000,Biti's,Sandal Thông Dụng,"kho:online,BÉ GÁI,spnoibat,Lovely,Sandal trẻ em,26AU,new,TRẺ EM,Giày dép trẻ em",Available,5,https://cdn.hstatic.net/products/1000230642/beg004100hol__2__8f9a6bb655524ce8bba21935797be5c8.jpg,https://bitis.com.vn/products/giay-sandal-be-gai-biti-s-lovely-mau-hong-lot-beg004100hol
1075793592,Giày Thể Thao Nam Biti's Hunter Nova Màu Xám Lợt HSM015400XAL,860000,HUNTER,Giày Thể Thao,"Hunter,newhunter,kho:online,new,26AU,NAM,Hunter Nam,Huntersneaker,Huntersneakernam,HunterNova,Giày nam,spnoibat,BST New,Giày Hunter,Giày dép nam,Giày dép Hunter",Available,6,https://cdn.hstatic.net/products/1000230642/hsm015400xal__3__9cb8f053df8740ce93ff13050c4685e1.jpg,https://bitis.com.vn/products/giay-the-thao-nam-biti-s-hunter-nova-mau-xam-lot-hsm015400xal
1075793582,Túi Đeo Biti's Hunter Linear Màu Nâu HBSM01500NAU,525000,HUNTER,Túi Đeo,"Tuihunter,new,Phụ kiện nam,Phụ kiện nữ,newhunter,Hunter,Phụ kiện Hunter,26AU,spnoibat,Phụ kiện,kho:online,Phukien,NAM,BST New,Linear,NỮ",Available,1,https://cdn.hstatic.net/products/1000230642/hbsm01500nau__3__64a8387785fd4cd4a04ed65793b881d5.jpg,https://bitis.com.vn/products/tui-deo-biti-s-hunter-linear-mau-nau-hbsm01500nau
1075793579,Túi Đeo Biti's Hunter Linear Màu Đen HBSM01500DEN,525000,HUNTER,Túi Đeo,"Tuihunter,new,NAM,kho:online,Phụ kiện Hunter,BST New,spnoibat,Linear,Phụ kiện,Phukien,newhunter,Phụ kiện nam,NỮ,Hunter,26AU,Phụ kiện nữ",Available,1,https://cdn.hstatic.net/products/1000230642/hbsm01500den__2__22f2f646d5a44ff1837b195a844a5cea.jpg,https://bitis.com.vn/products/tui-deo-biti-s-hunter-linear-mau-den-hbsm01500den
1075793479,Dép Nữ Biti's Màu Nâu BYW001200NAU,425000,Biti's,Dép Thông Dụng,"kho:online,Depnu,26AU,Dép nữ,new,NỮ,Giày dép nữ",Available,6,https://cdn.hstatic.net/products/1000230642/byw001200nau__2__baf600f702044884be6bff48cd97b46e.jpg,https://bitis.com.vn/products/dep-nu-biti-s-mau-nau-byw001200nau
1075793475,Dép Nữ Biti's Màu Đen BYW001200DEN,425000,Biti's,Dép Thông Dụng,"Dép nữ,Depnu,new,NỮ,kho:online,26AU,Giày dép nữ",Available,6,https://cdn.hstatic.net/products/1000230642/byw001200den_ddc1ca898e31453cbafe9e06c8022234.jpg,https://bitis.com.vn/products/dep-nu-biti-s-mau-den-byw001200den
1075793454,Giày Sandal Bé Trai Biti's Basic Màu Xanh Nhớt BYB000900XNH,370000,Biti's,Sandal Thông Dụng,"spnoibat,Sandal,new,BASIC,BÉ TRAI,TRẺ EM,Sandal trẻ em,kho:online,26AU,Giày dép trẻ em",Available,9,https://cdn.hstatic.net/products/1000230642/byb000900xnh__6__d2d5b4d48c5640a8b708579b80220bb9.jpg,https://bitis.com.vn/products/giay-sandal-be-trai-biti-s-basic-mau-xanh-nhot-byb000900xnh
1075793413,Dép Nam Biti's Daily Màu Nâu Đậm BRM003877NAD,455000,Biti's,Dép Thông Dụng,"new,NAM,DAILY,spnoibat,Dép nam,kho:online,26AU,Giày dép nam",Available,6,https://cdn.hstatic.net/products/1000230642/brm003877nad__2__d8c237764a18427891712ca4b3a79a14.jpg,https://bitis.com.vn/products/dep-nam-biti-s-daily-mau-nau-dam-brm003877nad
1075793411,Dép Nam Biti's Daily Màu Đen BRM003877DEN,455000,Biti's,Dép Thông Dụng,"new,kho:online,26AU,DAILY,spnoibat,NAM,Dép nam,Giày dép nam",Available,6,https://cdn.hstatic.net/products/1000230642/brm003877den__2__649c0cfdae8a497fa966b81c32655cac.jpg,https://bitis.com.vn/products/dep-nam-biti-s-daily-mau-den-brm003877den
1075793383,Giày Sandal Nữ Bit's Glowy Màu Đen Full BPW009200DEF,790000,Biti's,Sandal Thông Dụng,"26AU,NỮ,GLOWY,Sandalnu,new,kho:online,spnoibat,Giày dép nữ",Available,6,https://cdn.hstatic.net/products/1000230642/bpw009200def__6__e946357ab5e3464a8a3ba4861069cae0.jpg,https://bitis.com.vn/products/giay-sandal-nu-bit-s-glowy-mau-den-full-bpw009200def
1075793381,Giày Sandal Nữ Bit's Glowy Màu Trắng BPW009200TRG,790000,Biti's,Sandal Thông Dụng,"Sandalnu,GLOWY,NỮ,spnoibat,new,kho:online,26AU,Giày dép nữ",Available,6,https://cdn.hstatic.net/products/1000230642/bpw009200trg__6__1da9603a9f7e43d6aeebd1fd581c408e.jpg,https://bitis.com.vn/products/giay-sandal-nu-bit-s-glowy-mau-trang-bpw009200trg
1075788777,Giày Sandal Nữ Biti's Glowy Màu Nâu BPW008988NAU,640000,Biti's,Sandal Thông Dụng,"kho:online,Sandalnu,new,GLOWY,spnoibat,26AU,Sandal,NỮ,Giày dép nữ",Available,6,https://cdn.hstatic.net/products/1000230642/bpw008988nau__6__6147ad3cf9d04347b78c5fe0c9b257a3.jpg,https://bitis.com.vn/products/giay-sandal-nu-biti-s-glowy-mau-nau-bpw008988nau
1075788773,Giày Sandal Nữ Biti's Glowy Màu Đen Full BPW008988DEF,640000,Biti's,Sandal Thông Dụng,"kho:online,NỮ,GLOWY,Sandal,new,Sandalnu,26AU,spnoibat,Giày dép nữ",Available,6,https://cdn.hstatic.net/products/1000230642/bpw008988def__2__7a26688bbe27423182e7a0551ec403e5.jpg,https://bitis.com.vn/products/giay-sandal-nu-biti-s-glowy-mau-den-full-bpw008988def
1075788678,Dép Nữ Biti's Màu Kem BPW008700KEM,270000,Biti's,Dép Thông Dụng,"Dép nữ,new,NỮ,26AU,kho:online,Depnu,Giày dép nữ",Available,5,https://cdn.hstatic.net/products/1000230642/bpw008700kem__2__be6ce211a25a43f28d3f8b15944dd5a6.jpg,https://bitis.com.vn/products/dep-nu-biti-s-mau-kem-bpw008700kem
1075788652,Dép Nữ Biti's Màu Đen Full BPW008700DEF,270000,Biti's,Dép Thông Dụng,"Depnu,new,26AU,Dép nữ,kho:online,NỮ,Giày dép nữ",Available,5,https://cdn.hstatic.net/products/1000230642/bpw008700def__6__34d23eade0024e7aa072c0bf4286a228.jpg,https://bitis.com.vn/products/dep-nu-biti-s-mau-den-full-bpw008700def
1075788646,Dép Nữ Biti's Màu Cam BPW008700CAM,270000,Biti's,Dép Thông Dụng,"kho:online,Dép nữ,Depnu,new,26AU,NỮ,Giày dép nữ",Available,5,https://cdn.hstatic.net/products/1000230642/bpw008700cam__2__93e239c4d0f74bc49e57559f02778baa.jpg,https://bitis.com.vn/products/dep-nu-biti-s-mau-cam-bpw008700cam
1075788560,Giày Sandal Nữ Biti's Sandy Màu Xám Lợt BEW005000XAL,450000,Biti's,Sandal Thông Dụng,"kho:online,NỮ,new,Sandalnu,26AU,SANDY,spnoibat,Giày dép nữ",Available,6,https://cdn.hstatic.net/products/1000230642/bew005000xal__4__cd6b65a88f57473b82ab8b7e59224a64.jpg,https://bitis.com.vn/products/giay-sandal-nu-biti-s-sandy-mau-xam-lot-bew005000xal
1075788555,Giày Sandal Nữ Biti's Sandy Màu Kem BEW005000KEM,450000,Biti's,Sandal Thông Dụng,"new,spnoibat,Sandalnu,NỮ,26AU,kho:online,SANDY,Giày dép nữ",Available,6,https://cdn.hstatic.net/products/1000230642/bew005000kem__4__94504878bed14be0a126ee03fd03a46e.jpg,https://bitis.com.vn/products/giay-sandal-nu-biti-s-sandy-mau-kem-bew005000kem
1075788456,Giày Sandal Nam Biti's City Màu Xám BEM005000XAM,450000,Biti's,Sandal Thông Dụng,"NAM,City,spnoibat,Sandal,26AU,kho:online,new,Giày dép nam",Available,6,https://cdn.hstatic.net/products/1000230642/bem005000xam__2__bb68f43f38fb4caa8c488807a72c79c1.jpg,https://bitis.com.vn/products/giay-sandal-nam-biti-s-city-mau-xam-bem005000xam
1075788453,Giày Sandal Nam Biti's City Màu Nâu BEM005000NAU,450000,Biti's,Sandal Thông Dụng,"kho:online,City,NAM,Sandal,26AU,spnoibat,new,Giày dép nam",Available,6,https://cdn.hstatic.net/products/1000230642/bem005000nau__4__1e74c88a631c4f71b2bc2373100754a4.jpg,https://bitis.com.vn/products/giay-sandal-nam-biti-s-city-mau-nau-bem005000nau
1075788364,Giày Sandal Bé Trai Biti's Batman Màu Xám BEB009099XAM,380000,Biti's,Sandal Thông Dụng,"kho:online,new,TRẺ EM,Batman,BÉ GÁI,26AU,Sandal trẻ em,Giày dép trẻ em",Available,9,https://cdn.hstatic.net/products/1000230642/beb009099xam__5__164bf0fa19f6498a96d15e351a43fd4b.jpg,https://bitis.com.vn/products/giay-sandal-be-trai-biti-s-batman-mau-xam-beb009099xam
1075788352,Giày Sandal Bé Trai Biti's Batman Màu Đen BEB009099DEN,380000,Biti's,Sandal Thông Dụng,"Batman,26AU,kho:online,new,BÉ GÁI,Sandal trẻ em,TRẺ EM,Giày dép trẻ em",Available,9,https://cdn.hstatic.net/products/1000230642/beb009099den__5__4d7c81552ae0483db18fcbfdda4a6820.jpg,https://bitis.com.vn/products/giay-sandal-be-trai-biti-s-batman-mau-den-beb009099den
1075788243,Giày Búp Bê Bé Gái Biti's Lovely Màu Đen BBG002300DEN,375000,Biti's,Giày Búp Bê,"kho:online,TRẺ EM,new,Lovely,26AU,BÉ GÁI,Giày trẻ em,Giày dép trẻ em",Available,4,https://cdn.hstatic.net/products/1000230642/bbg002300den__4__f44d428ae6c54aa49e1ea6a44e9c3ee2.jpg,https://bitis.com.vn/products/giay-bup-be-be-gai-biti-s-lovely-mau-den-bbg002300den
1075788233,Giày Búp Bê Bé Gái Biti's Lovely Màu Hồng BBG002300HOG,375000,Biti's,Giày Búp Bê,"Lovely,TRẺ EM,kho:online,new,BÉ GÁI,26AU,Giày trẻ em,Giày dép trẻ em",Available,4,https://cdn.hstatic.net/products/1000230642/bbg002300hog__3__df04b1381024486593600f92f1654fba.jpg,https://bitis.com.vn/products/giay-bup-be-be-gai-biti-s-lovely-mau-hong-bbg002300hog
1075788039,Móc Khóa Helio - Lửa Màu Vàng Đậm BAKU01000VAD,115000,Helio,Khác,"new,Phụ kiện trẻ em,26AU,gaubong,Phukien,BÉ TRAI,kho:online,Phụ kiện,TRẺ EM,Helio,BÉ GÁI",Available,1,https://cdn.hstatic.net/products/1000230642/baku01000vad__2__c9246682dea145a8879bda8b38586653.jpg,https://bitis.com.vn/products/moc-khoa-helio-lua-mau-vang-dam-baku01000vad
1075688068,Vớ Cổ Cao Biti's Helio Crew Màu Đen BASU00100DEN,49000,Helio,Vớ,"new,Phụ kiện trẻ em,26AU,kho:online,Crew,Helio,TRẺ EM,Votreem,BÉ TRAI,BÉ GÁI",Available,1,https://cdn.hstatic.net/products/1000230642/basu00100den__4__50bc187d29e64dc4b89355d5c90cfc75.jpg,https://bitis.com.vn/products/vo-co-cao-biti-s-helio-crew-mau-den-basu00100den
1075688036,Vớ Cổ Cao Biti's Helio Crew Màu Trắng BASU00100TRG,49000,Helio,Vớ,"Helio,Phụ kiện trẻ em,26AU,BÉ TRAI,new,kho:online,Votreem,Crew,TRẺ EM,BÉ GÁI",Available,1,https://cdn.hstatic.net/products/1000230642/basu00100trg__4__81dfc8fa6c5e4c6ea110fe049488c3ba.jpg,https://bitis.com.vn/products/vo-co-cao-biti-s-helio-crew-mau-trang-basu00100trg
1075687981,Balo Biti's Màu Xám BBBU01400XAM,480000,Biti's,Balo,"Balo,new,NAM,26AU,Phụ kiện nữ,kho:online,Phụ kiện nam,Phụ kiện,NỮ",Available,1,https://cdn.hstatic.net/products/1000230642/bbbu01400xam__2__27ee74eb34274b4c92934ca843555f17.jpg,https://bitis.com.vn/products/balo-biti-s-mau-xam-bbbu01400xam
1075681642,Balo Biti's Màu Đen BBBU01400DEN,480000,Biti's,Balo,"Phụ kiện nam,NỮ,Phụ kiện,new,NAM,kho:online,26AU,Balo,Phụ kiện nữ",Available,1,https://cdn.hstatic.net/products/1000230642/bbbu01400den__2__12aba183046645bd8711882837e4d44e.jpg,https://bitis.com.vn/products/balo-biti-s-mau-den-bbbu01400den
1075680547,Túi Xách Nữ Bit's Heartlink Màu Xanh Dương BBTW00800XDG,257000,Biti's,Túi Xách,"Phukien,new,Tuixach,Heartlink,Phụ kiện,26AU,NỮ,kho:online,Phụ kiện nữ",Available,1,https://cdn.hstatic.net/products/1000230642/bbtw00800xdg__2__39fef3ba931543b998221c8e0cc897ab.jpg,https://bitis.com.vn/products/tui-xach-nu-bit-s-heartlink-mau-xanh-duong-bbtw00800xdg
1075680421,Túi Xách Nữ Bit's Heartlink Màu Xanh Lá Cây BBTW00800XLC,257000,Biti's,Túi Xách,"Phụ kiện nữ,kho:online,new,Phukien,NỮ,Tuixach,Phụ kiện,26AU,Heartlink",Available,1,https://cdn.hstatic.net/products/1000230642/bbtw00800xlc__2__fa25a44f18544d36977775f8111f4ce5.jpg,https://bitis.com.vn/products/tui-xach-nu-bit-s-heartlink-mau-xanh-la-cay-bbtw00800xlc
1075680090,Túi Xách Nữ Biti's Jane Màu Đen BBTW01000DEN,640000,Biti's,Túi Xách,"new,NỮ,kho:online,Jane,Phụ kiện nữ,Phukien,Tuixach,Phụ kiện,26AU",Available,1,https://cdn.hstatic.net/products/1000230642/bbtw01000den__2__d0e4ff5d717e4b8fa56c1d3a7e83c906.jpg,https://bitis.com.vn/products/tui-xach-nu-biti-s-jane-mau-den-bbtw01000den
1075679996,Túi Xách Nữ Biti's Jane Màu Kem BBTW01000KEM,640000,Biti's,Túi Xách,"NỮ,Tuixach,Jane,kho:online,Phụ kiện,26AU,Phụ kiện nữ,new,Phukien",Available,1,https://cdn.hstatic.net/products/1000230642/bbtw01000kem__2__8f447de1745b44bab1daecf2c7424136.jpg,https://bitis.com.vn/products/tui-xach-nu-biti-s-jane-mau-kem-bbtw01000kem
1075679838,Hộp Bút Biti's Helio Màu Xanh Đen BBWU00500DEN,155000,Helio,Khác,"Phukien,new,Phụ kiện trẻ em,kho:online,Helio,Phụ kiện,26AU",Available,1,https://cdn.hstatic.net/products/1000230642/bbwu00500den__2__615fb5e2975641f6846a05bf631e0657.jpg,https://bitis.com.vn/products/hop-but-biti-s-helio-mau-xanh-den-bbwu00500den
1075679780,Giày Thể Thao Bé Gái Biti's Basic Màu Kem BSG011600KEM,555000,Biti's,Giày Thể Thao,"kho:online,new,Giày,26AU,BASIC,Giày trẻ em,TRẺ EM,BÉ GÁI,Giày dép trẻ em",Available,11,https://cdn.hstatic.net/products/1000230642/bsg011600kem__6__9725c0363bb74a649cbd447de8c3032b.jpg,https://bitis.com.vn/products/giay-the-thao-be-gai-biti-s-basic-mau-kem-bsg011600kem
1075679741,Giày Thể Thao Bé Gái Biti's Basic Màu Hồng BSG011600HOG,555000,Biti's,Giày Thể Thao,"new,Giày trẻ em,Giày,TRẺ EM,kho:online,BASIC,26AU,BÉ GÁI,Giày dép trẻ em",Available,11,https://cdn.hstatic.net/products/1000230642/bsg011600hog__1__1034dc6ed005466f97736476631ae4b3.jpg,https://bitis.com.vn/products/giay-the-thao-be-gai-biti-s-basic-mau-hong-bsg011600hog
1075679699,Giày Thể Thao Bé Gái Biti's Cool Kids Màu Hồng BSG011700HOG,465000,Biti's,Giày Thể Thao,"new,Giày,kho:online,Giày trẻ em,TRẺ EM,26AU,Cool,BÉ GÁI,Giày dép trẻ em",Available,6,https://cdn.hstatic.net/products/1000230642/bsg011700hog__6__24a1c20f52de488cb68e141b485193de.jpg,https://bitis.com.vn/products/giay-the-thao-be-gai-biti-s-cool-kids-mau-hong-bsg011700hog
1075679638,Giày Thể Thao Bé Gái Biti's Cool Kids Màu Xám BSG011700XAM,465000,Biti's,Giày Thể Thao,"TRẺ EM,Giày trẻ em,26AU,kho:online,Cool,new,Giày,BÉ GÁI,Giày dép trẻ em",Available,4,https://cdn.hstatic.net/products/1000230642/bsg011700xam__3__7bc1149c329a4d979ae4d798b236846f.jpg,https://bitis.com.vn/products/giay-the-thao-be-gai-biti-s-cool-kids-mau-xam-bsg011700xam
1075679188,Giày Thể Thao Nữ Biti's Màu Xám BSW005200XAM,749000,Biti's,Giày Thể Thao,"Giày,NỮ,new,25DE,Giày Thể Thao,Giày nữ,kho:online,Giày dép nữ",Available,6,https://cdn.hstatic.net/products/1000230642/bsw005200xam__9__5cf8b503fd7743aba157c1e78d9ece89.jpg,https://bitis.com.vn/products/giay-the-thao-nu-biti-s-mau-xam-bsw005200xam
1075679177,Giày Thể Thao Nữ Biti's Màu Trắng BSW005200TRG,749000,Biti's,Giày Thể Thao,"25DE,kho:online,Giày nữ,Giày,Giày Thể Thao,NỮ,new,Giày dép nữ",Available,6,https://cdn.hstatic.net/products/1000230642/bsw005200trg__8__4e8281a366c249e0b1bdfa84b0323dfb.jpg,https://bitis.com.vn/products/giay-the-thao-nu-biti-s-mau-trang-bsw005200trg
1075678906,Giày Thể Thao Nam Biti's Hunter Street Effortless Màu Trắng HSM016000TRG,850000,HUNTER,Giày Thể Thao,"newhunter,Huntersneaker,new,Giày Thể Thao,Giày Hunter,kho:online,Giày,Huntersneakernam,Effortless,Hunter,Hunter Street,26AU,BST New,Giày nam,Hunter Street Nam,Giày dép Hunter",Available,6,https://cdn.hstatic.net/products/1000230642/hsm016000trg__1__bde60a8e910442a59957e8d4d26ed3aa.jpg,https://bitis.com.vn/products/giay-the-thao-nam-biti-s-hunter-street-effortless-mau-trang-hsm016000trg
1075678788,Giày Thể Thao Nam Biti's Hunter Street Effortless Màu Trắng Full HSM016000TRF,850000,HUNTER,Giày Thể Thao,"Hunter Street Nam,Hunter,newhunter,Huntersneakernam,26AU,BST New,Huntersneaker,Hunter Street,Giày Thể Thao,new,Giày nam,Giày Hunter,kho:online,Effortless,Giày,Giày dép Hunter",Available,6,https://cdn.hstatic.net/products/1000230642/hsm016000trf__6__b447c83a3364458896cac8a0632e2cb3.jpg,https://bitis.com.vn/products/giay-the-thao-nam-biti-s-hunter-street-effortless-mau-trang-full-hsm016000trf
1075678699,Giày Thể Theo Nữ Biti's Hunter Jogging Màu Xám HSW014800XAM,895000,HUNTER,Giày Thể Thao,"Huntersneakernu,Giày,kho:online,Hunterjoggingnu,26AP,Hunter,newhunter,Giày Thể Thao,Huntersneaker,Giày nữ,Giày Hunter,NỮ,spnoibat,Giày dép nữ,Giày dép Hunter",Available,6,https://cdn.hstatic.net/products/1000230642/hsw014800xam__8__dd449422f50a414498db8909bdbd7129.jpg,https://bitis.com.vn/products/giay-the-theo-nu-biti-s-hunter-jogging-mau-xam-hsw014800xam
1075678685,Giày Thể Theo Nữ Biti's Hunter Jogging Màu Hồng HSW014800HOG,895000,HUNTER,Giày Thể Thao,"Hunter,Giày,NỮ,Giày Hunter,Giày Thể Thao,Huntersneaker,Huntersneakernu,26AP,Hunterjoggingnu,newhunter,kho:online,Giày nữ,spnoibat,Giày dép nữ,Giày dép Hunter",Available,6,https://cdn.hstatic.net/products/1000230642/hsw014800hog__8__5eb42d1f8ab3442298ed41424444dfce.jpg,https://bitis.com.vn/products/giay-the-theo-nu-biti-s-hunter-jogging-mau-hong-hsw014800hog
1075678680,Giày Thể Theo Nữ Biti's Hunter Jogging Màu Đen HSW014800DEN,895000,HUNTER,Giày Thể Thao,"Hunterjoggingnu,Huntersneaker,Huntersneakernu,kho:online,Giày nữ,Giày Thể Thao,Giày Hunter,Hunter,Giày,newhunter,NỮ,26AP,spnoibat,Giày dép nữ,Giày dép Hunter",Available,6,https://cdn.hstatic.net/products/1000230642/hsw014800den__8__888152d14d9a4014aa45b05158e070a0.jpg,https://bitis.com.vn/products/giay-the-theo-nu-biti-s-hunter-jogging-mau-den-hsw014800den
1075666776,Vớ Cổ Trung Bé Gái Biti's Jane Sock Màu Kem BASG00300KEM,75000,Biti's,Vớ,"Phụ kiện trẻ em,TRẺ EM,26AU,kho:online,Votreem,new,Jane,BÉ GÁI",Available,1,https://cdn.hstatic.net/products/1000230642/basg00300kem__5__30c2e60c7f7d4b47afcea6605a4ff39e.jpg,https://bitis.com.vn/products/vo-co-trung-be-gai-biti-s-jane-sock-mau-kem-basg00300kem
1075666758,Vớ Cổ Trung Bé Gái Biti's Jane Sock Màu Đen BASG00300DEN,75000,Biti's,Vớ,"TRẺ EM,26AU,kho:online,Phụ kiện trẻ em,new,Votreem,Jane,BÉ GÁI",Available,1,https://cdn.hstatic.net/products/1000230642/basg00300den__1__cf4783cc509d4c8ba549794d0bb6e00b.jpg,https://bitis.com.vn/products/vo-co-trung-be-gai-biti-s-jane-sock-mau-den-basg00300den
1075666238,Giày Thể Thao Nữ Biti's Hunter Effortless Màu Trắng HSW016000TRG,820000,HUNTER,Giày Thể Thao,"Giày Hunter,Giày nữ,BST New,Huntersneaker,kho:online,newhunter,Hunter,Effortless,Hunter Street,NỮ,HuntersneakerNu,26AU,new,Giày dép nữ,Giày dép Hunter",Available,4,https://cdn.hstatic.net/products/1000230642/hsw016000trg__2__168a97470c6544428e87f31d89b9ee55.jpg,https://bitis.com.vn/products/giay-the-thao-nu-biti-s-hunter-effortless-mau-trang-hsw016000trg
1075666205,Giày Thể Thao Nữ Biti's Hunter Effortless Màu Trắng Full HSW016000TRF,820000,HUNTER,Giày Thể Thao,"kho:online,Huntersneaker,BST New,Giày Hunter,Hunter,26AU,Hunter Street,NỮ,newhunter,HuntersneakerNu,Effortless,new,Giày nữ,Giày dép nữ,Giày dép Hunter",Available,4,https://cdn.hstatic.net/products/1000230642/hsw016000trf__1__26a9912cbbe84e178d52ce23c7c3aa9c.jpg,https://bitis.com.vn/products/giay-the-thao-nu-biti-s-hunter-effortless-mau-trang-full-hsw016000trf
1075666197,Giày Thể Thao Nữ Biti's Hunter Effortless Màu Tím Lợt HSW016000TIL,820000,HUNTER,Giày Thể Thao,"new,Giày nữ,BST New,Giày Hunter,Hunter Street,NỮ,newhunter,kho:online,HuntersneakerNu,Huntersneaker,Effortless,Hunter,26AU,Giày dép nữ,Giày dép Hunter",Available,4,https://cdn.hstatic.net/products/1000230642/hsw016000til__2__7633d45480c24c6189601553545287ff.jpg,https://bitis.com.vn/products/giay-the-thao-nu-biti-s-hunter-effortless-mau-tim-lot-hsw016000til
1075663753,Giày Sandal Nữ Biti's Glowy Màu Kem BPW007700KEM,445000,Biti's,Sandal Thông Dụng,"NỮ,GLOWY,new,Sandal,spnoibat,kho:online,26AU,Sandal Thông Dụng,Sandalnu,Giày dép nữ",Available,6,https://cdn.hstatic.net/products/1000230642/bpw007700kem__5__c8f18f8cc1d24878b6e4b693f7870ab1.jpg,https://bitis.com.vn/products/giay-sandal-nu-biti-s-glowy-mau-kem-bpw007700kem
1075663750,Giày Sandal Nữ Biti's Glowy Màu Đen BPW007700DEF,445000,Biti's,Sandal Thông Dụng,"Sandal Thông Dụng,spnoibat,26AU,NỮ,new,Sandal,kho:online,GLOWY,Sandalnu,Giày dép nữ",Available,6,https://cdn.hstatic.net/products/1000230642/bpw007700def__2__def24742559d4f1687bbc299c41542c7.jpg,https://bitis.com.vn/products/giay-sandal-nu-biti-s-glowy-mau-den-bpw007700def
1075663548,Giày Cao Gót Nữ Biti's Ani Màu Kem BFW009588KEM,495000,Biti's,Giày Thời Trang,"new,ANI,NỮ,spnoibat,kho:online,26AU,Giày nữ,Giày dép nữ",Available,5,https://cdn.hstatic.net/products/1000230642/bfw009588kem__3__946694077f474efdaa0266185fa481a3.jpg,https://bitis.com.vn/products/giay-cao-got-nu-biti-s-ani-mau-kem-bfw009588kem
1075663540,Giày Cao Gót Nữ Biti's Ani Màu Đen BFW009588DEN,495000,Biti's,Giày Thời Trang,"Giày nữ,26AU,spnoibat,new,ANI,kho:online,NỮ,Giày dép nữ",Available,5,https://cdn.hstatic.net/products/1000230642/bfw009588den__7__557e04879ade449c890f124828137899.jpg,https://bitis.com.vn/products/giay-cao-got-nu-biti-s-ani-mau-den-bfw009588den
1075663283,Giày Bít Nữ Biti's Ani Màu Kem Đậm BFW009288KED,495000,Biti's,Giày Thời Trang,"kho:online,new,ANI,26AU,Giày nữ,spnoibat,NỮ,Giày dép nữ",Available,5,https://cdn.hstatic.net/products/1000230642/bfw009288ked__6__1486cbc5f55d48debe839778856ae748.jpg,https://bitis.com.vn/products/giay-bit-nu-biti-s-ani-mau-kem-dam-bfw009288ked
1075663268,Giày Bít Nữ Biti's Ani Màu Đen BFW009288DEN,495000,Biti's,Giày Thời Trang,"kho:online,ANI,Giày nữ,NỮ,new,26AU,spnoibat,Giày dép nữ",Available,5,https://cdn.hstatic.net/products/1000230642/bfw009288den__6__9c605ae153504253b11f393953c5ecba.jpg,https://bitis.com.vn/products/giay-bit-nu-biti-s-ani-mau-den-bfw009288den
1075663155,Giày Sandal Nam Biti's City Màu Xám BEM005200XAM,410000,Biti's,Sandal Thông Dụng,"City,26AU,new,Sandal,NAM,spnoibat,kho:online,Giày dép nam",Available,6,https://cdn.hstatic.net/products/1000230642/bem005200xam__2__d39bb72a92d0470298d65e39932f19d0.jpg,https://bitis.com.vn/products/giay-sandal-nam-biti-s-city-mau-xam-bem005200xam
1075663077,Giày Sandal Nam Biti's City Màu Rêu BEM005200REU,410000,Biti's,Sandal Thông Dụng,"new,26AU,City,spnoibat,NAM,kho:online,Sandal,Giày dép nam",Available,6,https://cdn.hstatic.net/products/1000230642/bem005200reu__4__3eec453c62a24b4ebcddf8e94145cd20.jpg,https://bitis.com.vn/products/giay-sandal-nam-biti-s-city-mau-reu-bem005200reu
1075663062,Giày Sandal Nam Biti's City Màu Đen BEM005200DEN,410000,Biti's,Sandal Thông Dụng,"NAM,City,kho:online,spnoibat,26AU,Sandal,new,Giày dép nam",Available,6,https://cdn.hstatic.net/products/1000230642/bem005200den__2__1d233d3e0f6443e8ab702277c5c28a4d.jpg,https://bitis.com.vn/products/giay-sandal-nam-biti-s-city-mau-den-bem005200den
1075663017,Giày Sandal Bé Gái Biti's Disney Màu Kem BEG010097KEM,455000,Biti's,Sandal Thông Dụng,"kho:online,TRẺ EM,new,Disney,Sandal,26AU,spnoibat,BÉ GÁI,Sandal trẻ em,Giày dép trẻ em",Available,6,https://cdn.hstatic.net/products/1000230642/beg010097kem__3__723d80f911e0461b89aa6083693fe9df.jpg,https://bitis.com.vn/products/giay-sandal-be-gai-biti-s-disney-mau-kem-beg010097kem
1075663008,Giày Sandal Bé Gái Biti's Disney Màu Hồng BEG010097HOG,455000,Biti's,Sandal Thông Dụng,"Disney,kho:online,new,Sandal,TRẺ EM,26AU,spnoibat,BÉ GÁI,Sandal trẻ em,Giày dép trẻ em",Available,6,https://cdn.hstatic.net/products/1000230642/beg010097hog__4__4f4e86fe390d472d89d2a2a50568a1d5.jpg,https://bitis.com.vn/products/giay-sandal-be-gai-biti-s-disney-mau-hong-beg010097hog
1075662992,Giày Sandal Bé Gái Biti's Disney Màu Đen BEG010097DEN,455000,Biti's,Sandal Thông Dụng,"TRẺ EM,Sandal,Disney,new,kho:online,26AU,spnoibat,BÉ GÁI,Sandal trẻ em,Giày dép trẻ em",Available,6,https://cdn.hstatic.net/products/1000230642/beg010097den__3__267398523add479eb39b10d33809f8f1.jpg,https://bitis.com.vn/products/giay-sandal-be-gai-biti-s-disney-mau-den-beg010097den
1075662883,Giày Sandal Bé Trai Biti's Basic Màu Xám BEB008200XAM,360000,Biti's,Sandal Thông Dụng,"TRẺ EM,new,kho:online,BÉ TRAI,26AU,Sandal,BASIC,Sandal trẻ em,Giày dép trẻ em",Available,9,https://cdn.hstatic.net/products/1000230642/beb008200xam__3__1ebc6dddf7c0419d9db684eb0136e4f1.jpg,https://bitis.com.vn/products/giay-sandal-be-trai-biti-s-basic-mau-xam-beb008200xam
1075662852,Giày Sandal Bé Trai Biti's Basic Màu Đen BEB008200DEN,360000,Biti's,Sandal Thông Dụng,"kho:online,BÉ TRAI,26AU,new,TRẺ EM,BASIC,Sandal,Sandal trẻ em,Giày dép trẻ em",Available,9,https://cdn.hstatic.net/products/1000230642/beb008200den__2__b8b632187efe451d9a655b108603d7ea.jpg,https://bitis.com.vn/products/giay-sandal-be-trai-biti-s-basic-mau-den-beb008200den
1075662740,Giày Sandal Bé Trai Biti's Cool Kids Mảu Xám BEB008100XAM,325000,Biti's,Sandal Thông Dụng,"TRẺ EM,Cool,new,kho:online,26AU,BÉ TRAI,Sandal,spnoibat,Sandal trẻ em,Giày dép trẻ em",Available,8,https://cdn.hstatic.net/products/1000230642/beb008100xam__2__55eeca4098bf45b892099c5ced7162be.jpg,https://bitis.com.vn/products/giay-sandal-be-trai-biti-s-cool-kids-mau-xam-beb008100xam
1075662721,Giày Sandal Bé Trai Biti's Cool Kids Mảu Đỏ BEB008100DOO,325000,Biti's,Sandal Thông Dụng,"BÉ TRAI,Cool,new,Sandal,TRẺ EM,26AU,kho:online,spnoibat,Sandal trẻ em,Giày dép trẻ em",Available,8,https://cdn.hstatic.net/products/1000230642/beb008100doo__2__63e796f467d04b1093ef3fb8a399fb60.jpg,https://bitis.com.vn/products/giay-sandal-be-trai-biti-s-cool-kids-mau-do-beb008100doo
1075660970,Giày Sandal Bé Trai Biti's Basic Màu Xám Đậm BEB008000XAD,340000,Biti's,Sandal Thông Dụng,"26AU,BASIC,BÉ TRAI,kho:online,new,Sandal,TRẺ EM,Sandal trẻ em,Giày dép trẻ em",Available,6,https://cdn.hstatic.net/products/1000230642/beb008000xad__7__ae09d46cbf6143748ce87520af0ed968.jpg,https://bitis.com.vn/products/giay-sandal-be-trai-biti-s-basic-mau-xam-dam-beb008000xad
1075660966,Giày Sandal Bé Trai Biti's Basic Màu Đen Full BEB008000DEF,340000,Biti's,Sandal Thông Dụng,"BÉ TRAI,Sandal,new,BASIC,TRẺ EM,26AU,kho:online,Sandal trẻ em,Giày dép trẻ em",Available,6,https://cdn.hstatic.net/products/1000230642/beb008000def__6__c89328d14fb140148d234ddb440a0512.jpg,https://bitis.com.vn/products/giay-sandal-be-trai-biti-s-basic-mau-den-full-beb008000def
1075660729,Giày Sandal Nữ Biti's Muse Màu Nâu BPW009988NAU,495000,Biti's,Sandal Thời Trang,"26AU,Muse,kho:online,Giày,Sandalnu,new,Sandal,Sandal Thời Trang,spnoibat,NỮ,Giày dép nữ",Available,5,https://cdn.hstatic.net/products/1000230642/bpw009988nau__7__1125d347d379475481d60cf53118a754.jpg,https://bitis.com.vn/products/giay-sandal-nu-biti-s-muse-mau-nau-bpw009988nau
1075660689,Giày Sandal Nữ Biti's Muse Màu Đen BPW009988DEN,495000,Biti's,Sandal Thời Trang,"Sandalnu,Sandal,26AU,NỮ,Muse,Sandal Thời Trang,kho:online,new,Giày dép nữ",Available,5,https://cdn.hstatic.net/products/1000230642/bpw009988den__6__9ac6c85128b347a197db755e8b439b25.jpg,https://bitis.com.vn/products/giay-sandal-nu-biti-s-muse-mau-den-bpw009988den
1075660493,Giày Sandal Nam Biti's Verano Màu Nâu Rêu BPM003700REU,425000,Biti's,Sandal Thông Dụng,"new,Sandal,26AP,NAM,VERANO,spnoibat,Giày dép nam,kho:online",Available,6,https://cdn.hstatic.net/products/1000230642/bpm003700reu__6__d0d696dc48e0416a8c1b3361513a44d7.jpg,https://bitis.com.vn/products/giay-sandal-nam-biti-s-verano-mau-nau-reu-bpm003700reu
1075660004,Giày Sandal Nam Biti's Verano Màu Nâu Đậm BPM003700NAU,425000,Biti's,Sandal Thông Dụng,"new,NAM,Sandal,26AP,VERANO,spnoibat,Giày dép nam,kho:online",Available,6,https://cdn.hstatic.net/products/1000230642/bpm003700nau__6__8a6dde3dbbf342cbbc44952e5b9ff679.jpg,https://bitis.com.vn/products/giay-sandal-nam-biti-s-verano-mau-nau-dam-bpm003700nau
1075659494,Giày Sandal Nam Biti's Verano Màu Nâu Đậm BPM003700NAD,425000,Biti's,Sandal Thông Dụng,"Sandal,new,NAM,26AP,VERANO,spnoibat,Giày dép nam,kho:online",Available,6,https://cdn.hstatic.net/products/1000230642/bpm003700nad__18__6f9861ac35e14e8cb2d77a476e02b02e.jpg,https://bitis.com.vn/products/giay-sandal-nam-biti-s-verano-mau-nau-dam-bpm003700nad
1075656833,Giày Sandal Teen Nữ Biti's Helio Màu Nâu BEG006600NAU,425000,Helio,Sandal Thông Dụng,"Helio,Sandalnu,26AP,kho:online,Sandal,Sandalteennu,NỮ,Sandal Thông Dụng,Giày,26AU,new,Giày dép nữ",Available,9,https://cdn.hstatic.net/products/1000230642/beg006600nau__6__e6abac87b7e343af955c340c0f6115cd.jpg,https://bitis.com.vn/products/giay-sandal-teen-nu-biti-s-helio-mau-nau-beg006600nau
1075656815,Giày Sandal Teen Nữ Biti's Helio Màu Kem BEG006600KEM,425000,Helio,Sandal Thông Dụng,"26AP,Sandal,Helio,kho:online,Sandalnu,NỮ,Sandalteennu,Sandal Thông Dụng,Giày,26AU,new,Giày dép nữ",Available,9,https://cdn.hstatic.net/products/1000230642/beg006600kem__9__348b6541429e4cb584ba87729a0eb0aa.jpg,https://bitis.com.vn/products/giay-sandal-teen-nu-biti-s-helio-mau-kem-beg006600kem
1075656585,Giày Sandal Teen Nam Biti's Helio Màu Rêu BEB006600REU,425000,Helio,Sandal Thông Dụng,"Sandalteennam,Helio,NAM,kho:online,26AP,Sandal,Sandal Thông Dụng,26AU,new,Giày dép nam",Available,6,https://cdn.hstatic.net/products/1000230642/beb006600reu__1__e5f61ed0a1ee488dab7b5ce8674256e6.jpg,https://bitis.com.vn/products/giay-sandal-teen-nam-biti-s-helio-mau-reu-beb006600reu
1075656578,Giày Sandal Teen Nam Biti's Helio Màu Đen BEB006600DEN,425000,Helio,Sandal Thông Dụng,"Helio,Sandalteennam,26AP,kho:online,Sandal,NAM,Sandal Thông Dụng,26AU,new,Giày dép nam",Available,6,https://cdn.hstatic.net/products/1000230642/beb006600den__10__2e3a87e4f0f64dcfa368afce36c22e1d.jpg,https://bitis.com.vn/products/giay-sandal-teen-nam-biti-s-helio-mau-den-beb006600den
1075656529,Giày Búp Bê Nữ Biti's Màu Trắng BBW005388TRG,475000,Biti's,Giày Búp Bê,"new,kho:online,NỮ,Giày nữ,Giày,26AU,Giày dép nữ",Available,6,https://cdn.hstatic.net/products/1000230642/bbw005388trg__7__9cbbea0de9a942209d9b55a5416585b4.jpg,https://bitis.com.vn/products/giay-bup-be-nu-biti-s-mau-trang-bbw005388trg
1075656035,Giày Búp Bê Nữ Biti's Màu Kem BBW004288KEM,475000,Biti's,Giày Búp Bê,"Giày,kho:online,Giày nữ,new,25DE",Available,5,https://cdn.hstatic.net/products/1000230642/bbw004288kem__3__a38d74f1e52844568e9ca8a45c34534b.jpg,https://bitis.com.vn/products/giay-bup-be-nu-biti-s-mau-kem-bbw004288kem
1075655820,Giày Búp Bê Nữ Biti's Màu Đen BBW004288DEN,475000,Biti's,Giày Búp Bê,"new,Giày nữ,kho:online,Giày,25DE",Available,5,https://cdn.hstatic.net/products/1000230642/bbw004288den__5__52f607341f8c49b7acfbb6feb8a67146.jpg,https://bitis.com.vn/products/giay-bup-be-nu-biti-s-mau-den-bbw004288den
1075655539,Giày Búp Bê Nữ Biti's Êmbrace Màu Xám BBW004100XAM,510000,Êmbrace,Giày Búp Bê,"spnoibat,Giày,NỮ,Giày nữ,new,Êmbrace,26AU,Giày dép nữ,kho:online",Available,6,https://cdn.hstatic.net/products/1000230642/bbw004100xam__2__07fdeae49c274dfbb3eed6ac278ac4ea.jpg,https://bitis.com.vn/products/giay-bup-be-nu-biti-s-embrace-mau-xam-bbw004100xam
1075655507,Giày Búp Bê Nữ Biti's Êmbrace Màu Kem BBW004100KEM,510000,Êmbrace,Giày Búp Bê,"new,Êmbrace,NỮ,spnoibat,Giày nữ,Giày,26AU,Giày dép nữ,kho:online",Available,6,https://cdn.hstatic.net/products/1000230642/bbw004100kem__4__7cbd8f8ea2834e6189194d66e253c62e.jpg,https://bitis.com.vn/products/giay-bup-be-nu-biti-s-embrace-mau-kem-bbw004100kem
1075655354,Giày Búp Bê Nữ Biti's Êmbrace Màu Đen BBW004100DEN,510000,Êmbrace,Giày Búp Bê,"NỮ,Êmbrace,spnoibat,Giày nữ,Giày,new,26AU,Giày dép nữ,kho:online",Available,6,https://cdn.hstatic.net/products/1000230642/bbw004100den__3__e5185b440e3c4ff385fb541116ff5b64.jpg,https://bitis.com.vn/products/giay-bup-be-nu-biti-s-embrace-mau-den-bbw004100den
1075654975,Giày Búp Bê Nữ Biti's Màu Kem BBW005388KEM,475000,Biti's,Giày Búp Bê,"Giày,NỮ,kho:online,new,26AU,Giày nữ,Giày dép nữ",Available,6,https://cdn.hstatic.net/products/1000230642/bbw005388kem__7__83ebfb5678d7439093335887d7d52595.jpg,https://bitis.com.vn/products/giay-bup-be-nu-biti-s-mau-kem-bbw005388kem
1075654762,Giày Búp Bê Nữ Biti's Màu Đen BBW005388DEN,475000,Biti's,Giày Búp Bê,"new,NỮ,kho:online,Giày,Giày nữ,26AU,Giày dép nữ",Available,6,https://cdn.hstatic.net/products/1000230642/bbw005388den__7__359b70a77b464a5cadce3054db99e93b.jpg,https://bitis.com.vn/products/giay-bup-be-nu-biti-s-mau-den-bbw005388den
1075604702,Dép Nam Biti's Nomad Màu Xanh Nhớt BEM005900XNH,250000,Biti's,Dép Thông Dụng,"26AU,NAM,new,Nomad,kho:online,Dép nam,Dép,spnoibat,Giày dép nam",Available,7,https://cdn.hstatic.net/products/1000230642/bem005900xnh__5__a2ade8bd90a4411eadf74a9a543a1c2c.jpg,https://bitis.com.vn/products/dep-nam-biti-s-nomad-mau-xanh-nhot-bem005900xnh
1075604652,Dép Nam Biti's Nomad Màu Xám Đậm BEM005900XAD,250000,Biti's,Dép Thông Dụng,"new,kho:online,Dép nam,NAM,26AU,Nomad,Dép,spnoibat,Giày dép nam",Available,7,https://cdn.hstatic.net/products/1000230642/bem005900xad__3__3e911391624c427fa3da9c7ff59196b3.jpg,https://bitis.com.vn/products/dep-nam-biti-s-nomad-mau-xam-dam-bem005900xad
1075604445,Giày Thể Thao Bé Trai Biti's Basic Màu Đen Full BSB010700DEF,585000,Biti's,Giày Thể Thao,"BÉ TRAI,Giày trẻ em,TRẺ EM,kho:online,new,BASIC,Giày,spnoibat,Giày dép trẻ em",Available,8,https://cdn.hstatic.net/products/1000230642/bsb010700def__1__d54661a1bab9462f83935ebfd1b454fe.jpg,https://bitis.com.vn/products/giay-the-thao-be-trai-biti-s-basic-mau-den-full-bsb010700def
1075603741,Giày Thể Thao Nữ Biti's Hunter Street Màu Xám HSW015800XAM,735000,HUNTER,Giày Thể Thao,"newhunter,NỮ,Giày nữ,kho:online,Huntersneakernu,Hunter,new,BST New,Huntersneaker,26AU,Giày,spnoibat,Street,Hunter Street,Giày dép nữ,Giày dép Hunter,Hunter H",Available,5,https://cdn.hstatic.net/products/1000230642/hsw015800xam__3__90a8dfb690f24a6b8ad689821e9cd368.jpg,https://bitis.com.vn/products/giay-the-thao-nu-biti-s-hunter-mau-xam-hsw015800xam
1075603459,Giày Thể Thao Nữ Biti's Hunter Street Màu Đen HSW015800DEN,735000,HUNTER,Giày Thể Thao,"Giày nữ,Huntersneakernu,kho:online,NỮ,newhunter,Huntersneaker,new,BST New,Hunter,26AU,Giày,Street,spnoibat,Hunter Street,Giày dép nữ,Giày dép Hunter,Hunter H",Available,5,https://cdn.hstatic.net/products/1000230642/hsw015800den__4__2850cff90167446297ce8fafb3d8499a.jpg,https://bitis.com.vn/products/giay-the-thao-nu-biti-s-hunter-mau-den-hsw015800den
1075603006,Balo Thời Trang Nam Nữ Biti's Màu Kem BBBW01900KEM,575000,Biti's,Balo,"NỮ,Phụ kiện nữ,kho:online,26AU,new,Phụ kiện nam,NAM,Outline,Phụ kiện,spnoibat",Available,1,https://cdn.hstatic.net/products/1000230642/bbbw01900kem__5__181f5e29d07446efafc201f7e3a9885b.jpg,https://bitis.com.vn/products/balo-thoi-trang-nam-nu-biti-s-mau-kem-bbbw01900kem
1075598895,Balo Thời Trang Nam Nữ Biti's Màu Đen BBBW01900DEN,575000,Biti's,Balo,"new,26AU,Phụ kiện nam,kho:online,Outline,NAM,NỮ,Phụ kiện nữ,Phụ kiện,spnoibat",Available,1,https://cdn.hstatic.net/products/1000230642/bbbw01900den__2__d5191e9da7eb432788294165733463b3.jpg,https://bitis.com.vn/products/balo-nam-biti-s-mau-den-bbbw01900den
1075598780,Balo Teen Nam Nữ Biti's Helio Màu Xám Lợt BBBB02400XAL,575000,Helio,Balo,"Balo,Phukienteen,Helio,Phụ kiện nữ,kho:online,NỮ,Phụ kiện,spnoibat,26AU,new,Helio bucket bag",Available,1,https://cdn.hstatic.net/products/1000230642/bbbb02400xal__3__ac692cd23079407588da840f3405837e.jpg,https://bitis.com.vn/products/balo-teen-nam-nu-biti-s-helio-mau-xam-lot-bbbb02400xal
1075598747,Balo Teen Nam Nữ Biti's Helio Màu Đen BBBB02400DEN,575000,Helio,Balo,"Balo,Helio,NỮ,Phụ kiện nữ,kho:online,Phukienteen,Phụ kiện,spnoibat,26AU,new,Helio bucket bag",Available,1,https://cdn.hstatic.net/products/1000230642/bbbb02400den__2__14162a60e11c485b863ac7f472f25bb8.jpg,https://bitis.com.vn/products/balo-teen-nam-nu-biti-s-helio-mau-den-bbbb02400den
1075598736,Giày Sandal Bé Trai Biti's Màu Xám BEB002201XAM,330000,Biti's,Sandal Thông Dụng,"kho:online,BÉ TRAI,TRẺ EM,Sandal,Sandal trẻ em,Giày dép trẻ em",Available,8,https://cdn.hstatic.net/products/1000230642/beb002201xam_3aa0373f1c8e4478a0173be726b39a44.jpg,https://bitis.com.vn/products/giay-sandal-be-trai-biti-s-mau-xam-beb002201xam
1075595817,Giày Thể Thao Biti's Hunter Street Nam Màu Xanh Nhớt HSM015800XNH,765000,HUNTER,Giày Thể Thao,"Hunter,Huntersneakernam,BST New,Huntersneaker,new,NAM,kho:online,Giày nam,26AU,Giày,spnoibat,Street,Hunter Street Nam,Hunter Street,Giày dép nam,Giày dép Hunter,Hunter H",Available,6,https://cdn.hstatic.net/products/1000230642/hsm015800xnh__7__f63c7269ea8e48e9a210b718700edcfe.jpg,https://bitis.com.vn/products/giay-the-thao-biti-s-hunter-nam-mau-xanh-nhot-hsm015800xnh
1075595752,Giày Thể Thao Biti's Hunter Street Nam Màu Trắng HSM015800TRG,765000,HUNTER,Giày Thể Thao,"NAM,kho:online,Hunter,BST New,Huntersneakernam,new,Giày nam,26AU,Huntersneaker,Giày,spnoibat,Street,Hunter Street Nam,Hunter Street,Giày dép nam,Giày dép Hunter,Hunter H",Available,6,https://cdn.hstatic.net/products/1000230642/hsm015800trg__4__e169cb15b9a74f9dbde61cd8aff71d71.jpg,https://bitis.com.vn/products/giay-the-thao-biti-s-hunter-nam-mau-trang-hsm015800trg
1075595574,Giày Thể Thao Biti's Hunter Street Nam Màu Đen HSM015800DEN,765000,HUNTER,Giày Thể Thao,"Huntersneakernam,Giày nam,Huntersneaker,new,NAM,BST New,26AU,kho:online,Hunter,Giày,spnoibat,Street,Hunter Street Nam,Hunter Street,Giày dép nam,Giày dép Hunter,Hunter H",Available,6,https://cdn.hstatic.net/products/1000230642/hsm015800den__6__f86e474f4a994da5b2360318f86e9373.jpg,https://bitis.com.vn/products/giay-the-thao-biti-s-hunter-nam-mau-den-hsm015800den
1075505356,Dép Eva Bé Gái Biti's Thanh Long Màu Vàng BEG008100VAG,260000,Biti's,Dép Thông Dụng,"kho:online,26AU,new,Giày dép,TRẺ EM,best seller,Thanh long,Dép,spnoibat,BÉ GÁI,Giày dép trẻ em",Available,8,https://cdn.hstatic.net/products/1000230642/beg008100vag__5__4e2c3a2d12a44c598dee314adca1d487.jpg,https://bitis.com.vn/products/dep-eva-be-gai-biti-s-thanh-long-mau-vang-beg008100vag
1075505314,Dép Eva Bé Gái Biti's Lovely Màu Kem BEG008500KEM,190000,Biti's,Dép Thông Dụng,"new,Giày dép,Lovely,TRẺ EM,kho:online,26AU,Dép,spnoibat,BÉ GÁI,Giày dép trẻ em",Available,8,https://cdn.hstatic.net/products/1000230642/beg008500kem__2__4158d3c7c1e64501a79ebccb5a32a3d9.jpg,https://bitis.com.vn/products/dep-eva-be-gai-biti-s-lovely-mau-kem-beg008500kem
1075505273,Giày Mocasin Nam Biti's Stone Màu Đen BMM002677DEN,735000,Biti's,Giày Tây,"Stone,NAM,kho:online,new,26AU,Giày nam,Giày,spnoibat,Giày dép nam",Available,6,https://cdn.hstatic.net/products/1000230642/bmm002677den__2__0d509bb90dcb4995803068bedd727218.jpg,https://bitis.com.vn/products/giay-mocasin-nam-biti-s-stone-mau-den-bmm002677den
1075505218,Giày Mocasin Nam Biti's Stone Màu Nâu Đậm BMM002677NAD,735000,Biti's,Giày Tây,"26AU,kho:online,NAM,Stone,new,Giày nam,Giày,spnoibat,Giày dép nam",Available,6,https://cdn.hstatic.net/products/1000230642/bmm002677nad__2__fe9a0093832a419abb7f80f9d7ea63ad.jpg,https://bitis.com.vn/products/giay-mocasin-nam-biti-s-stone-mau-nau-dam-bmm002677nad
1075504744,Giày Sandal Nữ Biti's Sandy Màu Kem BPW007800KEM,405000,Biti's,Sandal Thông Dụng,"kho:online,SANDY,new,26AU,NỮ,Sandalnu,spnoibat,Giày dép nữ",Available,6,https://cdn.hstatic.net/products/1000230642/bpw007800kem__2__a523915c21f546e9801843c32739c1f6.jpg,https://bitis.com.vn/products/giay-sandal-nu-biti-s-sandy-mau-kem-bpw007800kem
1075502237,Giày Sandal Nữ Biti's Sandy Màu Đen BPW007800DEN,405000,Biti's,Sandal Thông Dụng,"NỮ,kho:online,new,26AU,SANDY,Sandalnu,spnoibat,Giày dép nữ",Available,6,https://cdn.hstatic.net/products/1000230642/bpw007800def__2__1d8897934290495ebbc042ddc805cc88.jpg,https://bitis.com.vn/products/giay-sandal-nu-biti-s-sandy-mau-den-bpw007800den
1075501342,Giày Thể Thao Nam Biti's Hunter Còn Gì Dùng Đó Màu Đỏ HSM012601DOO,1035000,HUNTER,Giày Thể Thao,"newhunter,Hunter,BST New,new,Congidungdo,Huntersneaker,kho:online,26AU,NAM,Huntersneakernam,Giày nam,Giày,spnoibat,Hunter Street Nam,Hunter Street,Giày dép nam,Giày dép Hunter",Available,6,https://cdn.hstatic.net/products/1000230642/hsm012601doo__6__b49879826d334d73985a54b36c464ef9.jpg,https://bitis.com.vn/products/giay-the-thao-nam-biti-s-hunter-con-gi-dung-do-mau-do-hsm012601doo
1075501172,Giày Thể Thao Nam Biti's Hunter Còn Gì Dùng Đó Màu Xanh Lá HSM012602XLC,1035000,HUNTER,Giày Thể Thao,"Huntersneakernam,newhunter,26AU,kho:online,Hunter,Congidungdo,new,NAM,Huntersneaker,BST New,Giày nam,Giày,spnoibat,Hunter Street Nam,Hunter Street,Giày dép nam,Giày dép Hunter",Available,6,https://cdn.hstatic.net/products/1000230642/hsm012602xlc__6__3404b095316f41c9878c27d13dcee549.jpg,https://bitis.com.vn/products/giay-the-thao-nam-biti-s-hunter-con-gi-dung-do-mau-xanh-la-hsm012602xlc
1075501055,Giày Thể Thao Nam Biti's Hunter Verse Màu Xám HSM014500XAM,850000,HUNTER,Giày Thể Thao,"BST New,Hunter,kho:online,NAM,new,Huntersneaker,Huntersneakernam,HunterVerse,newhunter,26AU,Giày nam,Giày,Hunter Nam,Giày Hunter,Giày dép nam,Giày dép Hunter",Available,7,https://cdn.hstatic.net/products/1000230642/hsm014500xam__2__bb26be0c1f8547aabe9af82606b8d585.jpg,https://bitis.com.vn/products/giay-the-thao-nam-biti-s-hunter-verse-mau-xam-hsm014500xam
1075500367,Balo Biti's Hunter Label Màu Xám HBBM02000XAM,820000,HUNTER,Balo,"Label,Hunter,balohunter,Phụ kiện,Balo,BST New,kho:online,newhunter,26AU,new,Phukien,Phụ kiện nam,NAM,Phụ kiện nữ,NỮ,spnoibat,Phụ kiện Hunter",Available,1,https://cdn.hstatic.net/products/1000230642/hbbm02000xam__2__3cd2ec769fe14b95816478656dd809eb.jpg,https://bitis.com.vn/products/balo-biti-s-hunter-label-mau-xam-hbbm02000xam
1075500114,Balo Biti's Hunter Label Màu Đen HBBM02000DEN,820000,HUNTER,Balo,"kho:online,Phukien,newhunter,26AU,Hunter,Balo,Phụ kiện,balohunter,BST New,new,Label,Phụ kiện nam,Phụ kiện nữ,NỮ,NAM,spnoibat,Phụ kiện Hunter",Available,1,https://cdn.hstatic.net/products/1000230642/hbbm02000den__3__1db4007da23e4e4a85e028899bca4cf5.jpg,https://bitis.com.vn/products/balo-biti-s-hunter-label-mau-den-hbbm02000den
1075499908,Balo Biti's Hunter Summit Màu Xám HBBM01900XAM,775000,HUNTER,Balo,"SUMMIT,balohunter,kho:online,26AU,newhunter,Hunter,Phukien,Balo,new,Phụ kiện,BST New,NỮ,Phụ kiện nam,Phụ kiện nữ,NAM,spnoibat,Phụ kiện Hunter",Available,1,https://cdn.hstatic.net/products/1000230642/hbbm01900xam__4__f8b0f2fc7f9748338708e212472afad0.jpg,https://bitis.com.vn/products/balo-biti-s-hunter-summit-mau-xam-hbbm01900xam
1075499594,Balo Biti's Hunter Summit Màu Rêu HBBM01900REU,775000,HUNTER,Balo,"balohunter,Phụ kiện,Hunter,newhunter,26AU,kho:online,new,Balo,SUMMIT,Phukien,BST New,Phụ kiện nữ,NAM,NỮ,Phụ kiện nam,spnoibat,Phụ kiện Hunter",Available,1,https://cdn.hstatic.net/products/1000230642/hbbm01900reu__2__1bde8ddb042e4988a211cb03d70a5a7e.jpg,https://bitis.com.vn/products/balo-biti-s-hunter-summit-mau-reu-hbbm01900reu
1075498980,Balo Biti's Hunter Summit Màu Đen HBBM01900DEN,775000,HUNTER,Balo,"new,BST New,Phukien,kho:online,Phụ kiện,newhunter,balohunter,26AU,SUMMIT,Balo,Hunter,Phụ kiện nữ,NỮ,NAM,Phụ kiện nam,spnoibat,Phụ kiện Hunter",Available,1,https://cdn.hstatic.net/products/1000230642/hbbm01900den__2__ae5cdc3dd45b4dd683dc0a35f2a42bf5.jpg,https://bitis.com.vn/products/balo-biti-s-hunter-summit-mau-den-hbbm01900den
1075497888,Giày Thể Thao Nam Biti's Hunter Verse Màu Xanh Nhớt HSM014500XNH,850000,HUNTER,Giày Thể Thao,"BST New,26AU,new,NAM,HunterVerse,kho:online,newhunter,Hunter,Huntersneaker,Huntersneakernam,Giày nam,Giày,Hunter Nam,Giày Hunter,Giày dép nam,Giày dép Hunter",Available,7,https://cdn.hstatic.net/products/1000230642/hsm014500xnh__2__879ad764a14141998fdbb557dc8a452e.jpg,https://bitis.com.vn/products/giay-the-thao-nam-biti-s-hunter-verse-mau-xanh-nhot-hsm014500xnh
1075493777,Giày Thể Thao Nam Biti's Hunter Verse Màu Đen HSM014500DEN,850000,HUNTER,Giày Thể Thao,"new,Hunter,newhunter,NAM,Huntersneaker,BST New,kho:online,26AU,Huntersneakernam,HunterVerse,Giày nam,Giày,Hunter Nam,Giày Hunter,Giày dép nam,Giày dép Hunter",Available,7,https://cdn.hstatic.net/products/1000230642/hsm014500den__2__ead9de0f0fed4d83a9daada7ef2182d2.jpg,https://bitis.com.vn/products/giay-the-thao-nam-biti-s-hunter-verse-mau-den-hsm014500den
1075492754,Giày Thể Thao Nam Biti's Hunter Còn Gì Dùng Đó Màu Xanh Dương HSM012600XDD,1035000,HUNTER,Giày Thể Thao,"newhunter,NAM,26AU,Congidungdo,kho:online,new,BST New,Hunter,Huntersneaker,Huntersneakernam,Giày nam,Giày,spnoibat,Hunter Street Nam,Hunter Street,Giày dép nam,Giày dép Hunter",Available,6,https://cdn.hstatic.net/products/1000230642/hsm012600xdd__1__11152d1ada15425f967a63032d1de953.jpg,https://bitis.com.vn/products/giay-the-thao-nam-biti-s-hunter-con-gi-dung-do-mau-xanh-duong-hsm012600xdd
1075491552,Giày Thể Thao Nam Biti's Hunter Còn Gì Dùng Đó Màu Nâu Đậm HSM012600NAD,1035000,HUNTER,Giày Thể Thao,"new,Congidungdo,Huntersneakernam,BST New,Huntersneaker,kho:online,Hunter,26AU,newhunter,NAM,Giày nam,Giày,spnoibat,Hunter Street Nam,Hunter Street,Giày dép nam,Giày dép Hunter",Available,6,https://cdn.hstatic.net/products/1000230642/hsm012600nad__15__6ee84a96e7db4e48a16a1b0c49e05285.jpg,https://bitis.com.vn/products/giay-the-thao-nam-biti-s-hunter-con-gi-dung-do-mau-nau-dam-hsm012600nad
1075489455,Giày Thể Thao Nam Biti's Hunter Còn Gì Dùng Đó Màu Nâu HSM012600NAU,1035000,HUNTER,Giày Thể Thao,"Hunter,Huntersneaker,NAM,newhunter,kho:online,Congidungdo,Huntersneakernam,26AU,new,BST New,Giày nam,Giày,spnoibat,Hunter Street Nam,Hunter Street,Giày dép nam,Giày dép Hunter",Available,6,https://cdn.hstatic.net/products/1000230642/hsm012600nau__2__bad58b5ea1694361b3a2cedfc954afa0.jpg,https://bitis.com.vn/products/giay-the-thao-nam-biti-s-hunter-con-gi-dung-do-mau-nau-hsm012600nau
1075487347,Giày Sandal Bé Trai Biti's Dino Màu Xanh Nhớt BTB002200XNH,295000,Biti's,Sandal Thông Dụng,"26AU,kho:online,new,Dino,BÉ TRAI,spnoibat,TRẺ EM,Giày dép trẻ em",Available,6,https://cdn.hstatic.net/products/1000230642/btb002200xnh__7__26dcfe974f2b4ffe8e39fec57cabf7d9.jpg,https://bitis.com.vn/products/giay-sandal-be-trai-biti-s-dino-mau-xanh-nhot-btb002200xnh
1075487283,Giày Sandal Bé Trai Biti's Dino Màu Rêu BTB002200REL,295000,Biti's,Sandal Thông Dụng,"kho:online,26AU,Dino,new,BÉ TRAI,TRẺ EM,Sandal,spnoibat,Sandal trẻ em,Giày dép trẻ em",Available,6,https://cdn.hstatic.net/products/1000230642/btb002200rel__7__49b550d624794e19ac0f44e2079d4665.jpg,https://bitis.com.vn/products/giay-sandal-be-trai-biti-s-dino-mau-reu-btb002200rel
1075487130,Giày Sandal Bé Trai Biti's Dino Màu Đỏ BTB002200DOO,295000,Biti's,Sandal Thông Dụng,"Dino,kho:online,new,BÉ TRAI,26AU,spnoibat,TRẺ EM,Giày dép trẻ em",Available,6,https://cdn.hstatic.net/products/1000230642/btb002200doo__7__0303cc933a014edeaf85f22c92249b4f.jpg,https://bitis.com.vn/products/giay-sandal-be-trai-biti-s-dino-mau-do-btb002200doo
1075486584,Giảy Thể Thao Bé Gái Biti's Basic Màu Kem BSG011300KEM,525000,Biti's,Giày Thể Thao,"new,kho:online,26AU,BASIC,spnoibat,BÉ GÁI",Available,8,https://cdn.hstatic.net/products/1000230642/bsg011300kem__2__bd06287266b34fb7b700d1c10a649143.jpg,https://bitis.com.vn/products/giay-the-thao-be-gai-biti-s-basic-mau-kem-bsg011300kem
1075486544,Giảy Thể Thao Bé Gái Biti's Basic Màu Hồng BSG011300HOG,525000,Biti's,Giày Thể Thao,"kho:online,BASIC,26AU,new,spnoibat,BÉ GÁI",Available,8,https://cdn.hstatic.net/products/1000230642/bsg011300hog__2__e5576cee2cf0424c89aa6d6ef5ca1717.jpg,https://bitis.com.vn/products/giay-the-thao-be-gai-biti-s-basic-mau-hong-bsg011300hog
1075486459,Giày Thể Thao Teen Nữ Biti's Helio Màu Xám BSG010800XAM,685000,Helio,Giày Thể Thao,"kho:online,new,Helio,Teennu,26AU,NỮ,Giày nữ,Giày,spnoibat,BASIC,Giày dép nữ",Available,6,https://cdn.hstatic.net/products/1000230642/bsg010800xam__2__cadbe9aa8edd47feb80d5db4c4f48fec.jpg,https://bitis.com.vn/products/giay-the-thao-teen-nu-biti-s-helio-mau-xam-bsg010800xam
1075484000,Giày Thể Thao Teen Nữ Biti's Helio Màu Kem BSG010800KEM,685000,Helio,Giày Thể Thao,"Helio,NỮ,26AU,new,kho:online,Teennu,Giày nữ,Giày,spnoibat,BASIC,Giày dép nữ",Available,6,https://cdn.hstatic.net/products/1000230642/bsg010800kem__2__813a0c04703c495b96e2aa786d61cf1a.jpg,https://bitis.com.vn/products/giay-the-thao-teen-nu-biti-s-helio-mau-kem-bsg010800kem
1075483982,Giày Thể Thao Teen Nữ Biti's Helio Màu Hồng Lợt BSG010800HOL,685000,Helio,Giày Thể Thao,"26AU,Teennu,kho:online,Helio,new,NỮ,Giày nữ,Giày,BASIC,spnoibat,Giày dép nữ",Available,6,https://cdn.hstatic.net/products/1000230642/bsg010800hol__2__a3aa17b418a94da892db8d6b44cf3aec.jpg,https://bitis.com.vn/products/giay-the-thao-teen-nu-biti-s-helio-mau-hong-lot-bsg010800hol
1075483926,Giày Thể Thao Teen Nam Nữ Biti's Helio Màu Trắng BSB010800TRG,685000,Helio,Giày Thể Thao,"Teennam,kho:online,Teennu,NAM,Helio,new,26AU,Giày nam,Giày,spnoibat,Giày dép nam",Available,6,https://cdn.hstatic.net/products/1000230642/bsb010800trg__2__4a4cb5ecdf7747b7a08584d2bad75612.jpg,https://bitis.com.vn/products/giay-the-thao-teen-nam-nu-biti-s-helio-mau-trang-bsb010800trg
1075483922,Giày Thể Thao Teen Nam Nữ Biti's Helio Màu Đen BSB010800DEN,685000,Helio,Giày Thể Thao,"kho:online,Teennu,NAM,new,26AU,Helio,Teennam,Giày nam,Giày,spnoibat,Giày dép nam",Available,6,https://cdn.hstatic.net/products/1000230642/bsb010800den__2__e9657381a70c42d8a167c87979f37823.jpg,https://bitis.com.vn/products/giay-the-thao-teen-nam-nu-biti-s-helio-mau-den-bsb010800den
1075483905,Giày Sandal Nam Biti's Glide Màu Xám BRM004077XAM,505000,Biti's,Sandal Thông Dụng,"26AU,new,NAM,Glide,kho:online,Sandal,spnoibat,Giày dép nam",Available,6,https://cdn.hstatic.net/products/1000230642/brm004077xam__6__34b4b83e54434275813b75a1e9c90fb1.jpg,https://bitis.com.vn/products/giay-sandal-nam-biti-s-glide-mau-xam-brm004077xam
1075483876,Giày Sandal Nam Biti's Glide Màu Đen BRM004077DEN,505000,Biti's,Sandal Thông Dụng,"kho:online,26AU,Glide,NAM,new,Sandal,spnoibat,Giày dép nam",Available,6,https://cdn.hstatic.net/products/1000230642/brm004077den__3__e112caaa319d4df08dabbd3bd15ee169.jpg,https://bitis.com.vn/products/giay-sandal-nam-biti-s-glide-mau-den-brm004077den
1075483845,Dép Nam Biti's Regal Màu Xanh Dương BRM003777XDG,475000,Biti's,Dép Thông Dụng,"NAM,kho:online,Regal,new,26AU,Dép nam,Dép,spnoibat,Giày dép nam",Available,6,https://cdn.hstatic.net/products/1000230642/brm003777xdg__4__0ab89ff288344a7d8d6e4bd718142a9e.jpg,https://bitis.com.vn/products/dep-nam-biti-s-regal-mau-xanh-duong-brm003777xdg
1075483793,Dép Nam Biti's Regal Màu Xám BRM003777XAM,475000,Biti's,Dép Thông Dụng,"new,26AU,Regal,NAM,kho:online,Dép nam,Dép,spnoibat,Giày dép nam",Available,6,https://cdn.hstatic.net/products/1000230642/brm003777xam__2__16505e4cb7504609ace1b27c87477450.jpg,https://bitis.com.vn/products/dep-nam-biti-s-regal-mau-xam-brm003777xam
1075481056,Giày Thể Thao Biti's Bé Gái BSG004800,370000,Biti's,Giày Thể Thao,"kho:online,TRẺ EM,khongdoitra,Giày trẻ em,Giày,BÉ GÁI,Giày dép trẻ em",Available,8,https://cdn.hstatic.net/products/1000230642/bsg004800til__2__9484393ab44b4d4d815d2a9c37086764_74fed9096c384ec1b196d15648f6ef03.jpg,https://bitis.com.vn/products/giay-the-thao-be-gai-biti-s-bsg004800-tim
1075480394,Giày Tây Nam Biti's Gent Màu Nâu Đậm BMM002777NAD,845000,Biti's,Giày Tây,"NAM,kho:online,26AU,new,Gent,Giày nam,Giày,spnoibat,Giày dép nam",Available,6,https://cdn.hstatic.net/products/1000230642/bmm002777nad__3__85a94e5f20014747b8775e5543e91967.jpg,https://bitis.com.vn/products/giay-tay-nam-biti-s-gent-mau-nau-dam-bmm002777nad
1075480205,Giày Tây Nam Biti's Gent Màu Đen BMM002777DEN,845000,Biti's,Giày Tây,"NAM,Gent,kho:online,new,26AU,Giày nam,Giày,spnoibat,Giày dép nam",Available,6,https://cdn.hstatic.net/products/1000230642/bmm002777den__3__263b29ee1fce4a919a0ed1a33b950043.jpg,https://bitis.com.vn/products/giay-tay-nam-biti-s-gent-mau-den-bmm002777den
1075479649,Giày Sandal Thời Trang Nữ Biti's Ani Màu Xanh Dương BFW009688XDG,495000,Biti's,Sandal Thời Trang,"kho:online,26AU,new,ANI,NỮ,Sandalnu,spnoibat,Giày dép nữ",Available,5,https://cdn.hstatic.net/products/1000230642/bfw009688xdg__7__b98e6eb4d7c6402ab4f4d1b3656c89d6.jpg,https://bitis.com.vn/products/giay-sandal-thoi-trang-nu-biti-s-ani-mau-xanh-duong-bfw009688xdg
1075479528,Giày Sandal Thời Trang Nữ Biti's Ani Màu Đen BFW009688DEN,495000,Biti's,Sandal Thời Trang,"26AU,ANI,kho:online,new,NỮ,Sandalnu,spnoibat,Giày dép nữ",Available,5,https://cdn.hstatic.net/products/1000230642/bfw009688den__6__f25ccdb2dd7e45ffb7206f5b8502fa22.jpg,https://bitis.com.vn/products/giay-sandal-thoi-trang-nu-biti-s-ani-mau-den-bfw009688den
1075478899,Dép Thời Trang Nữ Biti's Ani Màu Kem Lợt BFW009488KEL,495000,Biti's,Dép Thời Trang,"kho:online,26AU,NỮ,ANI,new,Depnu,Dép nữ,Dép,spnoibat,Giày dép nữ",Available,5,https://cdn.hstatic.net/products/1000230642/bfw009488kel__2__648c9be47d664490bfe1c500203693f6.jpg,https://bitis.com.vn/products/dep-thoi-trang-nu-biti-s-ani-mau-kem-lot-bfw009488kel
1075478619,Dép Thời Trang Nữ Biti's Ani Màu Đen BFW009488DEN,495000,Biti's,Dép Thời Trang,"new,ANI,NỮ,kho:online,26AU,spnoibat,Depnu,Dép nữ,Giày dép nữ",Available,5,https://cdn.hstatic.net/products/1000230642/bfw009488den__2__7b938406af9e4543909cda7f95d4da72.jpg,https://bitis.com.vn/products/dep-thoi-trang-nu-biti-s-ani-mau-den-bfw009488den
1075478119,Dép Eva Bé Gái Biti's Lovely Màu Hồng Lợt BEG008500HOL,190000,Biti's,Dép Thông Dụng,"new,Lovely,Giày dép,26AU,kho:online,TRẺ EM,Dép,spnoibat,BÉ GÁI,Giày dép trẻ em",Available,8,https://cdn.hstatic.net/products/1000230642/beg008500hol__2__0f89d849be8449e1851106ded9930f6f.jpg,https://bitis.com.vn/products/dep-eva-be-gai-biti-s-lovely-mau-hong-lot-beg008500hol
1075476154,Giày Sandal Bé Gái Biti's Basic Màu Xám BEG008200XAM,360000,Biti's,Sandal Thông Dụng,"BASIC,26AU,new,kho:online,best seller,TRẺ EM,Sandal,spnoibat,BÉ GÁI,Sandal trẻ em,Giày dép trẻ em",Available,8,https://cdn.hstatic.net/products/1000230642/beg008200xam__2__266a4a73f7b94b05ad0add1c8394eb18.jpg,https://bitis.com.vn/products/giay-sandal-be-gai-biti-s-basic-mau-xam-beg008200xam
1075475803,Giày Sandal Bé Gái Biti's Basic Màu Trắng BEG008200TRG,360000,Biti's,Sandal Thông Dụng,"new,BASIC,26AU,kho:online,best seller,TRẺ EM,Sandal,spnoibat,BÉ GÁI,Sandal trẻ em,Giày dép trẻ em",Available,8,https://cdn.hstatic.net/products/1000230642/beg008200trg__2__e524a783bcd34793a9b23beed059c4ec.jpg,https://bitis.com.vn/products/giay-sandal-be-gai-biti-s-basic-mau-trang-beg008200trg
1075475596,Giày Sandal Bé Gái Biti's Basic Màu Tím BEG008200TIM,360000,Biti's,Sandal Thông Dụng,"26AU,new,BASIC,kho:online,best seller,TRẺ EM,Sandal,spnoibat,BÉ GÁI,Sandal trẻ em,Giày dép trẻ em",Available,8,https://cdn.hstatic.net/products/1000230642/beg008200tim__3__3498e4c297d94ef8bc265be07e3cfe85.jpg,https://bitis.com.vn/products/giay-sandal-be-gai-biti-s-basic-mau-tim-beg008200tim
1075473134,Dép Xốp Bé Gái Biti's Màu Xanh Dương BXG001122XDG,175000,Biti's,Dép Thông Dụng,"Giày dép,TRẺ EM,kho:online,khongdoitra,Dép,BÉ GÁI,Giày dép trẻ em",Available,8,https://cdn.hstatic.net/products/1000230642/ttn_7569_00a400b6f2944406a4541a813db8e71c_e0430c2855fd464aabd80231931ea74b.jpg,https://bitis.com.vn/products/dep-xop-be-gai-biti-s-bxg001122-xanh-duong
1075472635,Giày Thể Thao Biti's Bé Gái BSG004500,505000,Biti's,Giày Thể Thao,"TRẺ EM,kho:online,khongdoitra,Giày trẻ em,Giày,BÉ GÁI,Giày dép trẻ em",Available,9,https://cdn.hstatic.net/products/1000230642/bsg004500til__2__c71810944cb645b596fbcffeed8db76c_6416d041ec154536af12a10c430e6912.jpg,https://bitis.com.vn/products/giay-the-thao-be-gai-biti-s-bsg004500-tim
1075471899,Dép Eva Bé Gái Biti's Thanh Long Màu Rêu BEG008100REU,260000,Biti's,Dép Thông Dụng,"26AU,Giày dép,TRẺ EM,new,Thanh long,kho:online,best seller,Dép,spnoibat,BÉ GÁI,Giày dép trẻ em",Available,8,https://cdn.hstatic.net/products/1000230642/beg008100reu__5__ae675fc238c949ab945db63aaace9e01.jpg,https://bitis.com.vn/products/dep-eva-be-gai-biti-s-thanh-long-mau-reu-beg008100reu
1075471847,Dép Eva Bé Gái Biti's Thanh Long Màu Hồng Đậm BEG008100HOD,260000,Biti's,Dép Thông Dụng,"Giày dép,26AU,TRẺ EM,new,kho:online,Thanh long,best seller,Dép,spnoibat,BÉ GÁI,Giày dép trẻ em",Available,8,https://cdn.hstatic.net/products/1000230642/beg008100hod__5__fe52e73c0de54517a4066ec1cb2edcf6.jpg,https://bitis.com.vn/products/dep-eva-be-gai-biti-s-thanh-long-mau-hong-dam-beg008100hod
1075471719,Dép Eva Bé Gái Biti's Daisy Màu Xanh Ngọc BEG007900XNG,320000,Biti's,Dép Thông Dụng,"kho:online,TRẺ EM,Daisy,Giày dép,26AU,new,best seller,Dép,spnoibat,BÉ GÁI,Giày dép trẻ em",Available,8,https://cdn.hstatic.net/products/1000230642/beg007900xng__7__ea973411e8be480a9ed82c25692c61a1.jpg,https://bitis.com.vn/products/dep-eva-be-gai-biti-s-daisy-mau-xanh-ngoc-beg007900xng
1075471667,Giày Sandal Bé Gái Biti's Cool Màu Kem BEG007800KEM,340000,Biti's,Sandal Thông Dụng,"Cool,new,26AU,kho:online,best seller,TRẺ EM,Sandal,spnoibat,BÉ GÁI,Sandal trẻ em,Giày dép trẻ em",Available,8,https://cdn.hstatic.net/products/1000230642/beg007800kem__3__23b015f5633643c4b2e957538ffc0107.jpg,https://bitis.com.vn/products/giay-sandal-be-gai-biti-s-cool-mau-kem-beg007800kem
1075471450,Giày Sandal Bé Gái Biti's Cool Màu Hồng BEG007800HOG,340000,Biti's,Sandal Thông Dụng,"new,kho:online,Cool,26AU,best seller,TRẺ EM,Sandal,spnoibat,BÉ GÁI,Sandal trẻ em,Giày dép trẻ em",Available,8,https://cdn.hstatic.net/products/1000230642/beg007800hog__3__3de7d5600ace45cba7679eae0bd33ef0.jpg,https://bitis.com.vn/products/giay-sandal-be-gai-biti-s-cool-mau-hong-beg007800hog
1075470912,Giày Sandal Bé Gái Biti's Lovely Màu Tím BEG006300TIM,340000,Biti's,Sandal Thông Dụng,"kho:online,new,26AU,Lovely,best seller,TRẺ EM,Sandal,spnoibat,BÉ GÁI,Sandal trẻ em,Giày dép trẻ em",Available,6,https://cdn.hstatic.net/products/1000230642/beg006300tim__1__77c8492baf00460fab825af228b1fa79.jpg,https://bitis.com.vn/products/giay-sandal-be-gai-biti-s-lovely-mau-tim-beg006300tim
1075470418,Giày Sandal Bé Gái Biti's Lovely Màu Kem BEG006300KEM,340000,Biti's,Sandal Thông Dụng,"Lovely,26AU,kho:online,new,best seller,TRẺ EM,Sandal,spnoibat,BÉ GÁI,Sandal trẻ em,Giày dép trẻ em",Available,6,https://cdn.hstatic.net/products/1000230642/beg006300kem__1__1e65e4a5cab74186983916bfc029d320.jpg,https://bitis.com.vn/products/giay-sandal-be-gai-biti-s-lovely-mau-kem-beg006300kem
1075469969,Giày Sandal Bé Gái Biti's Lovely Màu Đen BEG006300DEN,340000,Biti's,Sandal Thông Dụng,"kho:online,new,26AU,Lovely,best seller,TRẺ EM,Sandal,spnoibat,BÉ GÁI,Sandal trẻ em,Giày dép trẻ em",Available,6,https://cdn.hstatic.net/products/1000230642/beg006300den__1__1ad807200e6d48938ef23b01ad655b86.jpg,https://bitis.com.vn/products/giay-sandal-be-gai-biti-s-lovely-mau-den-beg006300den
1075469450,Giày Sandal Bé Gái Biti's Lovely Màu Tím BEG006100TIM,315000,Biti's,Sandal Thông Dụng,"kho:online,new,26AU,Lovely,best seller,TRẺ EM,Sandal,spnoibat,BÉ GÁI,Sandal trẻ em,Giày dép trẻ em",Available,6,https://cdn.hstatic.net/products/1000230642/beg006100tim__6__b22c6087a5df41c7bddc987669ae989c.jpg,https://bitis.com.vn/products/giay-sandal-be-gai-biti-s-lovely-mau-tim-beg006100tim
1075468288,Giày Sandal Bé Gái Biti's Lovely Màu Trắng BEG006100TRG,315000,Biti's,Sandal Thông Dụng,"Lovely,new,26AU,kho:online,best seller,TRẺ EM,Sandal,spnoibat,BÉ GÁI,Sandal trẻ em,Giày dép trẻ em",Available,6,https://cdn.hstatic.net/products/1000230642/beg006100trg__6__c64fabfdd92c45f18e114e8b1d197b2b.jpg,https://bitis.com.vn/products/giay-sandal-be-gai-biti-s-lovely-mau-trang-beg006100trg
1075416578,Balo Dây Rút Nữ Biti's Màu Tím BBBW02000TIM,275000,Biti's,Balo,"Phukien,Balo,NỮ,kho:online,new,best seller,Phụ kiện nữ,Phụ kiện",Available,1,https://cdn.hstatic.net/products/1000230642/bbbw02000tim__5__d8545297a5d9425a9102bd7764646fe6.jpg,https://bitis.com.vn/products/balo-day-rut-nu-biti-s-mau-tim-bbbw02000tim
1075416563,Balo Dây Rút Nữ Biti's Màu Kem BBBW02000KEM,275000,Biti's,Balo,"NỮ,kho:online,Phukien,new,Balo,best seller,Phụ kiện nữ,Phụ kiện",Available,1,https://cdn.hstatic.net/products/1000230642/bbbw02000kem__3__4d026584755b4539bf6529f6504bef5c.jpg,https://bitis.com.vn/products/balo-day-rut-nu-biti-s-mau-kem-bbbw02000kem
1075416493,Balo Nữ Biti's Woven Màu Nâu BBBW01800NAU,575000,Biti's,Balo,"kho:online,Balo,NỮ,new,Phụ kiện nữ,Phụ kiện,spnoibat,26AU,Woven",Available,1,https://cdn.hstatic.net/products/1000230642/bbbw01800nau__4__b91ecd3dcdbe4074b332e5070599d452.jpg,https://bitis.com.vn/products/balo-nu-biti-s-woven-mau-nau-bbbw01800nau
1075412105,Balo Nữ Biti's Woven Màu Đen BBBW01800DEN,575000,Biti's,Balo,"NỮ,kho:online,Balo,new,Phụ kiện nữ,Phụ kiện,spnoibat,Woven,26AU",Available,1,https://cdn.hstatic.net/products/1000230642/bbbw01800den__3__0445082ebd574f6fb9a21d9bec92b3ef.jpg,https://bitis.com.vn/products/balo-nu-biti-s-woven-mau-den-bbbw01800den
1075411993,Balo Dây Rút Bé Gái Biti's Màu Kem BBBG02900KEM,240000,Biti's,Balo Trẻ Em,"kho:online,new,Phukien,best seller,TRẺ EM,Phụ kiện trẻ em,Phụ kiện,BÉ GÁI",Available,1,https://cdn.hstatic.net/products/1000230642/bbbw02000kem__3__0f514faa2ff248c6b49bd1bfa92d97d5.jpg,https://bitis.com.vn/products/balo-day-rut-be-gai-biti-s-mau-kem-bbbg02900kem
1075411786,Balo Dây Rút Bé Gái Biti's Màu Tím BBBG02900TIM,240000,Biti's,Balo Trẻ Em,"kho:online,new,Phukien,TRẺ EM,Phụ kiện trẻ em,Phụ kiện,BÉ GÁI",Available,1,https://cdn.hstatic.net/products/1000230642/bbbw02000tim__5__985042cc4d444658922d49f1d035063b.jpg,https://bitis.com.vn/products/balo-day-rut-be-gai-biti-s-mau-tim-bbbg02900tim
1075411319,Balo Bé Trai Biti's Batman Màu Xanh Nhớt BBBB02399XNH,640000,Biti's,Balo Trẻ Em,"new,kho:online,Phukien,Batman,BÉ TRAI,TRẺ EM,Phụ kiện,Phụ kiện trẻ em,spnoibat,26AU",Available,1,https://cdn.hstatic.net/products/1000230642/bbbb02399xnh__2__f0966369544e46dc9fe7aa356f238c58.jpg,https://bitis.com.vn/products/balo-be-trai-biti-s-batman-mau-xanh-nhot-bbbb02399xnh
1075410730,Balo Bé Trai Biti's Batman Màu Đen BBBB02399DEN,640000,Biti's,Balo Trẻ Em,"BÉ TRAI,kho:online,Batman,new,Phukien,TRẺ EM,Phụ kiện,Phụ kiện trẻ em,spnoibat,26AU",Available,1,https://cdn.hstatic.net/products/1000230642/bbbb02399den__2__afe01b6af1c14d2f839f6cf29910ee8c.jpg,https://bitis.com.vn/products/balo-be-trai-biti-s-batman-mau-den-bbbb02399den
1075383848,Sandal Biti's ZOOM Collection Nam Màu Rêu BYM000600REU,475000,Biti's,Sandal Thông Dụng,"NAM,kho:online,best seller,Zoom,Sandal,Giày dép nam",Available,6,https://cdn.hstatic.net/products/1000230642/bym000600reu__6__7e0e6d150175463ba89ce6b9c3d37dad_1931bfa3413948baa1726e15d994732d.jpg,https://bitis.com.vn/products/sandal-biti-s-nam-mau-reu-bym000600reu
1075351682,Giày Thể Thao Nữ Biti's Soulmate Màu Kem BSW004400KEM,595000,Biti's,Giày Thể Thao,"kho:online,NỮ,top,new,Soulmate,26AU,best seller,Giày nữ,Giày,spnoibat,Giày dép nữ,Đã bán:1539",Available,5,https://cdn.hstatic.net/products/1000230642/bsw004400kem__2__b2846bb8b3c14e6ea05098e43f770a36.jpg,https://bitis.com.vn/products/giay-the-thao-nu-biti-s-soulmate-mau-kem-bsw004400kem
1075351558,Giày Thể Thao Nữ Biti's Soulmate Màu Hồng BSW004400HOG,595000,Biti's,Giày Thể Thao,"new,kho:online,top,NỮ,Soulmate,26AU,best seller,Giày nữ,Giày,spnoibat,Giày dép nữ,Đã bán:1401",Available,5,https://cdn.hstatic.net/products/1000230642/bsw004400hog__1__b1145fe1f1a04ebd8f7297f1898e89ae.jpg,https://bitis.com.vn/products/giay-the-thao-nu-biti-s-soulmate-mau-hong-bsw004400hog
1075350688,Giày Thể Thao Nam Biti's Soulmate Màu Trắng Full BSM004400TRF,595000,Biti's,Giày Thể Thao,"top,Soulmate,NAM,kho:online,new,26AU,best seller,Giày nam,Giày,spnoibat,Giày dép nam",Available,5,https://cdn.hstatic.net/products/1000230642/bsm004400trf__1__e9e6076afbce4f5c89dc6718e3cef2b4.jpg,https://bitis.com.vn/products/giay-the-thao-nam-biti-s-soulmate-mau-trang-full-bsm004400trf
1075348304,Giày Thể Thao Nam Biti's Soulmate Màu Nâu BSM004400NAU,595000,Biti's,Giày Thể Thao,"NAM,kho:online,top,Soulmate,new,26AU,best seller,Giày nam,Giày,spnoibat,Giày dép nam",Available,5,https://cdn.hstatic.net/products/1000230642/bsm004400nau__1__8e2e8d90a11f4f1d98a8001d1a1e3aa1.jpg,https://bitis.com.vn/products/giay-the-thao-nam-biti-s-soulmate-mau-nau-bsm004400nau
1075347575,Giày Thể Thao Nam Biti's Soulmate Màu Kem BSM004400KEM,595000,Biti's,Giày Thể Thao,"new,NAM,top,Soulmate,kho:online,26AU,best seller,Giày nam,Giày,spnoibat,Giày dép nam",Available,5,https://cdn.hstatic.net/products/1000230642/bsm004400kem__1__e4112351ce344daeb74b373a336cf95d.jpg,https://bitis.com.vn/products/giay-the-thao-nam-biti-s-soulmate-mau-kem-bsm004400kem
1075335665,Giày Sandal Bé Gái Biti's Basic Màu Trắng Full BEG008000TRF,340000,Biti's,Sandal Thông Dụng,"new,BASIC,kho:online,26AU,best seller,TRẺ EM,Sandal,spnoibat,BÉ GÁI,Sandal trẻ em,Giày dép trẻ em",Available,6,https://cdn.hstatic.net/products/1000230642/beg008000trf__1__fccff3a4026845e5aad7ce761a15925b.jpg,https://bitis.com.vn/products/giay-sandal-be-gai-biti-s-basic-mau-trang-full-beg008000trf
1075334579,Giày Sandal Bé Gái Biti's Basic Màu Kem Đậm BEG008000KED,340000,Biti's,Sandal Thông Dụng,"kho:online,new,BASIC,26AU,best seller,TRẺ EM,Sandal,spnoibat,BÉ GÁI,Sandal trẻ em,Giày dép trẻ em",Available,6,https://cdn.hstatic.net/products/1000230642/beg008000ked__6__0f2833ed17c6473a926f692a60c5b41d.jpg,https://bitis.com.vn/products/giay-sandal-be-gai-biti-s-basic-mau-kem-dam-beg008000ked
1075333777,Giày Sandal Bé Gái Biti's Basic Màu Đen Full BEG008000DEF,340000,Biti's,Sandal Thông Dụng,"new,kho:online,BASIC,26AU,best seller,TRẺ EM,Sandal,spnoibat,BÉ GÁI,Sandal trẻ em,Giày dép trẻ em",Available,6,https://cdn.hstatic.net/products/1000230642/beg008000def__1__8d8dfdde68754cb8b5151e0b7c39ac5b.jpg,https://bitis.com.vn/products/giay-sandal-be-gai-biti-s-basic-mau-den-full-beg008000def
1075259806,Giày Sandal Nam Biti's Hunter Màu Rêu HEM001300REU,575000,HUNTER,Sandal Thông Dụng,"Hunter,25AP,kho:online,Sandalhunternam,NAM,khongdoitra,Sandal,Sandal Dép Hunter,Giày dép nam,Giày dép Hunter",Available,7,https://cdn.hstatic.net/products/1000230642/hem000300reu__2__b1c4f59d3d444955bed33633cfd829af.jpg,https://bitis.com.vn/products/giay-sandal-nam-biti-s-hunter-mau-reu-hem001300reu
1075257920,Giày Sandal Nữ Biti's Hunter City Màu Kem Lợt HEW002500KEL,495000,HUNTER,Sandal Thông Dụng,"NỮ,Hunter,newhunter,Sandalhunternu,26AU,best seller,kho:online,BST New,new,Sandalnu,spnoibat,Sandal Dép Hunter,HunterCity,Giày dép nữ,Giày dép Hunter",Available,5,https://cdn.hstatic.net/products/1000230642/hew002500kel__2__c63071e72561459281da2b21ada5e3df.jpg,https://bitis.com.vn/products/giay-sandal-nu-biti-s-hunter-city-mau-kem-lot-hew002500kel
1075255183,Giày Sandal Nữ Biti's Hunter City Màu Hồng Lợt HEW002500HOL,495000,HUNTER,Sandal Thông Dụng,"Sandalhunternu,newhunter,Hunter,NỮ,26AU,best seller,kho:online,BST New,new,Sandalnu,spnoibat,Sandal Dép Hunter,HunterCity,Giày dép nữ,Giày dép Hunter",Available,5,https://cdn.hstatic.net/products/1000230642/hew002500hol__1__37d0cce01a424ebbbe8a1aae0417f8a8.jpg,https://bitis.com.vn/products/giay-sandal-nu-biti-s-hunter-city-mau-hong-lot-hew002500hol
1075251298,Giày Sandal Nữ Biti's Hunter City Màu Đen HEW002500DEN,495000,HUNTER,Sandal Thông Dụng,"new,newhunter,NỮ,BST New,Hunter,Sandalhunternu,26AU,best seller,kho:online,Sandalnu,spnoibat,Sandal Dép Hunter,HunterCity,Giày dép nữ,Giày dép Hunter",Available,5,https://cdn.hstatic.net/products/1000230642/hew002500den__1__d442e2e2709e4f5e9f7fdff9a0139e9d.jpg,https://bitis.com.vn/products/giay-sandal-nu-biti-s-hunter-city-mau-den-hew002500den
1075248643,Giày Sandal Nam Biti's Hunter City Màu Xám Đậm HEM002500XAD,495000,HUNTER,Sandal Thông Dụng,"Hunter,new,kho:online,NAM,26AU,Sandalhunternam,Sandal,spnoibat,Sandal Dép Hunter,HunterCity,Giày dép nam,Giày dép Hunter",Available,7,https://cdn.hstatic.net/products/1000230642/hem002500xad__3__23c70ba62144442e95959c41880bfce3.jpg,https://bitis.com.vn/products/giay-sandal-nam-biti-s-hunter-city-mau-xam-dam-hem002500xad
1075248340,Giày Sandal Nam Biti's Hunter City Màu Đen HEM002500DEN,495000,HUNTER,Sandal Thông Dụng,"NAM,new,Hunter,BST New,26AU,Sandalhunternam,kho:online,newhunter,best seller,Sandal,spnoibat,Sandal Dép Hunter,HunterCity,Giày dép nam,Giày dép Hunter",Available,7,https://cdn.hstatic.net/products/1000230642/hem002500den__3__a653377a504e47eda83199d9336dffd1.jpg,https://bitis.com.vn/products/giay-sandal-nam-biti-s-hunter-city-mau-den-hem002500den
1075247611,Giày Sandal Nam Biti's Hunter City Màu Đen Full HEM002500DEF,495000,HUNTER,Sandal Thông Dụng,"new,NAM,Sandalhunternam,BST New,26AU,Hunter,newhunter,kho:online,best seller,Sandal,spnoibat,Sandal Dép Hunter,HunterCity,Giày dép nam,Giày dép Hunter",Available,7,https://cdn.hstatic.net/products/1000230642/hem002500def__4__1a60f6bd7e5d4463940bd1622f79aaef.jpg,https://bitis.com.vn/products/giay-sandal-nam-biti-s-hunter-city-mau-den-full-hem002500def
1075210610,Dép Eva Bé Gái Biti's Daisy Màu Hồng Lợt BEG007900HOL,320000,Biti's,Dép Thông Dụng,"Daisy,26AU,new,kho:online,TRẺ EM,Giày dép,best seller,Dép,spnoibat,BÉ GÁI,Giày dép trẻ em",Available,8,https://cdn.hstatic.net/products/1000230642/beg007900hol__2__5f2cf0223d5c4ecf9a66d11f3e42c9aa.jpg,https://bitis.com.vn/products/dep-eva-be-gai-biti-s-daisy-mau-hong-lot-beg007900hol
1075194185,Dép Clog Nữ Biti's Esoft Đế Cao Thời Trang Màu Hồng BEW005600HOG,350000,Biti's,Dép Thông Dụng,"kho:online,26AU,new,Esoft,NỮ,best seller,Depnu,Dép nữ,Dép,spnoibat,Giày dép nữ",Available,6,https://cdn.hstatic.net/products/1000230642/bew005600hog__4__77634adfbb784f258f33b0d72b42680a.jpg,https://bitis.com.vn/products/dep-clog-nu-biti-s-esoft-de-cao-thoi-trang-mau-hong-bew005600hog
1075194110,Dép Clog Nữ Biti's Esoft Đế Cao Thời Trang Màu Đen BEW005600DEN,350000,Biti's,Dép Thông Dụng,"26AU,new,kho:online,Esoft,NỮ,best seller,Depnu,Dép nữ,Dép,spnoibat,Giày dép nữ",Available,6,https://cdn.hstatic.net/products/1000230642/bew005600den__3__59811aba88964dce97887ba9fcddba87.jpg,https://bitis.com.vn/products/dep-clog-nu-biti-s-esoft-de-cao-thoi-trang-mau-den-bew005600den
1075193912,Giày Thể Thao Biti's Hunter Nam EZ Fit Màu Đen HSM014700DEN,930000,HUNTER,Giày Thể Thao,"Huntersneaker,kho:online,BST New,Hunter,Huntersneakernam,newhunter,EZ Fit,26AU,new,NAM,best seller,Giày nam,Giày,spnoibat,Hunter Nam,Giày Hunter,Giày dép nam,Giày dép Hunter",Available,7,https://cdn.hstatic.net/products/1000230642/hsm014700den__7__dc159ba761a84ff4b2c73fa0c48fab15.jpg,https://bitis.com.vn/products/giay-the-thao-biti-s-hunter-nam-ez-fit-mau-den-hsm014700den
1075193845,Giày Thể Thao Biti's Hunter Nam EZ Fit Màu Rêu HSM014700REU,930000,HUNTER,Giày Thể Thao,"BST New,new,Huntersneaker,kho:online,EZ Fit,Hunter,26AU,newhunter,Huntersneakernam,NAM,best seller,Giày nam,Giày,spnoibat,Hunter Nam,Giày Hunter,Giày dép nam,Giày dép Hunter",Available,7,https://cdn.hstatic.net/products/1000230642/hsm014700reu__7__d03ec3f521ac45d5aa74f9fadef9d88a.jpg,https://bitis.com.vn/products/giay-the-thao-biti-s-hunter-nam-ez-fit-mau-reu-hsm014700reu
1075193781,Giày Thể Thao Biti's Hunter Nam EZ Fit Màu Xám HSM014700XAM,930000,HUNTER,Giày Thể Thao,"Huntersneaker,26AU,BST New,kho:online,Huntersneakernam,new,Hunter,newhunter,EZ Fit,NAM,best seller,Giày nam,Giày,spnoibat,Hunter Nam,Giày Hunter,Giày dép nam,Giày dép Hunter",Available,7,https://cdn.hstatic.net/products/1000230642/hsm014700xam__2__b8a730258d0444ee9550b6b9d8525a11.jpg,https://bitis.com.vn/products/giay-the-thao-biti-s-hunter-nam-ez-fit-mau-xam-hsm014700xam
1075191443,Giày Sandal Nữ Biti's Hunter 4All Màu Rêu HEW002700REU,515000,HUNTER,Sandal Thông Dụng,"BST New,Hunter,4All,Sandalhunternu,newhunter,26AP,kho:online,NỮ,best seller,Sandalnu,Sandal Dép Hunter,Giày dép nữ,Giày dép Hunter",Available,5,https://cdn.hstatic.net/products/1000230642/hew002700reu_bdeecb8a1e1847fdbfbcf347f78e39d0.jpg,https://bitis.com.vn/products/giay-sandal-nu-biti-s-hunter-4all-mau-reu-hew002700reu
1075191375,Giày Sandal Nữ Biti's Hunter 4All Màu Nâu HEW002700NAU,515000,HUNTER,Sandal Thông Dụng,"BST New,Hunter,newhunter,Sandalhunternu,kho:online,26AP,4All,NỮ,best seller,Sandalnu,Sandal Dép Hunter,Giày dép nữ,Giày dép Hunter",Available,5,https://cdn.hstatic.net/products/1000230642/hew002700nau_0b79b4610dab4593943c0204f6105335.jpg,https://bitis.com.vn/products/giay-sandal-nu-biti-s-hunter-4all-mau-nau-hew002700nau
1075191211,Giày Sandal Nam Biti's Hunter 4All Màu Xanh Dương HEM002700XDG,515000,HUNTER,Sandal Thông Dụng,"Hunter,Sandalhunternam,BST New,newhunter,kho:online,4All,26AP,NAM,best seller,Sandal,Sandal Dép Hunter,Giày dép nam,Giày dép Hunter",Available,6,https://cdn.hstatic.net/products/1000230642/hem002700xdg_55a830a4ef674aa98fd4bfd5ad99d5a8.jpg,https://bitis.com.vn/products/giay-sandal-nam-biti-s-hunter-4all-mau-xanh-duong-hem002700xdg
1075190942,Giày Sandal Nam Biti's Hunter 4All Màu Rêu HEM002700REU,515000,HUNTER,Sandal Thông Dụng,"4All,Sandalhunternam,Hunter,BST New,newhunter,26AP,kho:online,NAM,best seller,Sandal,Sandal Dép Hunter,Giày dép nam,Giày dép Hunter",Available,6,https://cdn.hstatic.net/products/1000230642/hew002700reu_dea2a19538384af0b7c9a68a2eacaa57.jpg,https://bitis.com.vn/products/giay-sandal-nam-biti-s-hunter-4all-mau-reu-hem002700reu
1075189344,Giày Sandal Nam Biti's Hunter 4All Màu Nâu HEM002700NAU,515000,HUNTER,Sandal Thông Dụng,"BST New,newhunter,kho:online,4All,26AP,Hunter,Sandalhunternam,NAM,best seller,Sandal,Sandal Dép Hunter,Giày dép nam,Giày dép Hunter",Available,6,https://cdn.hstatic.net/products/1000230642/hem002700nau__7__78ce692d10074acd930dac14687f5aca.jpg,https://bitis.com.vn/products/giay-sandal-nam-biti-s-hunter-4all-mau-nau-hem002700nau
1075185899,Giày Sandal Nữ Biti's Êmbrace Màu Nâu BEW005500NAU,470000,Êmbrace,Sandal Thông Dụng,"new,kho:online,Êmbrace,26AU,NỮ,best seller,Sandalnu,spnoibat,Giày dép nữ",Available,6,https://cdn.hstatic.net/products/1000230642/bew005500nau__3__44ab513915b046fa822321973979d9aa.jpg,https://bitis.com.vn/products/giay-sandal-nu-biti-s-embrace-mau-nau-bew005500nau
1075185883,Giày Sandal Nữ Biti's Êmbrace Màu Đen BEW005500DEN,470000,Êmbrace,Sandal Thông Dụng,"kho:online,26AU,new,Êmbrace,NỮ,best seller,Sandalnu,spnoibat,Giày dép nữ",Available,6,https://cdn.hstatic.net/products/1000230642/bew005500den__3__8ad26b8566e04cff80f74c4cd335036f.jpg,https://bitis.com.vn/products/giay-sandal-nu-biti-s-embrace-mau-den-bew005500den
1075185782,Giày Sandal Nữ Biti's Êmbrace Màu Trắng BEW005500TRG,470000,Êmbrace,Sandal Thông Dụng,"26AU,Êmbrace,new,kho:online,NỮ,best seller,Sandalnu,spnoibat,Giày dép nữ",Available,6,https://cdn.hstatic.net/products/1000230642/bew005500trg__3__aa263b6d336d4ebf9e8eb682bc2838a3.jpg,https://bitis.com.vn/products/giay-sandal-nu-biti-s-embrace-mau-trang-bew005500trg
1075185690,Giày Sandal Nam Biti's Nova Màu Xám BEM005100XAM,410000,Biti's,Sandal Thông Dụng,"new,Nova,kho:online,26AU,NAM,best seller,Sandal,spnoibat,Giày dép nam",Available,6,https://cdn.hstatic.net/products/1000230642/bem005100xam__3__fe1513d0f2fa4083b708077f6d4ca453.jpg,https://bitis.com.vn/products/giay-sandal-nam-biti-s-nova-mau-xam-bem005100xam
1075183752,Giày Sandal Nam Biti's Nova Màu Rêu BEM005100REU,410000,Biti's,Sandal Thông Dụng,"new,kho:online,Nova,26AU,NAM,best seller,Sandal,spnoibat,Giày dép nam",Available,6,https://cdn.hstatic.net/products/1000230642/bem005100reu__3__a47d7bdf99194f32b2ca55a697095166.jpg,https://bitis.com.vn/products/giay-sandal-nam-biti-s-nova-mau-reu-bem005100reu
1075183713,Giày Sandal Nam Biti's Nova Màu Đen BEM005100DEN,410000,Biti's,Sandal Thông Dụng,"kho:online,new,Nova,26AU,NAM,best seller,Sandal,spnoibat,Giày dép nam",Available,6,https://cdn.hstatic.net/products/1000230642/bem005100den__5__1c2b9aa8bb31473b9a9f18393d109b6c.jpg,https://bitis.com.vn/products/giay-sandal-nam-biti-s-nova-mau-den-bem005100den
1075183302,Giày Sandal Nam Biti's City Màu Xám Đậm BEM004600XAD,405000,Biti's,Sandal Thông Dụng,"City,new,26AU,kho:online,NAM,best seller,Sandal,spnoibat,Giày dép nam",Available,6,https://cdn.hstatic.net/products/1000230642/bem004600xad__4__b7573843b75d442a84721c824bce3569.jpg,https://bitis.com.vn/products/giay-sandal-nam-biti-s-city-mau-xam-dam-bem004600xad
1075182811,Giày Sandal Nam Biti's City Màu Nâu BEM004600NAU,405000,Biti's,Sandal Thông Dụng,"new,kho:online,City,26AU,NAM,best seller,Sandal,spnoibat,Giày dép nam",Available,6,https://cdn.hstatic.net/products/1000230642/bem004600nau__4__a89f0f81608149b8a1ec55e836f6abee.jpg,https://bitis.com.vn/products/giay-sandal-nam-biti-s-city-mau-nau-bem004600nau
1075182702,Giày Sandal Nam Biti's City Màu Đen BEM004600DEF,405000,Biti's,Sandal Thông Dụng,"26AU,new,City,kho:online,NAM,best seller,Sandal,spnoibat,Giày dép nam",Available,6,https://cdn.hstatic.net/products/1000230642/bem004600def__7__c18bd0020e484d99922712809967bad3.jpg,https://bitis.com.vn/products/giay-sandal-nam-biti-s-city-mau-den-bem004600def
1075182239,Giày Sandal Teen Nữ Bit's Helio Màu Xám BEG008300XAM,510000,Helio,Sandal Thông Dụng,"Helio,new,kho:online,Sandalteennu,26AU,NỮ,best seller,Sandalnu,spnoibat,Giày dép nữ",Available,6,https://cdn.hstatic.net/products/1000230642/beg008300xam__6__0d194f4db3ef4be6ac74a95321435a50.jpg,https://bitis.com.vn/products/giay-sandal-teen-nu-bit-s-helio-mau-xam-beg008300xam
1075182138,Giày Sandal Teen Nữ Bit's Helio Màu Kem BEG008300KEM,510000,Helio,Sandal Thông Dụng,"Helio,new,26AU,kho:online,Sandalteennu,NỮ,best seller,Sandalnu,spnoibat,Giày dép nữ",Available,6,https://cdn.hstatic.net/products/1000230642/beg008300kem__6__f46764c4e9f14f3987d37101a928ee14.jpg,https://bitis.com.vn/products/giay-sandal-teen-nu-bit-s-helio-mau-kem-beg008300kem
1075182045,Giày Sandal Teen Nữ Bit's Helio Màu Hồng Lợt BEG008300HOL,510000,Helio,Sandal Thông Dụng,"kho:online,new,Sandalteennu,26AU,Helio,NỮ,best seller,Sandalnu,spnoibat,Giày dép nữ",Available,6,https://cdn.hstatic.net/products/1000230642/beg008300hol__7__e9f3adf5bc1e488b9cf1f0647190ebf8.jpg,https://bitis.com.vn/products/giay-sandal-teen-nu-bit-s-helio-mau-hong-lot-beg008300hol
1075181687,Túi Đựng Laptop Nữ Biti's Màu Đen BBTW00900DEN,399000,Biti's,Túi Xách,"kho:online,26AP,Tuixach,Phukien,NỮ,best seller,Phụ kiện nữ,Phụ kiện",Available,1,https://cdn.hstatic.net/products/1000230642/bbtw00900den__2__cfcb9fd28ae34564affe20222b9b040e.jpg,https://bitis.com.vn/products/tui-dung-laptop-nu-biti-s-mau-den-bbtw00900den
1075181189,Túi Đeo Chéo Bé Gái Biti's Little Paws Màu Kem BBSG00400KEM,295000,Biti's,Túi Đeo,"kho:online,Tuitreem,new,Phukien,26AP,LITTLE PAWS,TRẺ EM,Phụ kiện trẻ em,Phụ kiện,BÉ GÁI",Available,1,https://cdn.hstatic.net/products/1000230642/bbsg00400kem__4__861699e08df0414e8728d32bfabf4ee4.jpg,https://bitis.com.vn/products/tui-deo-cheo-biti-s-tre-em-mau-kem-bbsg00400kem
1075180836,Túi Đeo Chéo Bé Gái Biti's Little Paws Màu Đen BBSG00400DEN,295000,Biti's,Túi Đeo,"Phukien,kho:online,Tuitreem,new,LITTLE PAWS,26AP,TRẺ EM,best seller,Phụ kiện trẻ em,Phụ kiện,BÉ GÁI",Available,1,https://cdn.hstatic.net/products/1000230642/bbsg00400den__6__33acc6dbc4f04199958a3e44614a8e41.jpg,https://bitis.com.vn/products/tui-deo-cheo-biti-s-tre-em-mau-den-bbsg00400den
1075179757,Giày Thể Thao Teen Nữ Biti's Helio Zely Màu Xanh Lá Cây BSG011200XLC,715000,Helio,Giày Thể Thao,"Helio,kho:online,new,Teennu,26AU,NỮ,best seller,Zely,Giày nữ,Giày,spnoibat,Giày dép nữ",Available,6,https://cdn.hstatic.net/products/1000230642/bsg011200xlc__6__2aa5de2056ed45a892eaac7872ed12d9.jpg,https://bitis.com.vn/products/giay-the-thao-teen-nu-biti-s-helio-zely-mau-xanh-la-cay-bsg011200xlc
1075179381,Giày Thể Thao Teen Nữ Biti's Helio Zely Màu Kem BSG011200KEM,715000,Helio,Giày Thể Thao,"kho:online,Teennu,Helio,new,26AU,NỮ,best seller,Zely,Giày nữ,Giày,spnoibat,Giày dép nữ",Available,6,https://cdn.hstatic.net/products/1000230642/bsg011200kem__6__45816f4b4885485888257bf01b5f3c29.jpg,https://bitis.com.vn/products/giay-the-thao-teen-nu-biti-s-helio-zely-mau-kem-bsg011200kem
1075179201,Giày Thể Thao Teen Nữ Biti's Helio Zely Màu Hồng BSG011200HOG,715000,Helio,Giày Thể Thao,"Helio,new,26AU,Teennu,kho:online,NỮ,best seller,Zely,Giày nữ,Giày,spnoibat,Giày dép nữ",Available,6,https://cdn.hstatic.net/products/1000230642/bsg011200hog__3__13a9d49fd0144db1bac3d24e26206d84.jpg,https://bitis.com.vn/products/giay-the-thao-teen-nu-biti-s-helio-zely-mau-hong-bsg011200hog
1075177800,Giày Thể Theo Bé Gái Biti's Basic Màu Trắng BSG011500TRF,495000,Biti's,Giày Thể Thao,"new,kho:online,26AU,BASIC,TRẺ EM,best seller,Giày trẻ em,Giày,spnoibat,BÉ GÁI,Giày dép trẻ em",Available,8,https://cdn.hstatic.net/products/1000230642/bsg011500trf__1__d133e30385fa4d1a81e30042c56ae303.jpg,https://bitis.com.vn/products/giay-the-theo-be-gai-biti-s-basic-mau-trang-bsg011500trf
1075177703,Giày Thể Theo Bé Gái Biti's Basic Màu Nâu BSG011500NAU,495000,Biti's,Giày Thể Thao,"BASIC,26AU,kho:online,new,TRẺ EM,best seller,Giày trẻ em,Giày,spnoibat,BÉ GÁI,Giày dép trẻ em",Available,8,https://cdn.hstatic.net/products/1000230642/bsg011500nau__2__06dea517ea614572a5fed7b315dd6517.jpg,https://bitis.com.vn/products/giay-the-theo-be-gai-biti-s-basic-mau-nau-bsg011500nau
1075175144,Giày Thể Theo Bé Gái Biti's Basic Màu Hồng BSG011500HOG,495000,Biti's,Giày Thể Thao,"BASIC,new,26AU,kho:online,TRẺ EM,best seller,Giày trẻ em,Giày,spnoibat,BÉ GÁI,Giày dép trẻ em",Available,8,https://cdn.hstatic.net/products/1000230642/bsg011500hog__7__da17770d852e41c4a89547b20e60dadd.jpg,https://bitis.com.vn/products/giay-the-theo-be-gai-biti-s-basic-mau-hong-bsg011500hog
1075175136,Giày Thể Thao Bé Gái Biti's Dino Màu Tím BSG010900TIM,585000,Biti's,Giày Thể Thao,"new,Dino,26AU,kho:online,TRẺ EM,best seller,Giày trẻ em,Giày,spnoibat,BÉ GÁI,Giày dép trẻ em",Available,8,https://cdn.hstatic.net/products/1000230642/bsg010900tim__2__9d679d9cdfc74084869929492de722dd.jpg,https://bitis.com.vn/products/giay-the-thao-be-gai-biti-s-dino-mau-tim-bsg010900tim
1075175126,Giày Thể Thao Bé Gái Biti's Dino Màu Hồng BSG010900HOG,585000,Biti's,Giày Thể Thao,"Dino,26AU,new,kho:online,TRẺ EM,best seller,Giày trẻ em,Giày,spnoibat,BÉ GÁI,Giày dép trẻ em",Available,8,https://cdn.hstatic.net/products/1000230642/bsg010900hog__7__62d2f013a55949cb81ff7af248664c7c.jpg,https://bitis.com.vn/products/giay-the-thao-be-gai-biti-s-dino-mau-hong-bsg010900hog
1075175104,Giày Thể Thao Trẻ Em Biti's Dino Màu Nâu BSB010900NAU,585000,Biti's,Giày Thể Thao,"Dino,kho:online,new,26AU,Giày dép,best seller,spnoibat,TRẺ EM,BÉ GÁI,BÉ TRAI,Giày dép trẻ em",Available,8,https://cdn.hstatic.net/products/1000230642/bsb010900nau__4__95fcf5a6c009488d9a3b2a0ebaec75b3.jpg,https://bitis.com.vn/products/giay-the-thao-tre-em-biti-s-dino-mau-nau-bsb010900nau
1075175096,Giày Thể Thao Trẻ Em Biti's Dino Màu Đen BSB010900DEN,585000,Biti's,Giày Thể Thao,"Dino,26AU,kho:online,new,Giày dép,best seller,spnoibat,TRẺ EM,BÉ TRAI,BÉ GÁI,Giày dép trẻ em",Available,8,https://cdn.hstatic.net/products/1000230642/bsb010900den__6__ba6c93138729417ab13812b18499fc48.jpg,https://bitis.com.vn/products/giay-the-thao-tre-em-biti-s-dino-mau-den-bsb010900den
1075175041,Giày Sandal Nữ Biti's Êmbrace Màu Nâu BPW009388NAU,565000,Êmbrace,Sandal Thời Trang,"new,kho:online,Êmbrace,26AU,NỮ,best seller,Sandalnu,spnoibat,Giày dép nữ",Available,5,https://cdn.hstatic.net/products/1000230642/bpw009388nau__7__f44dd1c138334fd88241c1c6c0281e99.jpg,https://bitis.com.vn/products/giay-sandal-nu-biti-s-embrace-mau-nau-bpw009388nau
1075175009,Giày Sandal Nữ Biti's Êmbrace Màu Đen BPW009388DEN,565000,Êmbrace,Sandal Thời Trang,"26AU,new,kho:online,Êmbrace,NỮ,best seller,Sandalnu,spnoibat,Giày dép nữ",Available,5,https://cdn.hstatic.net/products/1000230642/bpw009388den__2__db3a612136a74ded862a23895ba917e5.jpg,https://bitis.com.vn/products/giay-sandal-nu-biti-s-embrace-mau-den-bpw009388den
1075174971,Giày Cao Gót Nữ Biti's Ani Màu Trắng BFW009188TRG,495000,Biti's,Sandal Thời Trang,"kho:online,ANI,new,26AU,NỮ,Sandal Thời Trang,best seller,Sandalnu,spnoibat,Giày dép nữ",Available,5,https://cdn.hstatic.net/products/1000230642/bfw009188trg__3__25821a540684414d9d54622a886125a9.jpg,https://bitis.com.vn/products/giay-cao-got-nu-biti-s-ani-mau-trang-bfw009188trg
1075174957,Giày Cao Gót Nữ Biti's Ani Màu Đen BFW009188DEN,495000,Biti's,Sandal Thời Trang,"kho:online,new,ANI,26AU,NỮ,Sandal Thời Trang,best seller,Sandalnu,spnoibat,Giày dép nữ",Available,5,https://cdn.hstatic.net/products/1000230642/bfw009188den__2__11fdbf5da69f4736a27c9d8271e2ec7e.jpg,https://bitis.com.vn/products/giay-cao-got-nu-biti-s-ani-mau-den-bfw009188den
1075174909,Giày Sandal Nữ Biti's Sandy Màu Nâu BEW005900NAU,405000,Biti's,Sandal Thông Dụng,"26AU,SANDY,kho:online,new,NỮ,Sandal Thông Dụng,best seller,Sandalnu,spnoibat,Giày dép nữ",Available,6,https://cdn.hstatic.net/products/1000230642/bew005900nau__4__24f0a9b83dd54d5e94a93b0d33567763.jpg,https://bitis.com.vn/products/giay-sandal-nu-biti-s-sandy-mau-nau-bew005900nau
1075174895,Giày Sandal Nữ Biti's Sandy Màu Kem BEW005900KEM,405000,Biti's,Sandal Thông Dụng,"kho:online,26AU,SANDY,new,NỮ,Sandal Thông Dụng,best seller,Sandalnu,spnoibat,Giày dép nữ",Available,6,https://cdn.hstatic.net/products/1000230642/bew005900kem__4__26fc239df9bb463cac7496b0a232184a.jpg,https://bitis.com.vn/products/giay-sandal-nu-biti-s-sandy-mau-kem-bew005900kem
1075174883,Giày Sandal Nữ Biti's Sandy Màu Đen BEW005900DEF,405000,Biti's,Sandal Thông Dụng,"new,SANDY,26AU,kho:online,NỮ,Sandal Thông Dụng,best seller,Sandalnu,spnoibat,Giày dép nữ",Available,6,https://cdn.hstatic.net/products/1000230642/bew005900def__4__4004a4bb4bc14ef0ad1513398a24c0e2.jpg,https://bitis.com.vn/products/giay-sandal-nu-biti-s-sandy-mau-den-bew005900def
1075162342,Dép Clog Nữ Biti's Esoft Đế Cao Thời Trang Màu Tím BEW005600TIM,350000,Biti's,Dép Thông Dụng,"kho:online,new,Esoft,26AU,NỮ,best seller,Depnu,Dép nữ,Dép,spnoibat,Giày dép nữ",Available,6,https://cdn.hstatic.net/products/1000230642/bew005600tim__3__1ac07ad8b08f480baa93b867c601ac4e.jpg,https://bitis.com.vn/products/dep-clog-nu-biti-s-esoft-de-cao-thoi-trang-mau-tim-bew005600tim
1075161987,Dép Clog Nữ Biti's Esoft Đế Cao Thời Trang Màu Kem BEW005600KEM,350000,Biti's,Dép Thông Dụng,"26AU,new,Esoft,kho:online,NỮ,best seller,Depnu,Dép nữ,Dép,spnoibat,Giày dép nữ",Available,6,https://cdn.hstatic.net/products/1000230642/bew005600kem__3__0b30a1f44f8e45c48d74f631c230f160.jpg,https://bitis.com.vn/products/dep-nu-biti-s-esoft-mau-kem-bew005600kem
1075154824,Giày Sandal Bé Gái Biti's Lovely Màu Tím BEG006200TIM,340000,Biti's,Sandal Thông Dụng,"kho:online,new,26AU,Lovely,TRẺ EM,best seller,Sandal,spnoibat,BÉ GÁI,Sandal trẻ em,Giày dép trẻ em",Available,10,https://cdn.hstatic.net/products/1000230642/beg006200tim__1__6c55f9c3a01d4c9da106c0f0bc2cee56.jpg,https://bitis.com.vn/products/giay-sandal-be-gai-biti-s-lovely-mau-tim-beg006200tim
1075154603,Giày Sandal Nam Biti's Glide Màu Nâu Đậm BDM002577NAD,505000,Biti's,Sandal Thông Dụng,"kho:online,new,Glide,26AU,NAM,best seller,Sandal,Giày dép nam",Available,6,https://cdn.hstatic.net/products/1000230642/bdm002577nad__5__74d4e4ef3ea74fbca4202d09c58ab3fa.jpg,https://bitis.com.vn/products/giay-sandal-nam-biti-s-glide-mau-nau-dam-bdm002577nad
1075154531,Giày Sandal Nam Biti's Glide Màu Đen BDM002577DEN,505000,Biti's,Sandal Thông Dụng,"kho:online,Glide,new,26AU,NAM,best seller,Sandal,spnoibat,Giày dép nam",Available,6,https://cdn.hstatic.net/products/1000230642/bdm002577den__2__0784fee7f5f949f0a03a062022577935.jpg,https://bitis.com.vn/products/giay-sandal-nam-biti-s-glide-mau-den-bdm002577den
1075152044,Giày Sandal Bé Gái Biti's Lovely Màu Trắng BEG006201TRG,340000,Biti's,Sandal Thông Dụng,"Lovely,kho:online,new,26AU,TRẺ EM,best seller,Sandal,spnoibat,BÉ GÁI,Sandal trẻ em,Giày dép trẻ em",Available,10,https://cdn.hstatic.net/products/1000230642/beg006201trg__3__9b22154aca764a3985f229b9ab705765.jpg,https://bitis.com.vn/products/giay-sandal-be-gai-biti-s-lovely-mau-trang-beg006201trg
1075071817,Giày Sandal Nữ Biti's Sandy Màu Rêu BEW005400REU,425000,Biti's,Sandal Thông Dụng,"new,SANDY,kho:online,26AU,NỮ,best seller,Sandalnu,spnoibat,Giày dép nữ",Available,6,https://cdn.hstatic.net/products/1000230642/bew005400reu__4__4c2228f2a3284babbd5e681a30f15a1b.jpg,https://bitis.com.vn/products/giay-sandal-nu-biti-s-sandy-mau-reu-bew005400reu
1075071767,Giày Sandal Nữ Biti's Sandy Màu Kem BEW005400KEM,425000,Biti's,Sandal Thông Dụng,"new,SANDY,kho:online,26AU,NỮ,best seller,Sandalnu,spnoibat,Giày dép nữ",Available,6,https://cdn.hstatic.net/products/1000230642/bew005400kem__4__31a193e964c5431eae5b8ba14d61fd08.jpg,https://bitis.com.vn/products/giay-sandal-nu-biti-s-sandy-mau-kem-bew005400kem
1075071236,Giày Sandal Nữ Biti's Sandy Màu Đen BEW005400DEN,425000,Biti's,Sandal Thông Dụng,"new,kho:online,SANDY,26AU,NỮ,best seller,Sandalnu,spnoibat,Giày dép nữ",Available,6,https://cdn.hstatic.net/products/1000230642/bew005400den__4__28b7d228604d4e3aa61f68dd2a1b6e15.jpg,https://bitis.com.vn/products/giay-sandal-nu-biti-s-sandy-mau-den-bew005400den
1075070529,Dép Bít Đầu Nam Biti's Monoform Màu Xám BEM005400XAM,259000,Biti's,Dép Thông Dụng,"new,kho:online,top,26AU,NAM,Dép nam,Dép,spnoibat,Giày dép nam,Monoform",Available,6,https://cdn.hstatic.net/products/1000230642/bem005400xam__6__cb0f0bee04534566bfa9d29c34c9b36a.jpg,https://bitis.com.vn/products/dep-bit-dau-nam-biti-s-mau-xam-bem005400xam
1075070243,Dép Bít Đầu Nam Biti's Monoform Màu Kem BEM005400KEM,259000,Biti's,Dép Thông Dụng,"new,top,kho:online,26AU,NAM,Dép nam,Dép,spnoibat,Giày dép nam,Monoform",Available,6,https://cdn.hstatic.net/products/1000230642/bem005400kem__6__6984aece4a4b4157b9b697fb5bd71a0a.jpg,https://bitis.com.vn/products/dep-bit-dau-nam-biti-s-mau-kem-bem005400kem
1075070008,Dép Bít Đầu Nam Biti's Monoform Màu Đen BEM005400DEN,259000,Biti's,Dép Thông Dụng,"new,top,kho:online,26AU,NAM,Dép nam,Dép,spnoibat,Giày dép nam,Monoform",Available,6,https://cdn.hstatic.net/products/1000230642/bem005400den__6__5d8114ab175045b4a1fce1c74e90c92e.jpg,https://bitis.com.vn/products/dep-nam-biti-s-basic-mau-den-bem005400den
1075068722,Dép Nữ Biti's Esoft Màu Xanh Ngọc BEW001106XNG,320000,Biti's,Dép Thông Dụng,"Esoft,new,kho:online,26AU,NỮ,best seller,Depnu,Dép nữ,Dép,spnoibat,Giày dép nữ",Available,6,https://cdn.hstatic.net/products/1000230642/bew001106xng__2__1e59177efb4a4531afd8dc44e87d19ac.jpg,https://bitis.com.vn/products/dep-nu-biti-s-esoft-mau-xanh-ngoc-bew001106xng
1075067951,Dép Nữ Biti's Esoft Màu Trắng BEW001106TRG,320000,Biti's,Dép Thông Dụng,"kho:online,new,Esoft,26AU,NỮ,best seller,Depnu,Dép nữ,Dép,spnoibat,Giày dép nữ",Available,6,https://cdn.hstatic.net/products/1000230642/bew001106trg__2__716e0218c6f649129ea547ff9fb8fd09.jpg,https://bitis.com.vn/products/dep-nu-biti-s-esoft-mau-trang-bew001106trg
1075067106,Dép Nữ Biti's Esoft Màu Kem BEW001106KEM,320000,Biti's,Dép Thông Dụng,"kho:online,Esoft,new,26AU,NỮ,best seller,Depnu,Dép nữ,Dép,spnoibat,Giày dép nữ,Đã bán:1247",Available,6,https://cdn.hstatic.net/products/1000230642/bew001106kem__2__83993abadc294f8d8927de7b24d97187.jpg,https://bitis.com.vn/products/dep-nu-biti-s-esoft-mau-kem-bew001106kem
1075066090,Dép Nam Biti's Basic Màu Xám BDM002677XAM,465000,Biti's,Dép Thông Dụng,"new,kho:online,BASIC,26AU,NAM,best seller,Dép nam,Dép,spnoibat,Giày dép nam",Available,6,https://cdn.hstatic.net/products/1000230642/bdm002677xam__3__76250f5935e144189c88557c0d240e04.jpg,https://bitis.com.vn/products/dep-nam-biti-s-basic-mau-xam-bdm002677xam
1075054718,METROMIRAGE ĐĨA THAN VINYL,819000,Kiey,Đĩa nhạc,"kiey,kho:online,PreOrder,P_30/09/2026,Phukien",Available,1,https://cdn.hstatic.net/products/1000230642/vinyl_front_product__1__6de6e1d684154d77b47f85ec3043a5f4.png,https://bitis.com.vn/products/metromirage-dia-vinyl
1074986266,Dép Nam Biti's Basic Màu Đen BDM002677DEN,465000,Biti's,Dép Thông Dụng,"kho:online,BASIC,new,26AU,NAM,best seller,Dép nam,Dép,spnoibat,Giày dép nam",Available,6,https://cdn.hstatic.net/products/1000230642/bdm002677den__3__01149deff399466c8d529b490df9b522.jpg,https://bitis.com.vn/products/dep-nam-biti-s-basic-mau-den-bdm002677den
1074985434,Balo Bé Gái Biti's Litte Paws Màu Tím BBBG02200TIM,535000,Biti's,Balo Trẻ Em,"kho:online,Phukien,LITTLE PAWS,new,TRẺ EM,best seller,Phụ kiện,Phụ kiện trẻ em,BÉ GÁI,26AP",Available,1,https://cdn.hstatic.net/products/1000230642/bbbg02200tim__4__74fe67e2f0404abb986228d65ac14e77.jpg,https://bitis.com.vn/products/balo-be-gai-biti-s-litte-paws-mau-tim-bbbg02200tim
1074985263,Balo Bé Gái Biti's Litte Paws Màu Hồng BBBG02200HOG,535000,Biti's,Balo Trẻ Em,"LITTLE PAWS,Phukien,new,kho:online,TRẺ EM,best seller,Phụ kiện,Phụ kiện trẻ em,BÉ GÁI,26AP",Available,1,https://cdn.hstatic.net/products/1000230642/bbbg02200hog__2__f228ad7c56464a489dbe60e25536cc1e.jpg,https://bitis.com.vn/products/balo-be-gai-biti-s-litte-paws-mau-hong-bbbg02200hog
1074985119,Gấu Bông Gấu Chú Tâm Tốt Nghiệp Biti's Màu Xanh AAUH06400XDG,195000,Biti's,Khác,"Phukien,new,gaubong,kho:online,best seller,BÉ TRAI,TRẺ EM,Phụ kiện trẻ em,Phụ kiện",Available,1,https://cdn.hstatic.net/products/1000230642/aauh06400xdg__2__801c1a24ade548c8919acb7bf821a5df.jpg,https://bitis.com.vn/products/gau-bong-gau-chu-tam-tot-nghiep-biti-s-mau-xanh-aauh06400xdg
1074983813,Móc Khóa Gấu Chú Tâm Biti's Màu Xanh AAUH06300XDG,120000,Biti's,Khác,"kho:online,new,gaubong,Phukien,26AU,best seller,TRẺ EM,BÉ TRAI,Phụ kiện trẻ em,Phụ kiện,spnoibat",Available,1,https://cdn.hstatic.net/products/1000230642/aauh06300xdg__4__7a5ffe2d3da14a4fbaf13d2cb5eb2416.jpg,https://bitis.com.vn/products/moc-khoa-gau-chu-tam-tot-nghiep-biti-s-mau-xanh-aauh06300xdg
1074969075,Balo Biti's Helio Teen Nữ Màu Tím BBBG02400TIM,575000,Helio,Balo,"Helio,kho:online,Balo,Phukienteen,NỮ,Phụ kiện nữ,Phụ kiện,Helio bucket bag,26AP",Available,1,https://cdn.hstatic.net/products/1000230642/bbbg02400tim__2__c1f52e0d82a74b78b1ce1faf8e010ebe.jpg,https://bitis.com.vn/products/balo-biti-s-helio-teen-nu-mau-tim-bbbg02400tim
1074968733,Balo Biti's Helio Teen Nữ Màu Kem BBBG02400KEM,575000,Helio,Balo,"kho:online,Phukienteen,Balo,Helio,NỮ,best seller,Phụ kiện nữ,Phụ kiện,Helio bucket bag,26AP",Available,1,https://cdn.hstatic.net/products/1000230642/bbbg02400kem__2__cdb2d7d2d1ae4f6d80d4db0d79690e83.jpg,https://bitis.com.vn/products/balo-biti-s-helio-teen-nu-mau-kem-bbbg02400kem
1074968163,Balo Biti's Helio Teen Nam Nữ Màu Đen BBBG02400DEN,575000,Helio,Balo,"Phukienteen,kho:online,Helio,Balo,NAM,NỮ,Phụ kiện,Phụ kiện nam,Phụ kiện nữ,Helio bucket bag,26AP",Available,1,https://cdn.hstatic.net/products/1000230642/bbbg02400den__2__5ef96ee5eb75478b9b9309513ec46eb0.jpg,https://bitis.com.vn/products/balo-biti-s-helio-teen-nam-nu-mau-den-bbbg02400den
1074901305,Giày Thể Thao Nữ Biti's Hunter Pride Month Màu Trắng HSW009303TRG,885000,HUNTER,Giày Thể Thao,"kho:online,Pridemonth,new,Hunter,top,BST New,Huntersneaker,newhunter,Huntersneakernu,NỮ,best seller,Giày nữ,Giày,Giày Hunter,Giày dép nữ,Giày dép Hunter",Available,4,https://cdn.hstatic.net/products/1000230642/hsw009303trg__7__44d4bf9011b44f419ab82c413bf8f1cf.jpg,https://bitis.com.vn/products/giay-the-thao-nu-biti-s-hunter-pride-month-mau-trang-hsw009303trg
1074901099,Giày Thể Thao Nam Biti's Hunter Pride Month Màu Trắng HSM009303TRG,915000,HUNTER,Giày Thể Thao,"Huntersneaker,kho:online,Hunter,BST New,Huntersneakernam,Pridemonth,newhunter,top,NAM,best seller,Giày nam,Giày,Giày Hunter,Giày dép nam,Giày dép Hunter",Available,7,https://cdn.hstatic.net/products/1000230642/hsm009303trg__7__9ac17ff5070645ef8e586528a035bd66.jpg,https://bitis.com.vn/products/giay-the-thao-nam-biti-s-hunter-pride-month-mau-trang-hsm009303trg
1074893093,Dép Xốp Nữ Biti's Heartlink Màu Xanh Nhớt BXW029500XNH,205000,Biti's,Dép Thông Dụng,"kho:online,new,26AU,NỮ,best seller,Depnu,Dép nữ,Dép,spnoibat,Heartlink,Giày dép nữ",Available,5,https://cdn.hstatic.net/products/1000230642/bxw029500xnh_91ae3a85fe8e4bdda2e49595940b6a54.jpg,https://bitis.com.vn/products/dep-xop-nu-biti-s-heartlink-mau-xanh-nhot-bxw029500xnh
1074893029,Dép Xốp Nữ Biti's Heartlink Màu Xanh Lá Cây BXW029500XLC,205000,Biti's,Dép Thông Dụng,"kho:online,new,26AU,NỮ,best seller,Depnu,Dép nữ,Dép,spnoibat,Heartlink,Giày dép nữ",Available,5,https://cdn.hstatic.net/products/1000230642/bxw029500xlc_23b0f4d869e64e8ebeec506b68474a60.jpg,https://bitis.com.vn/products/dep-xop-nu-biti-s-heartlink-mau-xanh-la-cay-bxw029500xlc
1074893023,Dép Lê Nữ Biti's Grace Màu Nâu BTW002988NAU,395000,Biti's,Sandal Thời Trang,"kho:online,Grace,new,26AU,NỮ,best seller,Sandalnu,spnoibat,Giày dép nữ",Available,5,https://cdn.hstatic.net/products/1000230642/btw002988nau_b7e6f57b7aa248ac86a1f78c58ab5806.jpg,https://bitis.com.vn/products/dep-le-nu-biti-s-grace-mau-nau-btw002988nau
1074893010,Dép Lê Nữ Biti's Grace Màu Đỏ BTW002988DOO,395000,Biti's,Sandal Thời Trang,"kho:online,Grace,new,26AU,NỮ,best seller,Sandalnu,spnoibat,Giày dép nữ",Available,5,https://cdn.hstatic.net/products/1000230642/btw002988doo_a99fa5bcf6e645249b2117c53c040663.jpg,https://bitis.com.vn/products/dep-le-nu-biti-s-grace-mau-do-btw002988doo
1074892987,Dép Lê Nữ Biti's Grace Màu Đen BTW002988DEN,395000,Biti's,Sandal Thời Trang,"new,Grace,kho:online,26AU,NỮ,best seller,Sandalnu,spnoibat,Giày dép nữ",Available,5,https://cdn.hstatic.net/products/1000230642/btw002988den_7e491e1266354609b684dd8130896ebd.jpg,https://bitis.com.vn/products/dep-nu-biti-s-grace-mau-den-btw002988den
1074892843,Giày Sandal Nữ Biti's Sandy Màu Nâu BPW008000NAU,425000,Biti's,Sandal Thông Dụng,"kho:online,SANDY,NỮ,best seller,Sandalnu,Giày dép nữ",Available,5,https://cdn.hstatic.net/products/1000230642/bpw008000nau_3004ef72f09446f0974c6d45a2f97ff6.jpg,https://bitis.com.vn/products/giay-sandal-nu-biti-s-sandy-mau-nau-bpw008000nau
1074892819,Giày Sandal Nữ Biti's Sandy Màu Kem BPW008000KEM,425000,Biti's,Sandal Thông Dụng,"SANDY,kho:online,NỮ,best seller,Sandalnu,Giày dép nữ",Available,5,https://cdn.hstatic.net/products/1000230642/bpw008000kem_8fe8a390d28f44dc932eb3253c1d0b88.jpg,https://bitis.com.vn/products/giay-sandal-nu-biti-s-sandy-mau-kem-bpw008000kem
1074892802,Giày Sandal Nữ Biti's Sandy Màu Đen BPW008000DEN,425000,Biti's,Sandal Thông Dụng,"kho:online,SANDY,NỮ,best seller,Sandalnu,Giày dép nữ",Available,5,https://cdn.hstatic.net/products/1000230642/bpw008000den_749749fa4f18490c8db02133405e2d92.jpg,https://bitis.com.vn/products/giay-sandal-nu-biti-s-sandy-mau-den-bpw008000den
1074892767,Dép Xốp Nữ Biti's Heartlink Màu Xanh Nhớt BLW005500XNH,82000,Biti's,Dép Thông Dụng,"kho:online,new,26AU,NỮ,best seller,Depnu,Dép nữ,Dép,spnoibat,Heartlink,Giày dép nữ",Available,5,https://cdn.hstatic.net/products/1000230642/blw005500xnh_9955121f55e940a18e275f646143904d.jpg,https://bitis.com.vn/products/dep-xop-nu-biti-s-heartlink-mau-xanh-nhot-blw005500xnh
1074892657,Dép Xốp Nữ Biti's Heartlink Màu Xanh Lá Cây BLW005500XLC,82000,Biti's,Dép Thông Dụng,"new,kho:online,26AU,NỮ,best seller,Depnu,Dép nữ,Dép,spnoibat,Heartlink,Giày dép nữ",Available,5,https://cdn.hstatic.net/products/1000230642/blw005500xlc_d4386c6ab44649d2ac4e02ec7ed85f7a.jpg,https://bitis.com.vn/products/dep-xop-nu-biti-s-heartlink-mau-xanh-la-cay-blw005500xlc
1074890151,Dép Cao Gót Nữ Biti's Iris Màu Kem BFW009788KEM,495000,Biti's,Sandal Thời Trang,"new,kho:online,Iris,26AU,NỮ,best seller,Sandalnu,spnoibat,Giày dép nữ",Available,5,https://cdn.hstatic.net/products/1000230642/bfw009788kem_e9dbc43098174d93937052935ee2ea75.jpg,https://bitis.com.vn/products/dep-cao-got-nu-biti-s-iris-mau-kem-bfw009788kem
1074889306,Dép Cao Gót Nữ Biti's Iris Màu Đen BFW009788DEN,495000,Biti's,Sandal Thời Trang,"new,kho:online,Iris,26AU,NỮ,best seller,Sandalnu,spnoibat,Giày dép nữ",Available,5,https://cdn.hstatic.net/products/1000230642/bfw009788den_ef94ee54913f4dc69451a84e2bc14c7d.jpg,https://bitis.com.vn/products/dep-cao-got-nu-biti-s-iris-mau-den-bfw009788den
1074780271,Balo Thời Trang Nữ Biti's Clara Màu Xanh Nhớt BBBW01400XNH,575000,Biti's,Balo,"Phukien,Balo,kho:online,NỮ,Phụ kiện nữ,Phụ kiện,26AP,Clara",Available,1,https://cdn.hstatic.net/products/1000230642/bbbw01400xnh__6__3b8c013cd5104716961eee46106349ef.jpg,https://bitis.com.vn/products/balo-thoi-trang-biti-s-mau-xanh-nhot-bbbw01400xnh
1074780207,Balo Thời Trang Nữ Biti's Clara Màu Kem BBBW01400KEM,575000,Biti's,Balo,"kho:online,Phukien,Balo,NỮ,Phụ kiện,Phụ kiện nữ,Clara,26AP",Available,1,https://cdn.hstatic.net/products/1000230642/bbbw01400kem__2__f3c31846017048b0b139ac32a3f01041.jpg,https://bitis.com.vn/products/balo-thoi-trang-nu-biti-s-clara-mau-kem-bbbw01400kem
1074778801,Balo Thời Trang Nữ Biti's Clara Màu Đen BBBW01400DEN,575000,Biti's,Balo,"kho:online,Phukien,Balo,Phụ kiện,NỮ,Phụ kiện nữ,26AP,Clara",Available,1,https://cdn.hstatic.net/products/1000230642/bbbw01400den__5__2299ab99ed9f488eb209b8d66cd72bc6.jpg,https://bitis.com.vn/products/balo-thoi-trang-biti-s-mau-den-bbbw01400den
1074777559,Balo Thời Trang Biti's Màu Đen BBBW01600DEN,575000,Biti's,Balo,"kho:online,Balo,Phukien,best seller,Phụ kiện,NỮ,NAM,Phụ kiện nữ",Available,1,https://cdn.hstatic.net/products/1000230642/bbbw01600den__2__e6c2ea752f3f4df3b92e4c960302c65d.jpg,https://bitis.com.vn/products/balo-thoi-trang-biti-s-mau-den-bbbw01600den
1074777190,Balo Thời Trang Biti's Màu Hồng BBBW01600HOG,575000,Biti's,Balo,"kho:online,Balo,Phukien,best seller,NỮ,Phụ kiện,Phụ kiện nữ",Available,1,https://cdn.hstatic.net/products/1000230642/bbbw01600hog__2__41c748989e62494795c65eb5f5aeaf8b.jpg,https://bitis.com.vn/products/balo-thoi-trang-biti-s-mau-hong-bbbw01600hog
1074774799,Balo Thời Trang Biti's Màu Kem BBBW01600KEM,575000,Biti's,Balo,"kho:online,Phukien,Balo,best seller,Phụ kiện,NỮ,Phụ kiện nữ",Available,1,https://cdn.hstatic.net/products/1000230642/bbbw01600kem__5__fcf64a449ee444ccb3a2352160ac349c.jpg,https://bitis.com.vn/products/balo-thoi-trang-biti-s-mau-kem-bbbw01600kem
1074767014,Giày Sandal Teen Nam Biti's Helio Màu Trắng BEB008300TRG,510000,Helio,Sandal Thông Dụng,"kho:online,Sandalteennam,Helio,new,NAM,26AU,best seller,Sandal,spnoibat,Giày dép nam",Available,6,https://cdn.hstatic.net/products/1000230642/beb008300trg__7__175152f2cc7848539395e51006d0c768.jpg,https://bitis.com.vn/products/v
1074766971,Giày Sandal Teen Nam Biti's Helio Màu Đen BEB008300DEN,510000,Helio,Sandal Thông Dụng,"Helio,Sandalteennam,kho:online,new,NAM,best seller,Sandal,spnoibat,26AU,Giày dép nam",Available,6,https://cdn.hstatic.net/products/1000230642/beb008300den__2__4ba3ec3edea5443bb641ea8b889e4e6e.jpg,https://bitis.com.vn/products/giay-sandal-teen-nam-biti-s-helio-mau-den-beb008300den
1074766867,Giày Sandal Bé Trai Biti's Basic Màu Đỏ BEB007700DOO,320000,Biti's,Sandal Thông Dụng,"kho:online,BASIC,new,26AU,TRẺ EM,BÉ TRAI,best seller,Sandal,spnoibat,Sandal trẻ em,Giày dép trẻ em",Available,10,https://cdn.hstatic.net/products/1000230642/beb007700doo__3__e00f841e5ac34ba4a90214f26324051a.jpg,https://bitis.com.vn/products/giay-sandal-be-trai-biti-s-basic-mau-do-beb007700doo
1074766496,Giày Sandal Bé Trai Biti's Basic Màu Đen Full BEB007700DEF,320000,Biti's,Sandal Thông Dụng,"kho:online,BASIC,26AU,new,TRẺ EM,BÉ TRAI,best seller,Sandal,spnoibat,Sandal trẻ em,Giày dép trẻ em",Available,10,https://cdn.hstatic.net/products/1000230642/beb007700def__3__e1db6919ea264c1c9f5e6ee55a0c3569.jpg,https://bitis.com.vn/products/giay-sandal-be-trai-biti-s-basic-mau-den-full-beb007700def
1074766219,Giày Sandal Bé Trai Biti's Basic Màu Bạc BEB007700BAC,320000,Biti's,Sandal Thông Dụng,"BASIC,kho:online,new,26AU,BÉ TRAI,TRẺ EM,best seller,Sandal,spnoibat,Sandal trẻ em,Giày dép trẻ em",Available,10,https://cdn.hstatic.net/products/1000230642/beb007700bac__3__79ecc854c710468d9c58ba02f2f456d4.jpg,https://bitis.com.vn/products/giay-sandal-be-trai-biti-s-basic-mau-bac-beb007700bac
1074730826,Giày Thể Thao Nam Biti's Hunter Màu Xám HSM014800XAM,925000,HUNTER,Giày Thể Thao,"Huntersneakernam,newhunter,Huntersneaker,Hunter,top,kho:online,BST New,NAM,best seller,Giày nam,Giày,Hunter Nam,Giày Hunter,Giày dép nam,Giày dép Hunter",Available,7,https://cdn.hstatic.net/products/1000230642/hsm014800xam__3__b479637a56aa4f5d9db9d1dac66ac299.jpg,https://bitis.com.vn/products/giay-the-thao-nam-biti-s-hunter-jogging-mau-xam-hsm014800xam
1074728082,Giày Thể Thao Nam Biti's Hunter Màu Rêu HSM014800REU,925000,HUNTER,Giày Thể Thao,"BST New,kho:online,Huntersneakernam,newhunter,top,Hunter,Huntersneaker,NAM,best seller,Giày nam,Giày,Hunter Nam,Giày Hunter,Giày dép nam,Giày dép Hunter",Available,7,https://cdn.hstatic.net/products/1000230642/hsm014800reu__3__ed275e3714d74be59b21844239470fd9.jpg,https://bitis.com.vn/products/giay-the-thao-nam-biti-s-hunter-jogging-mau-reu-hsm014800reu
1074728016,Giày Thể Thao Nam Biti's Hunter Đen Full HSM014800DEF,925000,HUNTER,Giày Thể Thao,"Huntersneakernam,newhunter,kho:online,top,Hunter,Huntersneaker,BST New,NAM,best seller,Giày nam,Giày,Hunter Nam,Giày Hunter,Giày dép nam,Giày dép Hunter",Available,7,https://cdn.hstatic.net/products/1000230642/hsm014800den__3__5e408713449e4ce682425b4772052bcf.jpg,https://bitis.com.vn/products/giay-the-thao-biti-s-hunter-jogging-nam-mau-den-full-hsm014800def
1074703738,Ví Da Nam Dáng Đứng Gosto Màu Đen Cao Cấp GBWM00500DEN,485000,Gosto,Ví,"Vi,kho:online,Phukien,NAM,best seller,Gosto,Phụ kiện nam,Phụ kiện,Phụ kiện Gosto",Available,1,https://cdn.hstatic.net/products/1000230642/gbwm00500den__2__bc79989715c64c119ccb2455788a935b.jpg,https://bitis.com.vn/products/vi-da-nam-dang-dung-gosto-mau-den-gbwm00500den
1074703600,Ví Da Nam Dáng Đứng Gosto Màu Nâu Cao Cấp GBWM00500NAU,485000,Gosto,Ví,"Vi,Phukien,kho:online,NAM,best seller,Gosto,Phụ kiện nam,Phụ kiện,Phụ kiện Gosto",Available,1,https://cdn.hstatic.net/products/1000230642/gbwm00500nau__2__d48071341eec49be939dadb1005b4fdb.jpg,https://bitis.com.vn/products/vi-da-nam-dang-dung-gosto-mau-nau-cao-cap-gbwm00500nau
1074703081,Ví Da Nam Dáng Đứng Gosto Màu Xám Cao Cấp GBWM00500XAM,485000,Gosto,Ví,"Phukien,Vi,kho:online,NAM,best seller,Gosto,Phụ kiện nam,Phụ kiện,Phụ kiện Gosto",Available,1,https://cdn.hstatic.net/products/1000230642/gbwm00500xam__2__0a460f4aea0849b5b6d456710c38f85c.jpg,https://bitis.com.vn/products/vi-gosto-nam-mau-xam-gbwm00500xam
1074701981,Hộp Bút Học Sinh Biti's Spiderman Màu Xanh Nhớt BBWB00398XNH,210000,Biti's,Khác,"Spiderman,kho:online,Phukien,TRẺ EM,BÉ TRAI,Phụ kiện trẻ em,Phụ kiện,26AP",Available,1,https://cdn.hstatic.net/products/1000230642/bbwb00398xnh__4__f357ad0a0fbd49d9b5ab1bdfe9b175ca.jpg,https://bitis.com.vn/products/bop-viet-biti-s-spiderman-be-trai-mau-xanh-nhot-bbwb00398xnh
1074701107,Hộp Bút Spiderman Biti's Bé Trai Màu Đen BBWB00398DEN,210000,Biti's,Khác,"Spiderman,kho:online,Phukien,TRẺ EM,BÉ TRAI,Phụ kiện trẻ em,Phụ kiện,26AP",Available,1,https://cdn.hstatic.net/products/1000230642/bbwb00398den__3__dc0b81c6c36d43d1b5791f6ba6b60c5d.jpg,https://bitis.com.vn/products/bop-viet-biti-s-spiderman-be-trai-mau-den-bbwb00398den
1074694442,Túi Đựng Đồ Cá Nhân Biti's Nữ Màu Kem Nhỏ Gọn BBCW00100KEM,210000,Biti's,Túi Xách,"kho:online,Phukien,Tuixach,NỮ,best seller,Phụ kiện nữ,Phụ kiện",Available,1,https://cdn.hstatic.net/products/1000230642/bbcw00100kem__2__c7bdb3923f244d5ca52482cbd8537d5b.jpg,https://bitis.com.vn/products/tui-xach-biti-s-nu-mau-kem-bbcw00100kem
1074694232,Balo Văn Phòng Biti's Nam Nữ Màu Đen Cao Cấp BBBM01700DEN,635000,Biti's,Balo,"Balo,Phukien,kho:online,NAM,NỮ,best seller,Phụ kiện nam,Phụ kiện nữ,Phụ kiện",Available,1,https://cdn.hstatic.net/products/1000230642/bbbm01700den__2__6945a37126c442188aab48d0261ec99d.jpg,https://bitis.com.vn/products/balo-biti-s-mau-den-bbbm01700den
1074694019,Balo Văn Phòng Biti's Nam Nữ Màu Xám Cao Cấp BBBM01700XAM,635000,Biti's,Balo,"kho:online,Phukien,Balo,NAM,NỮ,best seller,Phụ kiện nam,Phụ kiện nữ,Phụ kiện",Available,1,https://cdn.hstatic.net/products/1000230642/bbbm01700xam__5__268a682193e24547822bfd95efaa6ee1.jpg,https://bitis.com.vn/products/balo-biti-s-mau-xam-bbbm01700xam
1074693413,Balo Bé Trai Biti's Spiderman Màu Đen BBBB02198DEN,640000,Biti's,Balo Trẻ Em,"Spiderman,Phukien,kho:online,BÉ TRAI,Phụ kiện,TRẺ EM,Phụ kiện trẻ em,26AP",Available,1,https://cdn.hstatic.net/products/1000230642/bbbb02198den__2__9c2c307461c6477bb06883264c4828fa.jpg,https://bitis.com.vn/products/balo-be-trai-biti-s-spiderman-mau-den-bbbb02198den
1074692698,Balo Bé Trai Biti's Spiderman Màu Xanh Nhớt BBBB02198XNH,640000,Biti's,Balo Trẻ Em,"kho:online,Phukien,Spiderman,best seller,BÉ TRAI,TRẺ EM,Phụ kiện,Phụ kiện trẻ em",Available,1,https://cdn.hstatic.net/products/1000230642/bbbb02198xnh__2__9e892eda73e04d0d90fafdd9a98a3fe4.jpg,https://bitis.com.vn/products/balo-be-trai-biti-s-spiderman-mau-xanh-nhot-bbbb02198xnh
1074688391,Balo Trẻ Em Biti's Space Xanh Dương Đậm BBBB02000XDD,535000,Biti's,Balo Trẻ Em,"Phukien,kho:online,SPACE,BÉ TRAI,TRẺ EM,Phụ kiện,Phụ kiện trẻ em,26AP,BÉ GÁI",Available,1,https://cdn.hstatic.net/products/1000230642/bbbb02000xdd__2__ba6246363508467c96f6388e982ad40b.jpg,https://bitis.com.vn/products/balo-tre-em-biti-s-space-xanh-duong-dam-bbbb02000xdd
1074687673,Balo Trẻ Em Biti's Space Màu Đen BBBB02000DEN,535000,Biti's,Balo Trẻ Em,"SPACE,kho:online,Phukien,BÉ TRAI,Phụ kiện,TRẺ EM,Phụ kiện trẻ em,26AP,BÉ GÁI",Available,1,https://cdn.hstatic.net/products/1000230642/bbbb02000den__2__12d48a0f85e149e3a0a46246034a8722.jpg,https://bitis.com.vn/products/balo-biti-s-space-collection-tre-em-mau-den-bbbb02000den
1074677762,Balo Mẫu Giáo Biti's Little Paws Xanh Khủng Long BBBB01900XNH,425000,Biti's,Balo Trẻ Em,"Phukien,LITTLE PAWS,kho:online,BÉ TRAI,TRẺ EM,Phụ kiện,Phụ kiện trẻ em,26AP",Available,1,https://cdn.hstatic.net/products/1000230642/bbbb01900xnh__4__88123c213b6649538360c758e32b9ebd.jpg,https://bitis.com.vn/products/balo-biti-s-little-paws-collection-tre-em-mau-xanh-bbbb01900xnh
1074676516,Balo Mẫu Giáo Biti's Little Paws Vàng Khủng Long BBBB01900VAG,425000,Biti's,Balo Trẻ Em,"Phukien,LITTLE PAWS,kho:online,TRẺ EM,BÉ TRAI,Phụ kiện,Phụ kiện trẻ em,26AP",Available,1,https://cdn.hstatic.net/products/1000230642/bbbb01900vag__2__fe9cb582f5fe482eba1ac5bb4707cc16.jpg,https://bitis.com.vn/products/balo-biti-s-tre-em-mau-vang-bbbb01900vag
1074571386,Giày Sandal Xuồng Nữ Biti's GLOWY Collection Màu Kem BPW008588KEM,495000,Biti's,Sandal Thời Trang,"kho:online,GLOWY,NỮ,Sandalnu,Essence,spnoibat,Giày dép nữ",Available,5,https://cdn.hstatic.net/products/1000230642/bpw008588kem__2__77e59d88820e47e891deed47c505e8dc.jpg,https://bitis.com.vn/products/sandal-biti-s-glowy-collection-nu-mau-kem-bpw008588kem
1074570283,Giày Sandal Xuồng Nữ Biti's GLOWY Collection Màu Đen BPW008588DEN,495000,Biti's,Sandal Thời Trang,"kho:online,GLOWY,NỮ,Sandalnu,spnoibat,Essence,Giày dép nữ",Available,5,https://cdn.hstatic.net/products/1000230642/bpw008588den__2__98a58ee41cde495684e4965edc1691c2.jpg,https://bitis.com.vn/products/sandal-biti-s-glowy-collection-nu-mau-den-bpw008588kem
1074569735,Giày Sandal Nữ Biti's SANDY Collection Màu Xanh Ngọc BPW007100XNG,350000,Biti's,Sandal Thông Dụng,"kho:online,SANDY,NỮ,Sandalnu,Giày dép nữ",Available,6,https://cdn.hstatic.net/products/1000230642/bpw007100xng__6__dc2dfa346a6142a6923b5a216e5fd595.jpg,https://bitis.com.vn/products/giay-sandal-nu-biti-s-sandy-collection-mau-xanh-ngoc-bpw007100xng
1074568370,Giày Sandal Nữ Biti's SANDY Collection Màu Trắng BPW007100TRG,350000,Biti's,Sandal Thông Dụng,"SANDY,kho:online,NỮ,Sandalnu,Giày dép nữ",Available,6,https://cdn.hstatic.net/products/1000230642/bpw007100trg__6__23aa7381a9ba449da45162e14866cf2c.jpg,https://bitis.com.vn/products/giay-sandal-nu-biti-s-sandy-collection-mau-trang-bpw007100trg
1074567960,Sandal Biti's SANDY Collection Nữ Màu Đen BPW007100DEN,350000,Biti's,Sandal Thông Dụng,"kho:online,SANDY,NỮ,Sandalnu,Giày dép nữ",Available,6,https://cdn.hstatic.net/products/1000230642/bpw007100den_16cf5f3d7a3849fcb771c39f0601140c.jpg,https://bitis.com.vn/products/sandal-biti-s-sandy-collection-nu-mau-den-bpw007100den
1074567422,Sandal Biti's SUPERSTAR Collection Bé Gái Màu Xanh Lá Cây BEG002500XLC,355000,Biti's,Sandal Thông Dụng,"kho:online,SUPERSTAR,TRẺ EM,Sandal,BÉ GÁI,Sandal trẻ em,Giày dép trẻ em",Available,7,https://cdn.hstatic.net/products/1000230642/beg002500xlc__7__86b93d211ac646f18067494bf48c426f.jpg,https://bitis.com.vn/products/sandal-biti-s-superstar-collection-be-gai-mau-xanh-la-cay-beg002500xlc
1074566266,Sandal Biti's SUPERSTAR Collection Bé Gái Màu Kem BEG002500KEM,355000,Biti's,Sandal Thông Dụng,"kho:online,SUPERSTAR,TRẺ EM,Sandal,BÉ GÁI,Sandal trẻ em,Giày dép trẻ em",Available,7,https://cdn.hstatic.net/products/1000230642/beg002500kem__6__a25941dda56e48cda0a901c33032879b.jpg,https://bitis.com.vn/products/sandal-biti-s-superstar-collection-be-gai-mau-kem-beg002500kem
1074566094,Sandal Biti's SUPERSTAR Collection Bé Gái Màu Bạc BEG002500BAC,355000,Biti's,Sandal Thông Dụng,"kho:online,SUPERSTAR,TRẺ EM,Sandal,BÉ GÁI,Sandal trẻ em,Giày dép trẻ em",Available,7,https://cdn.hstatic.net/products/1000230642/beg002500bac__6__92ecb7a3e805496881aa28ebeef74b7f.jpg,https://bitis.com.vn/products/sandal-biti-s-superstar-collection-be-gai-mau-bac-beg002500bac
1074470374,Giày Thể Thao Biti's Hunter Nam Màu Xám HSM012700XAM,840000,HUNTER,Giày Thể Thao,"BST New,Huntersneakernam,Huntersneaker,kho:online,newhunter,Hunter,top,NAM,Giày nam,Giày,Hunter Nam,Giày Hunter,Giày dép nam,Giày dép Hunter",Available,6,https://cdn.hstatic.net/products/1000230642/hsm012700xam__9__1f0c42f72a7e40d08e92cd722ba2f259.jpg,https://bitis.com.vn/products/giay-the-thao-biti-s-hunter-nam-mau-xam-hsm012700xam
1074470351,Giày Thể Thao Biti's Hunter Nam Màu Đen HSM012700DEN,840000,HUNTER,Giày Thể Thao,"Huntersneakernam,Hunter,top,Huntersneaker,BST New,newhunter,kho:online,NAM,Giày nam,Giày,Hunter Nam,Giày Hunter,Giày dép nam,Giày dép Hunter",Available,6,https://cdn.hstatic.net/products/1000230642/hsm012700den__8__e62d4b3647ec4a8db1a4d5e52019e465.jpg,https://bitis.com.vn/products/giay-the-thao-biti-s-hunter-nam-mau-den-hsm012700den
1074400946,Dép Biti's URBAN Collection Nam Màu Nâu Đậm BRM002900NAD,350000,Biti's,Dép Thông Dụng,"kho:online,URBAN,NAM,Dép nam,Dép,ClassB,Giày dép nam",Available,5,https://cdn.hstatic.net/products/1000230642/brm002900nad__4__39d19c62490444af9f104724faec0612.jpg,https://bitis.com.vn/products/dep-biti-s-urban-collection-nam-mau-nau-dam-brm002900nad
1074400674,Dép Biti's URBAN Collection Nam Màu Đen BRM002900DEN,350000,Biti's,Dép Thông Dụng,"URBAN,kho:online,NAM,Dép nam,Dép,ClassB,Giày dép nam",Available,5,https://cdn.hstatic.net/products/1000230642/brm002900den__2__6de4edd4d3e145de8414bd63d2bd3d19.jpg,https://bitis.com.vn/products/dep-biti-s-urban-collection-nam-mau-den-brm002900den
1074399509,Sandal Biti's GLOWY Collection Nữ Màu Đỏ Đậm BPW008188DOD,640000,Biti's,Sandal Thông Dụng,"GLOWY,kho:online,NỮ,Sandalnu,Giày dép nữ",Available,6,https://cdn.hstatic.net/products/1000230642/bpw008188dod__1__f41e6b88bd614476b2492438ba312077.jpg,https://bitis.com.vn/products/sandal-biti-s-glowy-collection-nu-mau-do-dam-bpw008188dod
1074398558,Dép Biti's SUMMIT Collection Nam Màu Xanh Nhớt BEM004100XNH,198000,Biti's,Dép Thông Dụng,"SUMMIT,kho:online,NAM,Dép nam,Dép,Giày dép nam",Available,5,https://cdn.hstatic.net/products/1000230642/bem004100xnh__3__6542628a26b549a3a7d18ef2e89c6004.jpg,https://bitis.com.vn/products/dep-biti-s-summit-collection-nam-mau-xanh-nhot-bem004100xnh
1074398422,Dép Biti's SUMMIT Collection Nam Màu Đen BEM004100DEN,198000,Biti's,Dép Thông Dụng,"kho:online,SUMMIT,NAM,Dép nam,Dép,Giày dép nam",Available,5,https://cdn.hstatic.net/products/1000230642/bem004100den_b6d80bf03cea4ea0aed0722026e2392c.jpg,https://bitis.com.vn/products/dep-biti-s-summit-collection-nam-mau-den-bem004100den
1074386855,Sandal Biti's Summer Collection Bé Gái Màu Xanh Dương Lợt BEG002400XDL,335000,Biti's,Sandal Thông Dụng,"Summer,kho:online,TRẺ EM,Sandal,BÉ GÁI,Sandal trẻ em,Giày dép trẻ em",Available,6,https://cdn.hstatic.net/products/1000230642/beg002400xdl__6__b8499b08912842d391f901a9351b6cb9.jpg,https://bitis.com.vn/products/sandal-biti-s-summer-collection-be-gai-mau-xanh-duong-lot-beg002400xdl
1074386499,Sandal Biti's Summer Collection Bé Gái Màu Xám BEG002400XAM,335000,Biti's,Sandal Thông Dụng,"Summer,kho:online,TRẺ EM,Sandal,BÉ GÁI,Sandal trẻ em,Giày dép trẻ em",Available,6,https://cdn.hstatic.net/products/1000230642/beg002400xam__4__43930f797b7d4b3c969f59ac603ffd79.jpg,https://bitis.com.vn/products/sandal-biti-s-summer-collection-be-gai-mau-xam-beg002400xam
1074385647,Dép Biti's Summer Collection Bé Trai Màu Rêu BEB007501REU,150000,Biti's,Dép Thông Dụng,"Summer,kho:online,BÉ TRAI,TRẺ EM,Giày dép,Dép,Giày dép trẻ em",Available,9,https://cdn.hstatic.net/products/1000230642/beb007501reu__4__5394a1eeaf0b4abfb4b21a9a50baee18.jpg,https://bitis.com.vn/products/dep-biti-s-summer-collections-be-trai-mau-reu-beb007501reu
1074384735,Sandal Biti's Helio Teen Nam Màu Xanh Nhớt BEB006000XNH,510000,Helio,Sandal Thông Dụng,"kho:online,Helio,Sandalteennam,NAM,Sandal,Giày dép nam",Available,6,https://cdn.hstatic.net/products/1000230642/beb006000xnh__3__6aba845e02604e0493ef75713f429e80.jpg,https://bitis.com.vn/products/sandal-biti-s-helio-teen-nam-mau-xanh-nhot-beb006000xnh
1074383987,Sandal Biti's Helio Teen Nam Màu Xanh Dương Đậm BEB006000XDD,510000,Helio,Sandal Thông Dụng,"Helio,kho:online,Sandalteennam,NAM,Sandal,Giày dép nam",Available,6,https://cdn.hstatic.net/products/1000230642/beb006000xdd__3__b6ccc88b9fe44f7e94821af4377bf456.jpg,https://bitis.com.vn/products/sandal-biti-s-helio-teen-nam-mau-xanh-duong-dam-beb006000xdd
1074383174,Dép Biti's GENT SLIDE Collection Nam Màu Xanh Dương Đậm BDM002277XDD,465000,Biti's,Dép Thông Dụng,"kho:online,NAM,Dép nam,ClassB,GENT SLIDE,Dép,Giày dép nam",Available,6,https://cdn.hstatic.net/products/1000230642/bdm002277xdd__3__4b22ef0cbccd40138b9d163d0ba25033.jpg,https://bitis.com.vn/products/dep-biti-s-gent-slide-nam-mau-xanh-duong-dam-bdm002277xdd
1074383098,Dép Biti's GENT SLIDE Collection Nam Màu Đen BDM002277DEN,465000,Biti's,Dép Thông Dụng,"kho:online,GENT SLIDE,NAM,Dép nam,ClassB,Dép,Giày dép nam",Available,6,https://cdn.hstatic.net/products/1000230642/bdm002277den__2__bee8d23e5a2a4dc188bb2403bacc6fb7.jpg,https://bitis.com.vn/products/dep-biti-s-gent-slide-collections-nam-mau-den-bdm002277den
1074376712,Túi Phụ Kiện Nữ Biti's Pink Tropic Màu Hồng BBWW00601HOG,155000,Biti's,Túi Xách,"Phukien,kho:online,NỮ,Phụ kiện nữ,Phụ kiện,26AP,Pink Tropic",Available,1,https://cdn.hstatic.net/products/1000230642/bbww00601hog__3__48b841b783e743e8bde4ba78050cde50.jpg,https://bitis.com.vn/products/tui-phu-kien-nu-biti-s-pink-tropic-mau-hong-bbww00601hog
1074376268,Balo Nữ Biti's Pink Tropic Màu Hồng BBBW01301HOG,215000,Biti's,Balo,"kho:online,Balo,Phukien,Phụ kiện,NỮ,Phụ kiện nữ,26AP,Pink Tropic",Available,1,https://cdn.hstatic.net/products/1000230642/bbbw01301hog__2__e892043183154469963837a6786696e3.jpg,https://bitis.com.vn/products/balo-nu-biti-s-pink-tropic-mau-hong-bbbw01301hog
1074376142,Balo Bé Gái Biti's Little Paws Màu Tím BBBG02100TIM,425000,Biti's,Balo Trẻ Em,"kho:online,Phukien,LITTLE PAWS,Phụ kiện,TRẺ EM,Phụ kiện trẻ em,BÉ GÁI,26AP",Available,1,https://cdn.hstatic.net/products/1000230642/bbbg02100tim__4__eb2a14a1ae3145f7aebb856e77cf75a8.jpg,https://bitis.com.vn/products/balo-be-gai-biti-s-little-paws-mau-tim-bbbg02100tim
1074376038,Balo Bé Gái Biti's Litte Paws Màu Hồng BBBG02100HOG,425000,Biti's,Balo Trẻ Em,"Phukien,kho:online,LITTLE PAWS,TRẺ EM,Phụ kiện,Phụ kiện trẻ em,BÉ GÁI,26AP",Available,1,https://cdn.hstatic.net/products/1000230642/bbbg02100hog__4__88521bffb44c45f685c7ab6d32c6782f.jpg,https://bitis.com.vn/products/balo-be-gai-biti-s-litte-paws-mau-hong-bbbg02100hog
1074136161,Dép Biti's Summer Collection Bé Gái Màu Tím Lợt BEG007501TIL,150000,Biti's,Dép Thông Dụng,"kho:online,Summer,TRẺ EM,Giày dép,Dép,BÉ GÁI,Giày dép trẻ em",Available,9,https://cdn.hstatic.net/products/1000230642/beg007501til__7__fd12f2a7dbd248d39c68700812ddbd01.jpg,https://bitis.com.vn/products/dep-biti-s-summer-collection-be-gai-mau-tim-lot-beg007501til
1074135939,Dép Biti's Summer Collection Bé Gái Màu Kem BEG007501KEM,150000,Biti's,Dép Thông Dụng,"kho:online,Summer,TRẺ EM,Giày dép,Dép,BÉ GÁI,Giày dép trẻ em",Available,9,https://cdn.hstatic.net/products/1000230642/beg007501kem__6__0f6e461628a34b13b69ee9769b556761.jpg,https://bitis.com.vn/products/dep-biti-s-summer-collection-be-gai-mau-kem-beg007501kem
1074130320,Dép Biti's Summer Collection Bé Gái Màu Kem BEG007500KEM,140000,Biti's,Dép Thông Dụng,"kho:online,Summer,TRẺ EM,Giày dép,Dép,BÉ GÁI,Giày dép trẻ em",Available,6,https://cdn.hstatic.net/products/1000230642/beg007500kem__4__a00e1626bae74d63a3b8fa840de6829f.jpg,https://bitis.com.vn/products/dep-biti-s-summer-collection-be-gai-mau-kem-beg007500kem
1074128479,Sandal Biti's Helio Teen Nữ Màu Xám BEG004403XAM,510000,Helio,Sandal Thông Dụng,"Sandalteennu,kho:online,Helio,NỮ,Sandalnu,Giày dép nữ",Available,6,https://cdn.hstatic.net/products/1000230642/beg004403xam__3__8d8a1199841b44069bb7e79aa66eb041.jpg,https://bitis.com.vn/products/sandal-biti-s-helio-teen-nu-mau-xam-beg004403xam
1074128271,Sandal Biti's Helio Teen Nữ Màu Hồng BEG004403HOG,510000,Helio,Sandal Thông Dụng,"kho:online,Helio,Sandalteennu,NỮ,Sandalnu,Giày dép nữ",Available,6,https://cdn.hstatic.net/products/1000230642/beg004403hog__5__09e550658b794a61b00712a7c75825ef.jpg,https://bitis.com.vn/products/sandal-biti-s-helio-teen-nu-mau-hong-beg004403hog
1074012425,Sandal Biti's Bé Trai SUPERSTAR Collection Màu Xám BPB002300XAM,300000,Biti's,Sandal Thông Dụng,"kho:online,SUPERSTAR,TRẺ EM,BÉ TRAI,Sandal,Sandal trẻ em,Giày dép trẻ em",Available,6,https://cdn.hstatic.net/products/1000230642/bpb002300xam__1__d6c3baa2eb39409297e66599e091edf2.jpg,https://bitis.com.vn/products/sandal-biti-s-be-trai-superstar-collection-mau-xam-bpb002300xam
1074012278,Sandal Biti's Bé Trai SUPERSTAR Collection Màu Rêu BPB002300REU,300000,Biti's,Sandal Thông Dụng,"SUPERSTAR,kho:online,TRẺ EM,BÉ TRAI,Sandal,Sandal trẻ em,Giày dép trẻ em",Available,6,https://cdn.hstatic.net/products/1000230642/bpb002300reu__6__b5bc0a15806143c1ae474facced9e401.jpg,https://bitis.com.vn/products/sandal-biti-s-be-trai-superstar-collection-mau-reu-bpb002300reu
1074011446,Sandal Biti's Bé Trai SUPERSTAR Collection Màu Đen BPB002300DEN,300000,Biti's,Sandal Thông Dụng,"SUPERSTAR,kho:online,BÉ TRAI,TRẺ EM,Sandal,Sandal trẻ em,Giày dép trẻ em",Available,6,https://cdn.hstatic.net/products/1000230642/bpb002300den__5__1ee53ddfb8b0463cbbc60edd2a2b91ec.jpg,https://bitis.com.vn/products/sandal-biti-s-be-trai-superstar-collection-mau-den-bpb002300den
1074010460,Sandal Biti's SANDY Collection Nữ Màu Xanh Ngọc BEW004400XNG,375000,Biti's,Sandal Thông Dụng,"SANDY,kho:online,NỮ,Sandalnu,Giày dép nữ",Available,6,https://cdn.hstatic.net/products/1000230642/bew004400xng__6__e672c279fea34922931fb10990e9e30b.jpg,https://bitis.com.vn/products/sandal-biti-s-sandy-collection-nu-mau-xanh-ngoc-bew004400xng
1074010108,Sandal Biti's SANDY Collection Nữ Màu Kem BEW004400KEM,375000,Biti's,Sandal Thông Dụng,"SANDY,kho:online,NỮ,Sandalnu,Giày dép nữ",Available,6,https://cdn.hstatic.net/products/1000230642/bew004400kem__6__ecc97427814c49d2a66265d1cdfd3075.jpg,https://bitis.com.vn/products/sandal-biti-s-sandy-collection-nu-mau-kem-bew004400kem
1074009948,Sandal Biti's SANDY Collection Nữ Màu Đen BEW004400DEN,375000,Biti's,Sandal Thông Dụng,"kho:online,SANDY,NỮ,Sandalnu,Giày dép nữ",Available,6,https://cdn.hstatic.net/products/1000230642/bew004400den__6__cf9a3c4d74954797a489f82e55ecf713.jpg,https://bitis.com.vn/products/sandal-biti-s-sandy-collection-nu-mau-den-bew004000den
1074008980,Sandal Biti's Hunter Shift Collection Nam Màu Rêu HEM001800REU,595000,HUNTER,Sandal Thông Dụng,"Hunter,newhunter,kho:online,Sandalhunternam,SHIFT,NAM,Sandal,Sandal Dép Hunter,Giày dép nam,Giày dép Hunter",Available,7,https://cdn.hstatic.net/products/1000230642/hem001800reu__2__77159ca27131422ab9dd38275cf6d16d.jpg,https://bitis.com.vn/products/sandal-biti-s-hunter-shift-collection-nam-mau-reu-hem001800reu
1074008877,Sandal Biti's Hunter Shift Collection Nam Màu Nâu HEM001800NAU,595000,HUNTER,Sandal Thông Dụng,"Sandalhunternam,newhunter,kho:online,Hunter,SHIFT,NAM,Sandal,Sandal Dép Hunter,Giày dép nam,Giày dép Hunter",Available,7,https://cdn.hstatic.net/products/1000230642/hem001800nau__2__79b9756c43864ff7b58b8112042c156f.jpg,https://bitis.com.vn/products/sandal-biti-s-hunter-shift-collection-nam-mau-nau-hem001800nau
1074008294,Sandal Biti's Hunter Shift Collection Nam Màu Đen HEM001800DEN,595000,HUNTER,Sandal Thông Dụng,"newhunter,kho:online,Hunter,Sandalhunternam,SHIFT,NAM,Sandal,Sandal Dép Hunter,Giày dép nam,Giày dép Hunter",Available,7,https://cdn.hstatic.net/products/1000230642/hem001800den__3__35e0a535463d4566bba3cb20ab068a8e.jpg,https://bitis.com.vn/products/samdal-biti-s-hunter-shift-collection-nam-mau-den-hem001800den
1073926249,[Gift] Combo 5 Vớ người lớn VONGLONHTOOO00,0,Khác,Khác,"kho:online,Phukien",Available,1,https://cdn.hstatic.net/products/1000230642/screenshot_1748705493_45f73c7786ab4bc0a0c3d8d7ac8a71bc_large_106dcf60291f4086a032c2db206e4c82.png,https://bitis.com.vn/products/gift-combo-5-vo-nguoi-lon-vonglonhtooo00
1073923692,Sandal Biti's Hunter SHIFT Collection Nữ Màu Xám Lợt HEW002000XAL,575000,HUNTER,Sandal Thông Dụng,"SHIFT,kho:online,Hunter,Sandalhunternu,newhunter,NỮ,Sandalnu,Sandal Dép Hunter,Giày dép nữ,Giày dép Hunter",Available,5,https://cdn.hstatic.net/products/1000230642/hew002000xal__2__b707a1df5ed84b8c874a5dc7608e71cd.jpg,https://bitis.com.vn/products/sandal-biti-s-hunter-shift-collection-nu-mau-xam-lot-hew002000xal
1073922914,Sandal Biti's Hunter SHIFT Collection Nữ Màu Hồng HEW002000HOG,575000,HUNTER,Sandal Thông Dụng,"newhunter,kho:online,SHIFT,Sandalhunternu,Hunter,NỮ,Sandalnu,Sandal Dép Hunter,Giày dép nữ,Giày dép Hunter",Available,5,https://cdn.hstatic.net/products/1000230642/hew002000hog__2__7f1be7fd312149ebb51c58a16d7d4eeb.jpg,https://bitis.com.vn/products/sandal-biti-s-hunter-shift-collection-nu-mau-hong-hew002000hog
1073920961,Sandal Biti's Hunter SHIFT Collection Nữ Màu Tím Đậm HEW001900TID,495000,HUNTER,Sandal Thông Dụng,"Sandalhunternu,SHIFT,kho:online,newhunter,Hunter,NỮ,Sandalnu,Sandal Dép Hunter,Giày dép nữ,Giày dép Hunter",Available,5,https://cdn.hstatic.net/products/1000230642/hew001900tid__2__28f8813542b04ccf85a8badab145e5fa.jpg,https://bitis.com.vn/products/sandal-biti-s-hunter-shift-collection-nu-mau-tim-dam-hew001900tid
1073917729,Sandal Biti's Hunter SHIFT Collection Nữ Màu Kem HEW001900KEM,495000,HUNTER,Sandal Thông Dụng,"Sandalhunternu,kho:online,Hunter,newhunter,SHIFT,NỮ,Sandalnu,Sandal Dép Hunter,Giày dép nữ,Giày dép Hunter",Available,5,https://cdn.hstatic.net/products/1000230642/hew001900kem__6__6ed15785c0fd42f29374fb4148f2f299.jpg,https://bitis.com.vn/products/sandal-biti-s-hunter-shift-collection-nu-mau-kem-hew001900kem
1073917088,Sandal Biti's Hunter SHIFT Collection Nữ Màu Đen HEW001900DEN,495000,HUNTER,Sandal Thông Dụng,"Sandalhunternu,kho:online,Hunter,newhunter,SHIFT,NỮ,Sandalnu,Sandal Dép Hunter,Giày dép nữ,Giày dép Hunter",Available,5,https://cdn.hstatic.net/products/1000230642/hew001900den__6__5d2ddf2ac5424ed68c46462fe4b1b4d8.jpg,https://bitis.com.vn/products/sandal-biti-s-hunter-shift-collection-nu-mau-den-hew001900den
1073910207,Sandal Biti's Hunter SHIFT Collection Nam Màu Xám HEM001900XAM,495000,HUNTER,Sandal Thông Dụng,"Hunter,Sandalhunternam,SHIFT,newhunter,kho:online,NAM,Sandal,Sandal Dép Hunter,Giày dép nam,Giày dép Hunter",Available,7,https://cdn.hstatic.net/products/1000230642/hem001900xam__6__39285ff3eb7d4901a2e656b12c1f935b.jpg,https://bitis.com.vn/products/sandal-biti-s-hunter-shift-collection-nam-mau-xam-hem001900xam
1073908938,Sandal Biti's Hunter SHIFT Collection Nam Màu Đen HEM001900DEN,495000,HUNTER,Sandal Thông Dụng,"kho:online,SHIFT,newhunter,Hunter,Sandalhunternam,NAM,Sandal,Sandal Dép Hunter,Giày dép nam,Giày dép Hunter",Available,7,https://cdn.hstatic.net/products/1000230642/hem001900den__7__40ad1eb148184b6e9c3490ad27e26e97.jpg,https://bitis.com.vn/products/sandal-biti-s-hunter-shift-collection-nam-mau-den-hem001900den
1073908000,Balo Thời Trang Biti's Hunter 4All Màu Trắng HBBM01800TRG,765000,HUNTER,Balo,"newhunter,Phukien,Balo,balohunter,kho:online,Hunter,Phụ kiện,NAM,Phụ kiện nam,Phụ kiện nữ,NỮ,4All,Phụ kiện Hunter,26AU",Available,1,https://cdn.hstatic.net/products/1000230642/hbbm01800trg__1__1951cc46501945ccade38aa6dfe0f57a.jpg,https://bitis.com.vn/products/balo-biti-s-hunter-mau-trang-hbbm01800trg
1073907903,Balo Thời Trang Biti's Hunter 4All Màu Xám HBBM01800XAM,765000,HUNTER,Balo,"Balo,balohunter,Hunter,kho:online,newhunter,Phukien,NAM,Phụ kiện,Phụ kiện nam,NỮ,Phụ kiện nữ,4All,Phụ kiện Hunter,26AU",Available,1,https://cdn.hstatic.net/products/1000230642/hbbm01800xam__5__45ecf602cbf747c7b17c3d7088975015.jpg,https://bitis.com.vn/products/balo-biti-s-hunter-mau-xam-hbbm01800xam
1073906677,Dép Xốp Biti's CHARMING Collection Nữ Màu Kem BXW028200KEM,275000,Biti's,Dép Thông Dụng,"kho:online,CHARMING,NỮ,Depnu,Dép nữ,Dép,Giày dép nữ",Available,6,https://cdn.hstatic.net/products/1000230642/bxw028200kem__6__b8f4abcb17ad4b03853a953459aae578.jpg,https://bitis.com.vn/products/dep-xop-biti-s-charming-collection-nu-mau-kem-bxw028200kem
1073897249,Dép Xốp Biti's CHARMING Collection Nữ Màu Đen BXW028200DEN,275000,Biti's,Dép Thông Dụng,"CHARMING,kho:online,NỮ,Depnu,Dép nữ,Dép,Giày dép nữ",Available,6,https://cdn.hstatic.net/products/1000230642/bxw028200den__2__43a3ff16a50149a793a8d99d84c3614a.jpg,https://bitis.com.vn/products/dep-xop-biti-s-charming-collection-nu-mau-den-bxw028200den
1073896116,Dép Xốp Biti's CHARMING Collection Nữ Màu Xanh Nhớt BXW028000XNH,285000,Biti's,Dép Thông Dụng,"CHARMING,kho:online,NỮ,Depnu,Dép nữ,Dép,Giày dép nữ",Available,6,https://cdn.hstatic.net/products/1000230642/bxw028000xnh__6__c09cc616af45419582704ff77e0ec25c.jpg,https://bitis.com.vn/products/dep-xop-biti-s-charming-collection-nu-mau-xanh-nhot-bxw028000xnh
1073895485,Dép Xốp Biti's CHARMING Collection Nữ Màu Đen BXW028000DEN,285000,Biti's,Dép Thông Dụng,"CHARMING,kho:online,NỮ,Depnu,Dép nữ,Dép,Giày dép nữ",Available,6,https://cdn.hstatic.net/products/1000230642/bxw028000den__3__29d7ede990dd472385c5ac3457da17fd.jpg,https://bitis.com.vn/products/dep-xop-biti-s-charming-collection-nu-mau-den-bxw028000den
1073895188,Dép Biti's BASIC Collection Nam Màu Xám BXM009700XAM,200000,Biti's,Dép Thông Dụng,"kho:online,BASIC,NAM,Dép nam,Dép,Wave,Giày dép nam",Available,6,https://cdn.hstatic.net/products/1000230642/bxm009700xam__2__d1f4914f856e40aaa7a3c4e7cbb6e8fa.jpg,https://bitis.com.vn/products/dep-biti-s-basic-collection-nam-mau-xam-bxm009700xam
1073894983,Dép Biti's BASIC Collection Nam Màu Đen BXM009700DEN,200000,Biti's,Dép Thông Dụng,"kho:online,BASIC,NAM,Dép nam,Dép,Wave,Giày dép nam",Available,6,https://cdn.hstatic.net/products/1000230642/bxm009700den__2__0d7d1596a3ed4ec999e8bab3c55b0e79.jpg,https://bitis.com.vn/products/dep-biti-s-basic-collection-nam-mau-den-bxm009700den
1073894693,Sandal Biti's VERANO Collection Nam Màu Đen BPM003801DEN,405000,Biti's,Sandal Thông Dụng,"kho:online,VERANO,NAM,Sandal,Giày dép nam",Available,6,https://cdn.hstatic.net/products/1000230642/bpm003801den__3__933bfd6c34804d1c8524a5d70eed3ae7.jpg,https://bitis.com.vn/products/sandal-biti-s-verano-collection-nam-mau-den-bpm003801den
1073894557,Sandal Biti's VERANO Collection Nam Màu Nâu BPM003800NAU,405000,Biti's,Sandal Thông Dụng,"VERANO,kho:online,NAM,Sandal,Giày dép nam",Available,6,https://cdn.hstatic.net/products/1000230642/bpm003800nau__4__2c7b6e939173471aa4d6e67314857ac5.jpg,https://bitis.com.vn/products/sandal-biti-s-verano-collection-nam-mau-nau-bpm003800nau
1073894401,Sandal Biti's ANI Collection Nữ Màu Trắng BFW008788TRG,495000,Biti's,Sandal Thời Trang,"ANI,kho:online,NỮ,Sandalnu,Giày dép nữ",Available,5,https://cdn.hstatic.net/products/1000230642/bfw008788trg__6__45f86a573c59487cafd25628afd708a3.jpg,https://bitis.com.vn/products/sandal-biti-s-ani-collection-nu-mau-trang-bfw008788trg
1073894302,Sandal Biti's ANI Collection Nữ Màu Nâu BFW008788NAU,495000,Biti's,Sandal Thời Trang,"kho:online,ANI,NỮ,Sandalnu,Giày dép nữ",Available,5,https://cdn.hstatic.net/products/1000230642/bfw008788nau__6__8601f6c4f2c5446a985f1273fb34440d.jpg,https://bitis.com.vn/products/sandal-biti-s-ani-collection-nu-mau-nau-bfw008788nau
1073893952,Sandal Biti's ANI Collection Nữ Màu Đen BFW008788DEN,495000,Biti's,Sandal Thời Trang,"ANI,kho:online,NỮ,Sandalnu,Giày dép nữ",Available,5,https://cdn.hstatic.net/products/1000230642/bfw008788den__6__74f9dc8511194638a8b673f4773ec8f4.jpg,https://bitis.com.vn/products/sandal-biti-s-ani-collection-nu-mau-den-bfw008788den
1073892984,Sandal Biti's ANI Collection Nữ Màu Kem BFW005788KEM,495000,Biti's,Giày Thời Trang,"kho:online,ANI,NỮ,Giày nữ,Giày,Giày dép nữ",Available,5,https://cdn.hstatic.net/products/1000230642/bfw005788kem__6__32f8cc4317c8423ca9af1a46054ea9a5.jpg,https://bitis.com.vn/products/sandal-biti-s-ani-collection-nu-mau-kem-bfw005788kem
1073892924,Sandal Biti's ANI Collection Nữ Màu Đen BFW005788DEN,495000,Biti's,Giày Thời Trang,"ANI,kho:online,NỮ,Giày nữ,Giày,Giày dép nữ",Available,5,https://cdn.hstatic.net/products/1000230642/bfw005788den__6__1cd417eecc9342f6b00fae669ad8553f.jpg,https://bitis.com.vn/products/sandal-biti-s-ani-collection-nu-mau-den-bfw005788den
1073892351,Dép Biti's WAVY Collection Nữ Màu Xanh Ngọc BEW004900XNG,300000,Biti's,Dép Thông Dụng,"kho:online,WAVY,NỮ,Depnu,Dép nữ,Dép,Giày dép nữ",Available,6,https://cdn.hstatic.net/products/1000230642/bew004900xng__6__c993116c01ed43bdaf927d6fdf2f4f14.jpg,https://bitis.com.vn/products/dep-biti-s-summer-collection-nu-mau-xanh-ngoc-bew004900xng
1073891753,Dép Biti's WAVY Collection Nữ Màu Kem Lợt BEW004900KEL,300000,Biti's,Dép Thông Dụng,"WAVY,kho:online,NỮ,Depnu,Dép nữ,Dép,Giày dép nữ",Available,6,https://cdn.hstatic.net/products/1000230642/bew004900kel__6__14d3242b387b439c982db04f58e9cd5a.jpg,https://bitis.com.vn/products/dep-biti-s-summer-collection-nu-mau-kem-lot-bew004900kel
1073890847,Dép Biti's Summer Collection Bé Gái Màu Hồng BEG007500HOG,140000,Biti's,Dép Thông Dụng,"kho:online,Summer,TRẺ EM,Giày dép,Dép,BÉ GÁI,Giày dép trẻ em",Available,6,https://cdn.hstatic.net/products/1000230642/beg007500hog__4__e6101b3b80a94ab0aeda0ab6c5c7c8a0.jpg,https://bitis.com.vn/products/dep-biti-s-summer-collection-be-gai-mau-hong-beg007500hog
1073890774,Dép Biti's Summer Collection Bé Trai Màu Xanh Nhớt BEB007501XNH,150000,Biti's,Dép Thông Dụng,"kho:online,Summer,TRẺ EM,BÉ TRAI,Giày dép,Dép,Giày dép trẻ em",Available,9,https://cdn.hstatic.net/products/1000230642/beb007501xnh__4__71229f266c764f3a86062c55b28c427c.jpg,https://bitis.com.vn/products/dep-biti-s-summer-collection-be-trai-mau-xanh-nhot-beb007501xnh
1073890527,Dép Biti's Summer Collection Trẻ Em Màu Xám BEB007500XAM,140000,Biti's,Dép Thông Dụng,"Summer,kho:online,Giày dép,Dép",Available,6,https://cdn.hstatic.net/products/1000230642/beb007500xam__6__d4d39c6247474edca84623aec028dd95.jpg,https://bitis.com.vn/products/dep-biti-s-summer-collection-tre-em-mau-xam-beb007500xam
1073890487,Dép Biti's Summer Collection Bé Trai Màu Xanh Dương BEB007500XDG,140000,Biti's,Dép Thông Dụng,"kho:online,Summer,BÉ TRAI,TRẺ EM,Giày dép,Dép,Giày dép trẻ em",Available,6,https://cdn.hstatic.net/products/1000230642/beb007500xdg__6__5f04bb85b21a443088a44fdd58c96c08.jpg,https://bitis.com.vn/products/dep-biti-s-summer-collection-be-trai-mau-xanh-duong-beb007500xdg
1073890426,Dép Biti's Summer Collection Trẻ Em Màu Rêu BEB007500REU,140000,Biti's,Dép Thông Dụng,"Summer,kho:online,Giày dép,Dép",Available,6,https://cdn.hstatic.net/products/1000230642/beb007500reu__2__84468579d7ef45ee8afc1bd1ecc379fa.jpg,https://bitis.com.vn/products/dep-biti-s-summer-collection-tre-em-mau-reu-beb007500reu
1073834879,Sandal Biti's ZOOM Collection Nam Màu Xám BYM000600XAM,475000,Biti's,Sandal Thông Dụng,"kho:online,NAM,Zoom,Sandal,Giày dép nam",Available,6,https://cdn.hstatic.net/products/1000230642/bym000600xam__7__750e767fed5f4c90bd6c02cfd842a383.jpg,https://bitis.com.vn/products/sandal-biti-s-nam-mau-xam-bym000600xam
1073834760,Sandal Nam Biti's Zoom Màu Rêu BYM000600REU,475000,Biti's,Sandal Thông Dụng,"kho:online,NAM,Zoom,26AP,Sandal,Giày dép nam",Available,6,https://cdn.hstatic.net/products/1000230642/bym000600reu__6__7e0e6d150175463ba89ce6b9c3d37dad.jpg,https://bitis.com.vn/products/sandal-nam-biti-s-zoom-mau-reu-bym000600reu
1073834756,Sandal Biti's ZOOM Collection Nam Màu Đen BYM000600DEN,475000,Biti's,Sandal Thông Dụng,"kho:online,NAM,Zoom,Sandal,Giày dép nam",Available,6,https://cdn.hstatic.net/products/1000230642/bym000600den__5__6c48107453564217adb4548eed7ff393.jpg,https://bitis.com.vn/products/sandal-biti-s-nam-mau-den-bym000600den
1073834690,Dép Xốp Biti's Nữ Màu Hồng BXW029300HOG,315000,Biti's,Dép Thông Dụng,"kho:online,NỮ,Depnu,Dép nữ,Dép,Giày dép nữ",Available,6,https://cdn.hstatic.net/products/1000230642/bxw029300hog__1__430267f42d494c59baac8654e0577efd.jpg,https://bitis.com.vn/products/dep-xop-biti-s-nu-mau-hong-bxw029300hog
1073834679,Dép Xốp Biti's Nữ Màu Đen BXW029300DEN,315000,Biti's,Dép Thông Dụng,"kho:online,NỮ,Depnu,Dép nữ,Dép,Giày dép nữ",Available,6,https://cdn.hstatic.net/products/1000230642/bxw029300den__6__92faacbd8b9a43b987b0b480d5164222.jpg,https://bitis.com.vn/products/dep-xop-biti-s-nu-mau-den-bxw029300den
1073834674,Dép Xốp Biti's Nữ Màu Cam BXW029300CAM,315000,Biti's,Dép Thông Dụng,"kho:online,NỮ,Depnu,Dép nữ,Dép,Giày dép nữ",Available,6,https://cdn.hstatic.net/products/1000230642/bxw029300cam__6__e3185b794364488e9b960771b90fa923.jpg,https://bitis.com.vn/products/dep-xop-biti-s-nu-mau-cam-bxw029300cam
1073834532,Dép Xốp Biti's CHARMING Collection Nữ Màu Đỏ Đậm BXW027900DOD,215000,Biti's,Dép Thông Dụng,"kho:online,CHARMING,NỮ,Depnu,Dép nữ,Dép,Giày dép nữ",Available,6,https://cdn.hstatic.net/products/1000230642/bxw027900dod__2__55652200551e46f196b0e2e5139cce6f.jpg,https://bitis.com.vn/products/dep-xop-biti-s-nu-mau-do-dam-bxw027900dod
1073834491,Dép Xốp Biti's CHARMING Collection Nữ Màu Đen BXW027900DEN,215000,Biti's,Dép Thông Dụng,"kho:online,CHARMING,NỮ,Depnu,Dép nữ,Dép,Giày dép nữ",Available,6,https://cdn.hstatic.net/products/1000230642/bxw027900den__2__b6f51392d3ba48feaf7ac080bb20d8f1.jpg,https://bitis.com.vn/products/dep-xop-biti-s-nu-mau-den-bxw027900den
1073834402,Dép Xốp Biti's DAILY Collection Nữ Màu Bạc BXW027301BAC,230000,Biti's,Dép Thông Dụng,"kho:online,DAILY,NỮ,Depnu,Dép nữ,Dép,Giày dép nữ",Available,6,https://cdn.hstatic.net/products/1000230642/bxw027301bac__6__155f46eca602463b8a3815cec37e4807.jpg,https://bitis.com.vn/products/dep-xop-biti-s-nu-mau-bac-bxw027301bac
1073834385,Dép Xốp Biti's DAILY Collection Nữ Màu Đen BXW027300DEN,230000,Biti's,Dép Thông Dụng,"kho:online,DAILY,NỮ,Depnu,Dép nữ,Dép,Giày dép nữ",Available,6,https://cdn.hstatic.net/products/1000230642/bxw027300den__5__12f4bcf20d2a47c9926e87133401d5a2.jpg,https://bitis.com.vn/products/dep-xop-biti-s-nu-mau-den-bxw027300den
1073834175,Sandal Biti's Doraemon Bé Trai Màu Xanh Dương Đậm BTB002022XDD,315000,Biti's,Sandal Thông Dụng,"Doremon,kho:online,BÉ TRAI,TRẺ EM,Sandal,Sandal trẻ em,Giày dép trẻ em",Available,6,https://cdn.hstatic.net/products/1000230642/btb002022xdd__6__b021ca0f849a4779a2a1ecfc3728452b.jpg,https://bitis.com.vn/products/sandal-biti-s-doraemon-be-trai-mau-xanh-duong-dam-btb002022xdd
1073834147,Sandal Biti's Bé Trai Màu Xám Đậm BTB002022XAD,315000,Biti's,Sandal Thông Dụng,"kho:online,Doremon,TRẺ EM,BÉ TRAI,Sandal,Sandal trẻ em,Giày dép trẻ em",Available,6,https://cdn.hstatic.net/products/1000230642/btb002022xad__6__d19fda4e77684e02b1ec4d200ef411bb.jpg,https://bitis.com.vn/products/sandal-biti-s-be-trai-mau-xam-dam-btb002022xad
1073834083,Giày Thể Thao Biti's Helio Teen Nữ Màu Hồng BSG007401HOG,675000,Helio,Giày Thể Thao,"kho:online,Teennu,Helio,NỮ,Giày nữ,Giày,Nightfall,Giày dép nữ",Available,6,https://cdn.hstatic.net/products/1000230642/bsg007401hog__3__fc97c874724b49c099da389ee8b53a2a.jpg,https://bitis.com.vn/products/giay-the-thao-biti-s-helio-teen-nu-mau-hong-bsg007401hog
1073833809,Giày Thể Thao Biti's Helio Teen Nam Màu Nâu BSB007402NAU,675000,Helio,Giày Thể Thao,"Helio,Teennam,kho:online,NAM,Giày nam,Giày,Nightfall,Giày dép nam",Available,10,https://cdn.hstatic.net/products/1000230642/bsb007402nau__8a2b5e0d620e4a089be79a3af461cb4e.jpg,https://bitis.com.vn/products/giay-the-thao-biti-s-helio-teen-nam-mau-nau-bsb007402nau
1073833115,Sandal Biti's SUPERSTAR Collection Bé Trai Màu Xanh Nhớt BPB000500XNH,350000,Biti's,Sandal Thông Dụng,"kho:online,BÉ TRAI,TRẺ EM,Sandal,Sandal trẻ em,Giày dép trẻ em",Available,6,https://cdn.hstatic.net/products/1000230642/bpb000500xnh__5__3ee188d01cb44d8095418f6bd5155671.jpg,https://bitis.com.vn/products/sandal-biti-s-superstar-collection-be-trai-mau-xanh-nhot-bpb000500xnh
1073833088,Sandal Biti's SUPERSTAR Collection Bé Trai Màu Xám Đậm BPB000500XAD,350000,Biti's,Sandal Thông Dụng,"kho:online,BÉ TRAI,TRẺ EM,Sandal,Sandal trẻ em,Giày dép trẻ em",Available,6,https://cdn.hstatic.net/products/1000230642/bpb000500xad__6__e0c3adc4274143d6a4f75d09ed6ec7e5.jpg,https://bitis.com.vn/products/sandal-biti-s-superstar-collection-be-trai-mau-xam-dam-bpb000500xad
1073820192,Sandal Biti's SUPERSTAR Collection Bé Trai Màu Đen BPB000500DEN,350000,Biti's,Sandal Thông Dụng,"kho:online,BÉ TRAI,TRẺ EM,Sandal,Sandal trẻ em,Giày dép trẻ em",Available,6,https://cdn.hstatic.net/products/1000230642/bpb000500den__3__defce03c44c34e0697095cd26975cea3.jpg,https://bitis.com.vn/products/sandal-biti-s-superstar-collection-be-trai-mau-den-bpb000500den
1073819893,Balo Nữ Biti's Flora Màu Xanh Lá Cây BBBW01300XLC,215000,Biti's,Balo,"kho:online,Balo,Phukien,NỮ,Phụ kiện nữ,Phụ kiện,26AP,Flora",Available,1,https://cdn.hstatic.net/products/1000230642/bbbw01300xlc__2__30833f65364744cd863e29457a82f55e.jpg,https://bitis.com.vn/products/balo-nu-biti-s-flora-mau-xanh-la-cay-bbbw01300xlc
1073819718,Túi Xách Nữ Biti's Flora Màu Xanh Lá Cây BBWW00600XLC,155000,Biti's,Túi Xách,"Phukien,Tuixach,kho:online,NỮ,Phụ kiện,Phụ kiện nữ,Flora,26AP",Available,1,https://cdn.hstatic.net/products/1000230642/bbww00600xlc__3__a86e5baba17e43138b264eb3639698fe.jpg,https://bitis.com.vn/products/tui-xach-biti-s-nu-mau-xanh-la-cay-bbww00600xlc
1073679206,Túi Pouch Cầm Tay Biti's Hunter 4All Màu Trắng HBWM00100TRG,150000,HUNTER,Túi Đeo,"newhunter,Phukien,kho:online,Tuixach,BST New,Tuihunter,Hunter,4All,Phụ kiện,NAM,Phụ kiện nam,Phụ kiện Hunter",Available,1,https://cdn.hstatic.net/products/1000230642/hbwm00100trg__3__092c1f5a466a4ba4ae92cf1dfced4fc2.jpg,https://bitis.com.vn/products/tui-pouch-biti-s-hunter-4-all-mau-trang-hbwm00100trg
1073679201,Túi Pouch Cầm Tay Biti's Hunter 4All Màu Đen HBWM00100DEN,150000,HUNTER,Túi Đeo,"BST New,4All,kho:online,Hunter,Phukien,Tuihunter,newhunter,Tuixach,NAM,Phụ kiện,Phụ kiện nam,Phụ kiện Hunter",Available,1,https://cdn.hstatic.net/products/1000230642/hbwm00100den__2__81aad3ab1b3f4390b7b5974bb103ad8e.jpg,https://bitis.com.vn/products/tui-pouch-biti-s-hunter-4-all-mau-den-hbwm00100den
1073679147,Túi Đeo Chéo Thể Thao Biti's Hunter Essential Màu Xám HBSM01400XAM,295000,HUNTER,Túi Đeo,"Phukien,kho:online,Essential,Phụ kiện,NAM,Phụ kiện nam,Phụ kiện Hunter,26AP",Available,1,https://cdn.hstatic.net/products/1000230642/hbsm01400xam__2__e85d9aa7d4c4421eb88a98c776d58d4c.jpg,https://bitis.com.vn/products/tui-xach-the-thao-biti-s-hunter-essential-mau-xam-hbsm01400xam
1073679139,Túi Đeo Chéo Thể Thao Biti's Hunter Essential Màu Đen HBSM01400DEN,295000,HUNTER,Túi Đeo,"kho:online,Phukien,Essential,NAM,Phụ kiện,Phụ kiện nam,Phụ kiện Hunter,26AP",Available,1,https://cdn.hstatic.net/products/1000230642/hbsm01400den__2__34777ffa21d44e0c9abf8c14bb6301f7.jpg,https://bitis.com.vn/products/tui-xach-the-thao-biti-s-hunter-essential-mau-den-hbsm01400den
1073666776,Dép Biti's DAILY Nữ Màu Nâu BEW004500NAU,310000,Biti's,Dép Thông Dụng,"kho:online,DAILY,NỮ,Depnu,Dép nữ,Dép,Giày dép nữ",Available,6,https://cdn.hstatic.net/products/1000230642/bew004500nau__6__6025fbe88ee84761b299347f7e270297.jpg,https://bitis.com.vn/products/dep-biti-s-daily-nu-mau-nau-bew004500nau
1073664492,Dép Biti's DAILY Nữ Màu Đen BEW004500DEN,310000,Biti's,Dép Thông Dụng,"kho:online,DAILY,NỮ,Depnu,Dép nữ,Dép,Giày dép nữ",Available,6,https://cdn.hstatic.net/products/1000230642/bew004500den__6__2547a4864a144834b28641e6a741e8f3.jpg,https://bitis.com.vn/products/dep-biti-s-daily-nu-mau-den-bew004500den
1073662362,Giày Sandal Bé Gái Biti's Doraemon Màu Tím BEG007622TIM,315000,Biti's,Sandal Thông Dụng,"kho:online,Doremon,TRẺ EM,Sandal,BÉ GÁI,Sandal trẻ em,Giày dép trẻ em",Available,6,https://cdn.hstatic.net/products/1000230642/beg007622tim__6__cd7721212139490d9201f0b8c9d6d22d.jpg,https://bitis.com.vn/products/giay-sandal-be-gai-biti-s-doraemon-mau-tim-beg007622tim
1073662138,Giày Sandal Bé Gái Biti's Doraemon Màu Cam BEG007622CAM,315000,Biti's,Sandal Thông Dụng,"kho:online,Doremon,TRẺ EM,Sandal,BÉ GÁI,Sandal trẻ em,Giày dép trẻ em",Available,6,https://cdn.hstatic.net/products/1000230642/beg007622cam__4__148d7e583ff0444daef0d509c7c7d5f1.jpg,https://bitis.com.vn/products/giay-sandal-be-gai-biti-s-doraemon-mau-cam-beg007622cam
1073635075,Giày Thể Thao Biti's Helio Teen Nam Màu Xám BSB007401XAM,675000,Helio,Giày Thể Thao,"Teennam,Helio,kho:online,NAM,Giày nam,Giày,Nightfall,Giày dép nam",Available,10,https://cdn.hstatic.net/products/1000230642/bsb007401xam__3__86a09de8c4484b09aeb2c6fc16a8a272.jpg,https://bitis.com.vn/products/giay-the-thao-biti-s-helio-teen-nam-mau-xam-bsb007401xam
1073632944,Sandal Biti's SANDY Nữ Màu Trắng BEW004600TRG,425000,Êmbrace,Sandal Thông Dụng,"kho:online,NỮ,Sandalnu,Giày dép nữ",Available,6,https://cdn.hstatic.net/products/1000230642/bew004600trg__1__52376729f8ba4bc3b00ed124ad3c4f9d.jpg,https://bitis.com.vn/products/sandal-biti-s-sandy-nu-mau-trang-bew004600trg
1073632840,Sandal Biti's SANDY Nữ Màu Đỏ Đậm BEW004600DOD,425000,Êmbrace,Sandal Thông Dụng,"kho:online,NỮ,Sandalnu,Giày dép nữ",Available,6,https://cdn.hstatic.net/products/1000230642/bew004600dod__4__15b26aacd3f64241a8ea6d41695c9f5b.jpg,https://bitis.com.vn/products/sandal-biti-s-sandy-nu-mau-do-dam-bew004600dod
1073630677,Sandal Biti's SANDY Nữ Màu Đen BEW004600DEN,425000,Êmbrace,Sandal Thông Dụng,"kho:online,NỮ,Sandalnu,Giày dép nữ",Available,6,https://cdn.hstatic.net/products/1000230642/bew004600den__6__a99673727d1442a68ef1332c19862d74.jpg,https://bitis.com.vn/products/sandal-biti-s-nu-mau-den-bew004600den
1073544746,Dép Biti's OASIS Nam Màu Rêu BEM003901REU,198000,Biti's,Dép Thông Dụng,"OASIS,kho:online,NAM,Dép nam,Dép,Giày dép nam",Available,5,https://cdn.hstatic.net/products/1000230642/bem003901reu__1__d67c42ce528a4f11831387a02eed143f.jpg,https://bitis.com.vn/products/dep-biti-s-oasis-nam-mau-reu-bem003901reu
1073542471,Dép Biti's OASIS Nam Màu Xám BEM003900XAM,198000,Biti's,Dép Thông Dụng,"OASIS,kho:online,NAM,Dép nam,Dép,Giày dép nam",Available,5,https://cdn.hstatic.net/products/1000230642/bem003900xam_83cd311716f44d7c8bf6aebbb841bf32.jpg,https://bitis.com.vn/products/dep-biti-s-oasis-nam-mau-xam-bem003900xam
1073541648,Dép Biti's OASIS Nam Mảu Đen BEM003900DEN,198000,Biti's,Dép Thông Dụng,"OASIS,kho:online,NAM,Dép nam,Dép,Giày dép nam",Available,5,https://cdn.hstatic.net/products/1000230642/bem003900den_dd3f266e13224c4f94f427ce983b47d7.jpg,https://bitis.com.vn/products/dep-biti-s-oasis-nam-mau-den-bem003900den
1073539061,Dép Biti's Vườn Rau Của Mẹ Bé Gái Màu Xanh Ngọc BEG007400XNG,300000,Biti's,Dép Thông Dụng,"kho:online,Vuonraucuame,TRẺ EM,Giày dép,Dép,BÉ GÁI,Giày dép trẻ em",Available,10,https://cdn.hstatic.net/products/1000230642/beg007400xng__7__e322e0422efd40729ddae6662a556140.jpg,https://bitis.com.vn/products/dep-biti-s-vuon-rau-cua-me-be-gai-mau-xanh-ngoc-beg007400xng
1073538892,Dép Biti's Vườn Rau Của Mẹ Bé Gái Màu Hồng BEG007400HOG,300000,Biti's,Dép Thông Dụng,"Vuonraucuame,kho:online,TRẺ EM,Giày dép,Dép,BÉ GÁI,Giày dép trẻ em",Available,10,https://cdn.hstatic.net/products/1000230642/beg007400hog__7__e91273681e774e569835e9a8642a3ffc.jpg,https://bitis.com.vn/products/dep-biti-s-vuon-rau-cua-me-be-gai-mau-hong-beg007400hog
1073538547,Sandal Biti's SUPERSTAR Bé Trai Màu Xanh Nhớt BEB007600XNH,315000,Biti's,Sandal Thông Dụng,"kho:online,SUPERSTAR,BÉ TRAI,TRẺ EM,Sandal,Sandal trẻ em,Giày dép trẻ em",Available,10,https://cdn.hstatic.net/products/1000230642/beb007600xnh__2__2fbdae45f3c04b51a7947381d769cbde.jpg,https://bitis.com.vn/products/sandal-biti-s-superstar-be-trai-mau-xanh-nhot-beb007600xnh
1073538519,Sandal Biti's SUPERSTAR Bé Trai Màu Xám BEB007600XAM,315000,Biti's,Sandal Thông Dụng,"kho:online,SUPERSTAR,TRẺ EM,BÉ TRAI,Sandal,Sandal trẻ em,Giày dép trẻ em",Available,10,https://cdn.hstatic.net/products/1000230642/beb007600xam__2__47e1b5fe15d64ed3b76ebaa4151bfed5.jpg,https://bitis.com.vn/products/sandal-biti-s-superstar-be-trai-mau-xam-beb007600xam
1073538321,Sandal Biti's SUPERSTAR Bé Trai Màu Đen BEB007600DEN,315000,Biti's,Sandal Thông Dụng,"SUPERSTAR,kho:online,TRẺ EM,BÉ TRAI,Sandal,Sandal trẻ em,Giày dép trẻ em",Available,10,https://cdn.hstatic.net/products/1000230642/beb007600den__2__3ed0b904e9e347339564fe7fc8ed253c.jpg,https://bitis.com.vn/products/sandal-biti-s-superstar-be-trai-mau-den-beb007600den
1073538036,Dép Biti's Vườn Rau Của Mẹ Trẻ Em Màu Kem BEB007400KEM,300000,Biti's,Dép Thông Dụng,"kho:online,Vuonraucuame,Giày dép,Dép",Available,10,https://cdn.hstatic.net/products/1000230642/beb007400kem__7__a9c434540f23458c8b2ac803aa2b4231.jpg,https://bitis.com.vn/products/dep-biti-s-vuon-rau-cua-me-tre-em-mau-kem-beb007400kem
1073537996,Dép Biti's Vườn Rau Của Mẹ Trẻ Em Màu Đen BEB007400DEN,300000,Biti's,Dép Thông Dụng,"kho:online,Vuonraucuame,Giày dép,Dép",Available,10,https://cdn.hstatic.net/products/1000230642/beb007400den__6__cf4f304a2d454bffac7c5c6236dcd3be.jpg,https://bitis.com.vn/products/dep-biti-s-vuon-rau-cua-me-tre-em-mau-den-beb007400den
1073453520,Giày Thể Thao Biti's Hunter Go4Love Nam Màu Nâu HSM013900NAU,1265000,HUNTER,Giày Thể Thao,"Hunter,Huntersneaker,Go4Love,kho:online,Huntersneakernam,newhunter,NAM,Giày nam,Giày,Hunter Nam,Giày Hunter,Giày dép nam,Giày dép Hunter",Available,6,https://cdn.hstatic.net/products/1000230642/hsm013900nau__2__32d69984aae34556ba81248a47d41cc5.jpg,https://bitis.com.vn/products/giay-the-thao-biti-s-hunter-go4love-nam-mau-nau-hsm013900nau
1073453513,Giày Thể Thao Biti's Hunter Go4Love Nam Màu Đen HSM013900DEN,1265000,HUNTER,Giày Thể Thao,"kho:online,Go4Love,Huntersneakernam,Huntersneaker,newhunter,Hunter,NAM,Giày nam,Giày,Hunter Nam,Giày Hunter,Giày dép nam,Giày dép Hunter",Available,6,https://cdn.hstatic.net/products/1000230642/hsm013900den__3__d22633f6dc1c4d5c89a9f0e1c1f0d90c.jpg,https://bitis.com.vn/products/giay-the-thao-biti-s-hunter-go4love-nam-mau-den-hsm013900den
1073453472,Giày Thể Thao Biti's Hunter Go4Love Nữ Màu Hồng HSW013900HOG,1235000,HUNTER,Giày Thể Thao,"top,kho:online,Huntersneakernu,newhunter,Hunter,BST New,Go4Love,Huntersneaker,NỮ,best seller,Giày nữ,Giày,Giày Hunter,Giày dép nữ,Giày dép Hunter",Available,5,https://cdn.hstatic.net/products/1000230642/hsw013900hog__2__f71059efc6684aaa937c5c81f5a0c563.jpg,https://bitis.com.vn/products/giay-the-thao-biti-s-hunter-go4love-nu-mau-hong-hsw013900hog
1073453404,Dép Xốp Biti's WAVE Collection Nam Màu Xám Đậm BXM009400XAD,275000,Biti's,Dép Thông Dụng,"kho:online,Wave,BASIC,NAM,Dép nam,Dép,Giày dép nam",Available,6,https://cdn.hstatic.net/products/1000230642/bxm009400xad_d10a1b4858c34b3fab391c0e9bafb0e1.jpg,https://bitis.com.vn/products/dep-xop-biti-s-wave-collection-nam-mau-xam-dam-bxm009400xad
1073453348,Dép Xốp Biti's WAVE Collection Nam Màu Rêu Đậm BXM009400RED,275000,Biti's,Dép Thông Dụng,"kho:online,Wave,BASIC,NAM,Dép nam,Dép,Giày dép nam",Available,6,https://cdn.hstatic.net/products/1000230642/bxm009400red__2__2718b436a50f4760a170e586fd31a689.jpg,https://bitis.com.vn/products/dep-xop-biti-s-wave-collection-nam-mau-reu-dam-bxm009400red
1073453344,Dép Xốp Biti's Nam WAVE Collection Màu Đen BXM009400DEN,275000,Biti's,Dép Thông Dụng,"kho:online,Wave,BASIC,NAM,Dép nam,Dép,Giày dép nam",Available,6,https://cdn.hstatic.net/products/1000230642/bxm009400den_063a717f8ee246c99ceeececd63841eb.jpg,https://bitis.com.vn/products/dep-xop-biti-s-nam-wave-collection-mau-den-bxm009400den
1073453321,Sandal Biti's Nam Màu Xám BRM003000XAM,390000,Biti's,Sandal Thông Dụng,"kho:online,NAM,Sandal,Giày dép nam",Available,6,https://cdn.hstatic.net/products/1000230642/brm003000xam__5__0ffc2142bbc64d27bef72ce434419a6d.jpg,https://bitis.com.vn/products/sandal-biti-s-nam-mau-xam-brm003000xam
1073453307,Sandal Biti's Nam Màu Rêu BRM003000REU,390000,Biti's,Sandal Thông Dụng,"kho:online,NAM,Sandal,Giày dép nam",Available,6,https://cdn.hstatic.net/products/1000230642/brm003000reu__6__14e904afb6824cd3a3111e2dad244a9e.jpg,https://bitis.com.vn/products/sandal-biti-s-nam-mau-reu-brm003000reu
1073451463,Sandal Biti's Nam Màu Đen BRM003000DEN,390000,Biti's,Sandal Thông Dụng,"kho:online,NAM,Sandal,Giày dép nam",Available,6,https://cdn.hstatic.net/products/1000230642/brm003000den__5__bf19fc4a773646f29d084f27bbb4f6a8.jpg,https://bitis.com.vn/products/sandal-biti-s-nam-mau-den-brm003000den
1073449769,Dép Biti's Nam Màu Rêu BPM003900REU,405000,Biti's,Dép Thông Dụng,"kho:online,NAM,Dép nam,Dép,Giày dép nam",Available,6,https://cdn.hstatic.net/products/1000230642/bpm003900reu__6__d533560e739545d281303d7b92d32355.jpg,https://bitis.com.vn/products/dep-biti-s-nam-mau-reu-bpm003900reu
1073449513,Dép Biti's Nam Màu Nâu BPM003900NAU,405000,Biti's,Dép Thông Dụng,"kho:online,NAM,Dép nam,Dép,Giày dép nam",Available,6,https://cdn.hstatic.net/products/1000230642/bpm003900nau__4__ad32f18dfece4ea2b7e20664080bc08e.jpg,https://bitis.com.vn/products/dep-biti-s-nam-mau-nau-bpm003900nau
1073449205,Dép Biti's Nam Màu Nâu Đậm BPM003900NAD,405000,Biti's,Dép Thông Dụng,"kho:online,NAM,Dép nam,Dép,Giày dép nam",Available,6,https://cdn.hstatic.net/products/1000230642/bpm003900nad__5__b86f6173a6f1469e836f51b807c5a0f3.jpg,https://bitis.com.vn/products/dep-biti-s-nam-mau-nau-dam-bpm003900nad
1073368633,Dép Biti's SOLO STRIDE Collection Nam Màu Đen BTM002277DEN,445000,Biti's,Dép Thông Dụng,"kho:online,SOLO STRIDE,NAM,Dép nam,ClassB,Dép,Giày dép nam",Available,6,https://cdn.hstatic.net/products/1000230642/btm002277den__2__64e33d4202104351b8dc10c148aa4c9a.jpg,https://bitis.com.vn/products/dep-biti-s-solo-stride-collection-nam-mau-den-btm002277den
1073368614,Dép Biti's SOLO STRIDE Collection Nam Màu Xám BTM002277XAM,445000,Biti's,Dép Thông Dụng,"kho:online,SOLO STRIDE,NAM,Dép nam,ClassB,Dép,Giày dép nam",Available,6,https://cdn.hstatic.net/products/1000230642/btm002277xam__2__9e2df52039c6459697654673ff18d2bd.jpg,https://bitis.com.vn/products/dep-biti-s-solo-stride-collection-nam-mau-xam-btm002277xam
1073368349,Sandal Biti's Êmbrace GLOWY Collection Nữ Màu Trắng BEW005100TRG,425000,Êmbrace,Sandal Thông Dụng,"kho:online,GLOWY,NỮ,Sandalnu,Giày dép nữ",Available,6,https://cdn.hstatic.net/products/1000230642/bew005100trg__6__426be113946542ffb4316bd64f2e9120.jpg,https://bitis.com.vn/products/sandal-biti-s-embrace-glowy-collection-nu-mau-trang-bew005100trg
1073366787,Sandal Biti's GLOWY Collection Nữ Màu Đen BEW005100DEN,425000,Êmbrace,Sandal Thông Dụng,"kho:online,GLOWY,NỮ,Sandalnu,Giày dép nữ",Available,6,https://cdn.hstatic.net/products/1000230642/bew005100den__6__97e05bc3d2b441bbb7e5146474873a07.jpg,https://bitis.com.vn/products/sandal-biti-s-nu-mau-den-bew005100den
1073366697,Sandal Biti's Êmbrace GLOWY Collection Nữ Màu Bạc BEW005100BAC,425000,Êmbrace,Sandal Thông Dụng,"kho:online,GLOWY,NỮ,Sandalnu,Giày dép nữ",Available,6,https://cdn.hstatic.net/products/1000230642/bew005100bac__7__af759c5cfcbc4cadb007bf648a854391.jpg,https://bitis.com.vn/products/sandal-biti-s-embrace-glowy-collection-nu-mau-bac-bew005100bac
1073366586,Dép Biti's Esoft WAVY Collection Nữ Màu Trắng BEW001105TRG,320000,Biti's,Dép Thông Dụng,"kho:online,Esoft,WAVY,NỮ,Depnu,Dép nữ,Dép,Giày dép nữ",Available,6,https://cdn.hstatic.net/products/1000230642/bew001105trg__4__75d9b042e9a747a0b1ac9fc2f35250a3.jpg,https://bitis.com.vn/products/dep-biti-s-esoft-nu-mau-trang-bew001105trg
1073366328,Dép Biti's Esoft WAVY Collection Nữ Màu Đen BEW001105DEN,320000,Biti's,Dép Thông Dụng,"kho:online,Esoft,WAVY,NỮ,Depnu,Dép nữ,Dép,Giày dép nữ",Available,6,https://cdn.hstatic.net/products/1000230642/bew001105den__4__53b96fd3c3b0411fb5c27fa7feb9f898.jpg,https://bitis.com.vn/products/dep-biti-s-esoft-nu-mau-den-bew001105den
1073366154,Dép Biti's WAVE Collection Nam Màu Xanh Nhớt BEM004000XNH,188000,Biti's,Dép Thông Dụng,"kho:online,Wave,NAM,Dép nam,Dép,Giày dép nam",Available,6,https://cdn.hstatic.net/products/1000230642/bem004000xnh__2__4a8d2bd7608847eda0a314a3ba2979d1.jpg,https://bitis.com.vn/products/dep-biti-s-wave-collection-nam-mau-xanh-nhot-bem004000xnh
1073365611,Dép Biti's Nam WAVE Collection Màu Xám Lợt BEM004000XAL,188000,Biti's,Dép Thông Dụng,"kho:online,Wave,NAM,Dép nam,Dép,Giày dép nam",Available,6,https://cdn.hstatic.net/products/1000230642/bem004000xal__2__869ab4bfed1f42ed8c16bf08904804f9.jpg,https://bitis.com.vn/products/dep-biti-s-nam-wave-collection-mau-xam-lot-bem004000xal
1073363443,Dép Biti's Nam WAVE Collection Màu Đen BEM004000DEN,188000,Biti's,Dép Thông Dụng,"kho:online,Wave,NAM,Dép nam,Dép,Giày dép nam",Available,6,https://cdn.hstatic.net/products/1000230642/bem004000den_10b223ea52fc400e83d1c3dc52b8819d.jpg,https://bitis.com.vn/products/dep-biti-s-nam-wave-collection-mau-den-bem004000den
1073343116,Dép Xốp Biti's Nữ Màu Xanh Nhớt BXW028100XNH,205000,Biti's,Dép Thông Dụng,"kho:online,NỮ,Depnu,Dép nữ,Dép,Giày dép nữ",Available,6,https://cdn.hstatic.net/products/1000230642/bxw028100xnh__6__93a5919a497a435da74285f08ba134a1.jpg,https://bitis.com.vn/products/dep-xop-biti-s-nu-mau-xanh-nhot-bxw028100xnh
1073338445,Dép Xốp Biti's Nữ Màu Đỏ BXW028100DOO,205000,Biti's,Dép Thông Dụng,"kho:online,NỮ,Depnu,Dép nữ,Dép,Giày dép nữ",Available,6,https://cdn.hstatic.net/products/1000230642/bxw028100doo__13__7dbb99caf87a45fea4ff4f08f5e5e7fa.jpg,https://bitis.com.vn/products/dep-xop-biti-s-nu-mau-do-bxw028100doo
1073338179,Dép Xốp Biti's Nữ Màu Đen BXW028100DEN,205000,Biti's,Dép Thông Dụng,"kho:online,NỮ,Depnu,Dép nữ,Dép,Giày dép nữ",Available,6,https://cdn.hstatic.net/products/1000230642/bxw028100den__6__90b8bdf43fd042e1a89389203a336e2a.jpg,https://bitis.com.vn/products/dep-xop-biti-s-nu-mau-den-bxw028100den
1073337337,Giày Búp Bê Nữ Biti's Ani Màu Kem BBW004588KEM,475000,Biti's,Giày Búp Bê,"kho:online,26AU,ANI,NỮ,khongdoitra,Giày nữ,Giày,Giày dép nữ",Available,5,https://cdn.hstatic.net/products/1000230642/bbw004588kem__2__ae54971c944b4195b1838864080c597e.jpg,https://bitis.com.vn/products/giay-bup-be-nu-biti-s-ani-mau-kem-bbw004588kem
1073335402,Giày Búp Bê Nữ Biti's Ani Màu Đen BBW004588DEN,475000,Biti's,Giày Búp Bê,"kho:online,NỮ,khongdoitra,Giày nữ,Giày,ANI,Giày dép nữ",Available,5,https://cdn.hstatic.net/products/1000230642/bbw004588den__2__afe8c6f564a1460d8a70a5ee21109fe9.jpg,https://bitis.com.vn/products/giay-bup-be-biti-s-nu-mau-den-bbw004588den
1073306059,Sandal Biti's SUPERSTAR Collection Bé Trai Màu Rêu BEB006900REU,335000,Biti's,Sandal Thông Dụng,"kho:online,SUPERSTAR,BÉ TRAI,TRẺ EM,Sandal,Sandal trẻ em,Giày dép trẻ em",Available,7,https://cdn.hstatic.net/products/1000230642/beb006900reu__5__bad5c1000b4f4d049eac2076bb46dbb7.jpg,https://bitis.com.vn/products/sandal-biti-s-be-trai-mau-reu-beb006900reu
1073305212,Sandal Biti's SUPERSTAR Collection Bé Trai Màu Đen BEB006900DEN,335000,Biti's,Sandal Thông Dụng,"kho:online,SUPERSTAR,TRẺ EM,BÉ TRAI,Sandal,Sandal trẻ em,Giày dép trẻ em",Available,7,https://cdn.hstatic.net/products/1000230642/beb006900den__5__37a3ea5b1b1947d0aa7b895f2755d7a7.jpg,https://bitis.com.vn/products/sandal-biti-s-be-trai-mau-den-beb006900den
1073302191,Sandal Biti's Nam Màu Nâu Đậm BDM002177NAD,505000,Biti's,Sandal Thông Dụng,"kho:online,NAM,Sandal,Giày dép nam",Available,6,https://cdn.hstatic.net/products/1000230642/bdm002177nad__2__eb35567eb07d48faa1fa2c8f45e981e6.jpg,https://bitis.com.vn/products/sandal-biti-s-nam-mau-nau-dam-bdm002177nad
1073302028,Sandal Biti's Nam Màu Đen BDM002177DEN,505000,Biti's,Sandal Thông Dụng,"kho:online,NAM,Sandal,Giày dép nam",Available,6,https://cdn.hstatic.net/products/1000230642/bdm002177den__2__6c6c2be4e1554340b8ef3ed20a0294f5.jpg,https://bitis.com.vn/products/sandal-biti-s-nam-mau-den-bdm002177den
1073297530,Sandal Biti's SUPERSTAR Collection Bé Gái Màu Tím BEG000400TIM,335000,Biti's,Sandal Thông Dụng,"kho:online,SUPERSTAR,TRẺ EM,Sandal,BÉ GÁI,Sandal trẻ em,Giày dép trẻ em",Available,10,https://cdn.hstatic.net/products/1000230642/beg000400tim__5__60c13f57fdb0468da1b6fcc441853ec4.jpg,https://bitis.com.vn/products/sandal-biti-s-superstar-collection-be-gai-mau-tim-beg000400tim
1073297420,Sandal Biti's SUPERSTAR Collection Bé Gái Màu Tím Lợt BEG000400TIL,335000,Biti's,Sandal Thông Dụng,"kho:online,SUPERSTAR,TRẺ EM,Sandal,BÉ GÁI,Sandal trẻ em,Giày dép trẻ em",Available,10,https://cdn.hstatic.net/products/1000230642/beg000400til__5__0657b2f685a7497b9cc6f13b2e50934d.jpg,https://bitis.com.vn/products/sandal-biti-s-superstar-collection-be-gai-mau-tim-lot-beg000400til
1073297344,Sandal Biti's SUPERSTAR Collection Bé Gái Màu Hồng BEG000400HOG,335000,Biti's,Sandal Thông Dụng,"kho:online,SUPERSTAR,TRẺ EM,Sandal,BÉ GÁI,Sandal trẻ em,Giày dép trẻ em",Available,10,https://cdn.hstatic.net/products/1000230642/beg000400hog__5__27806688830c4d2c8d659b5ccad972aa.jpg,https://bitis.com.vn/products/sandal-biti-s-superstar-collection-be-gai-mau-hong-beg000400hog
1073163818,Dép Sục Học Sinh Biti's Doraemon Xanh Dương Lợt BEB007222XDL,300000,Biti's,Dép Thông Dụng,"Doremon,kho:online,Giày dép,BÉ TRAI,TRẺ EM,Dép,BÉ GÁI,Giày dép trẻ em",Available,9,https://cdn.hstatic.net/products/1000230642/beb007222xdl__2__5e1e6004c48949aa94402d5507176e3f.jpg,https://bitis.com.vn/products/dep-suc-hoc-sinh-biti-s-doraemon-xanh-duong-lot-beb007222xdl
1073163687,Dép Sục Học Sinh Biti's Doraemon Màu Trắng BEB007222TRG,300000,Biti's,Dép Thông Dụng,"kho:online,Doremon,Giày dép,Dép",Available,9,https://cdn.hstatic.net/products/1000230642/beb007222trg__2__58d5b47a14c44b85aeb6b68b92feed55.jpg,https://bitis.com.vn/products/dep-suc-hoc-sinh-biti-s-doraemon-mau-trang-beb007222trg
1073163539,Dép Sục Học Sinh Biti's Doraemon Màu Kem BEB007222KEM,300000,Biti's,Dép Thông Dụng,"Doremon,kho:online,Giày dép,Dép",Available,9,https://cdn.hstatic.net/products/1000230642/beb007222kem__2__5d0a126fd8a74a10afd0994b4b112fd4.jpg,https://bitis.com.vn/products/dep-suc-hoc-sinh-biti-s-doraemon-mau-kem-beb007222kem
1073163284,Dép Sục Trẻ Em Biti's Doraemon Xanh Dương Lợt BEB007122XDL,285000,Biti's,Dép Thông Dụng,"kho:online,Doremon,Giày dép,BÉ TRAI,TRẺ EM,Dép,BÉ GÁI,Giày dép trẻ em",Available,6,https://cdn.hstatic.net/products/1000230642/beb007122xdl__2__ec626d764b414cd5993f7d7a5c3ca192.jpg,https://bitis.com.vn/products/dep-suc-tre-em-biti-s-doraemon-xanh-duong-lot-beb007122xdl
1073163168,Dép Sục Trẻ Em Biti's Doraemon Màu Trắng BEB007122TRG,285000,Biti's,Dép Thông Dụng,"kho:online,Doremon,Giày dép,Dép",Available,6,https://cdn.hstatic.net/products/1000230642/beb007122trg__2__64951252852c48e0bef27ebfeef188c4.jpg,https://bitis.com.vn/products/dep-suc-tre-em-biti-s-doraemon-mau-trang-beb007122trg
1073135258,Dép Biti's Nữ Đế Bệt Màu Vàng BTW002688VAG,395000,Biti's,Sandal Thời Trang,"kho:online,NỮ,Sandalnu,Giày dép nữ",Available,5,https://cdn.hstatic.net/products/1000230642/btw002688vag__7__e009962aa8e34c57ba6811663e70b93f.jpg,https://bitis.com.vn/products/dep-biti-s-nu-de-bet-mau-vang-btw002688vag
1073134846,Dép Biti's Nữ Đế Bệt Màu Kem BTW002688KEM,395000,Biti's,Sandal Thời Trang,"kho:online,NỮ,Sandalnu,Giày dép nữ",Available,5,https://cdn.hstatic.net/products/1000230642/btw002688kem__7__be97283cecfa40e096b894c24a7885d1.jpg,https://bitis.com.vn/products/dep-biti-s-nu-de-bet-mau-kem-btw002688kem
1073134282,Dép Biti's Nữ Đế Bệt Màu Đen BTW002688DEN,395000,Biti's,Sandal Thời Trang,"kho:online,NỮ,Sandalnu,Giày dép nữ",Available,5,https://cdn.hstatic.net/products/1000230642/btw002688den__7__26eff14c6add44b3963fbb695f8df163.jpg,https://bitis.com.vn/products/dep-biti-s-nu-de-bet-mau-den-btw002688den
1073133811,Dép Biti's Nữ Màu Xanh Lá Cây BEW004800XLC,188000,Biti's,Dép Thông Dụng,"kho:online,NỮ,Depnu,Dép nữ,Dép,Giày dép nữ",Available,6,https://cdn.hstatic.net/products/1000230642/bew004800xlc_17__57eddb28319348e48c48d11f1dfcdeea.jpg,https://bitis.com.vn/products/dep-biti-s-nu-mau-xanh-la-cay-bew004800xlc
1073133793,Dép Biti's Nữ Màu Đen BEW004800DEN,188000,Biti's,Dép Thông Dụng,"kho:online,NỮ,Depnu,Dép nữ,Dép,Giày dép nữ",Available,6,https://cdn.hstatic.net/products/1000230642/bew004800den__7__362e2814bc844941878d35cc569b29d0.jpg,https://bitis.com.vn/products/dep-biti-s-nu-mau-den-bew004800den
1073133649,Dép Biti's Esoft WAVY Collection Nữ Màu Kem BEW001105KEM,320000,Biti's,Dép Thông Dụng,"kho:online,Esoft,WAVY,NỮ,Depnu,Dép nữ,Dép,Giày dép nữ",Available,6,https://cdn.hstatic.net/products/1000230642/bew001105kem__7__348b79fea1254b0ea81d0d95609d6dfc.jpg,https://bitis.com.vn/products/dep-biti-s-nu-mau-kem-bew001105kem
1073030788,Túi Xách Biti's Nữ Màu Kem BBSW00700KEM,425000,Biti's,Túi Xách,"Phukien,kho:online,Tuixach,NỮ,Phụ kiện nữ,Phụ kiện",Available,1,https://cdn.hstatic.net/products/1000230642/bbsw00700kem__1__bd202c45a2674787a706f298c4bbcc37.jpg,https://bitis.com.vn/products/tui-xach-biti-s-nu-mau-kem-bbsw00700kem
1073030780,Túi Xách Biti's Nữ Màu Đen BBSW00700DEN,425000,Biti's,Túi Xách,"kho:online,Tuixach,Phukien,NỮ,Phụ kiện nữ,Phụ kiện",Available,1,https://cdn.hstatic.net/products/1000230642/bbsw00700den__1__196b042a216a48bab3aaf88ddd355dc7.jpg,https://bitis.com.vn/products/tui-xach-biti-s-nu-mau-den-bbsw00700den
1073016710,Túi Đeo Helio by Biti's Bé Gái Màu Vàng BBSG00500VAG,380000,Helio,Túi Đeo,"Phukien,Tuitreem,kho:online,TRẺ EM,Phụ kiện trẻ em,Phụ kiện,BÉ GÁI,Helio bucket bag",Available,1,https://cdn.hstatic.net/products/1000230642/bbsg00500vag__3__848c9acaf2484915bf86d19866619375.jpg,https://bitis.com.vn/products/tui-deo-helio-by-biti-s-be-gai-mau-vang-bbsg00500vag
1073016701,Túi Đeo Helio by Biti's Bé Gái Màu Tím BBSG00500TIM,380000,Helio,Túi Đeo,"Tuitreem,kho:online,Phukien,TRẺ EM,Phụ kiện trẻ em,Phụ kiện,BÉ GÁI,Helio bucket bag",Available,1,https://cdn.hstatic.net/products/1000230642/bbsg00500tim__3__80dce693718a49f6b86f391cafe99ea0.jpg,https://bitis.com.vn/products/tui-deo-helio-by-biti-s-be-gai-mau-tim-bbsg00500tim
1073014545,Túi Đeo Helio by Biti's Bé Gái Màu Kem BBSG00500KEM,380000,Helio,Túi Đeo,"kho:online,Tuitreem,Phukien,Helio,TRẺ EM,Phụ kiện trẻ em,Phụ kiện,BÉ GÁI,Helio bucket bag",Available,1,https://cdn.hstatic.net/products/1000230642/bbsg00500kem__3__affe7dae7c7b47328f2ae80b285150cf.jpg,https://bitis.com.vn/products/tui-deo-helio-by-biti-s-be-gai-mau-kem-bbsg00500kem
1073014421,Túi Đeo Helio by Biti's Trẻ Em Màu Đen BBSG00500DEN,380000,Helio,Túi Đeo,"Tuitreem,Helio,kho:online,Phukien,Phụ kiện,TRẺ EM,Phụ kiện trẻ em,BÉ GÁI,Helio bucket bag",Available,1,https://cdn.hstatic.net/products/1000230642/bbsg00500den__4__da20bfc6c83c4fc3876ac559004b6174.jpg,https://bitis.com.vn/products/tui-deo-helio-by-biti-s-tre-em-mau-den-bbsg00500den
1073014313,Vớ Biti's Màu Xám ASWG00250XAM,75000,Biti's,Vớ,"kho:online,Vo,NỮ,Giày dép,NAM,Phụ kiện nam,Phụ kiện nữ,Phụ kiện",Available,1,https://cdn.hstatic.net/products/1000230642/aswg00250xam__6__8d077b1959614c36bfab55fd7f67dc8a.jpg,https://bitis.com.vn/products/vo-biti-s-mau-xam-aswg00250xam
1073013336,Móc Khóa Mindfull Bear Christmas Biti's Màu Đỏ AAUH06200DOO,120000,Biti's,Khác,"kho:online,Phukien,gaubong,BÉ TRAI,TRẺ EM,Phụ kiện trẻ em,Phụ kiện",Available,1,https://cdn.hstatic.net/products/1000230642/aauh06200doo__3__135ad764d83b4314bdfe99b460f1d852.jpg,https://bitis.com.vn/products/moc-khoamindfull-bear-christmas-biti-s-mau-do-aauh06200doo
1073013075,Móc Khóa Toro Chris Biti's Màu Xanh Lá Đậm AAUH06100XLD,120000,Biti's,Khác,"gaubong,Phukien,kho:online,Phụ kiện,Phụ kiện trẻ em",Available,1,https://cdn.hstatic.net/products/1000230642/aauh06100xld__1__146461ba295f4712abdb3967e7360034.jpg,https://bitis.com.vn/products/moc-khoa-toro-chris-biti-s-mau-xanh-la-dam-aauh06100xld
1073011959,Hộp Khăn Lau Giày Màu Kem AAUH06000KEM 10 Cái/Hộp,45000,Biti's,Khác,"kho:online,Giày dép,Phụ kiện",Available,1,https://cdn.hstatic.net/products/1000230642/aauh06000kem__1__6effb91f0075438fbcb77ae1821981ff.jpg,https://bitis.com.vn/products/hop-khan-lau-giay-10-cai-hop
1072948915,Giày Thể Thao Bé Gái Biti's Màu Xanh Ngọc BSG009400XNG,630000,Biti's,Giày Thể Thao,"kho:online,TRẺ EM,Giày dép,Giày trẻ em,Giày,BÉ GÁI,Giày dép trẻ em",Available,9,https://cdn.hstatic.net/products/1000230642/bsg009400xng__4__c2216c9cabdb4e98a420a9b75ba0c7b6.jpg,https://bitis.com.vn/products/giay-the-thao-be-gai-biti-s-mau-xanh-ngoc-bsg009400xng
1072948813,Giày Thể Thao Bé Gái Biti's Màu Kem Lợt BSG009400KEL,630000,Biti's,Giày Thể Thao,"kho:online,TRẺ EM,Giày dép,Giày trẻ em,Giày,BÉ GÁI,Giày dép trẻ em",Available,9,https://cdn.hstatic.net/products/1000230642/bsg009400kel__4__48ab988b8beb42989088aada86afb855.jpg,https://bitis.com.vn/products/giay-the-thao-be-gai-biti-s-mau-kem-lot-bsg009400kel
1072873641,Giày Bít Gosto Nữ Màu Kem GFW020688KEM,699000,Gosto,Giày Thời Trang,"kho:online,NỮ,khongdoitra,Gosto,Giày nữ,Giày,Giày dép nữ",Available,5,https://cdn.hstatic.net/products/1000230642/gfw020688kem__9__3400a11216334fd98f1aed85693abeb0.jpg,https://bitis.com.vn/products/giay-bit-gosto-nu-mau-kem-gfw020688kem
1072872725,Giày Bít Gosto Nữ Màu Đen GFW020688DEN,699000,Gosto,Giày Thời Trang,"kho:online,NỮ,khongdoitra,Gosto,Giày nữ,Giày,Giày dép nữ",Available,5,https://cdn.hstatic.net/products/1000230642/gfw020688den__9__0fd4e768a18346e2b5c6986786f99813.jpg,https://bitis.com.vn/products/giay-bit-gosto-nu-mau-den-gfw020688den
1072872081,Giày Bít Gosto Nữ Màu Kem GFW020488KEM,699000,Gosto,Giày Thời Trang,"kho:online,NỮ,khongdoitra,Gosto,Giày nữ,Giày,Giày dép nữ",Available,5,https://cdn.hstatic.net/products/1000230642/gfw020488kem__9__497e21944caf474c88ea5197309c5a4c.jpg,https://bitis.com.vn/products/giay-bit-gosto-nu-mau-kem-gfw020488kem
1072871317,Giày Bít Gosto Nữ Màu Đen GFW020488DEN,699000,Gosto,Giày Thời Trang,"kho:online,NỮ,khongdoitra,Gosto,Giày nữ,Giày,Giày dép nữ",Available,5,https://cdn.hstatic.net/products/1000230642/gfw020488den__9__4c9936a1d86a45d5864a09e3ddbfd10a.jpg,https://bitis.com.vn/products/giay-bit-gosto-nu-mau-den-gfw020488den
1072739597,Túi Xách Gosto Nữ Màu Đen GBTW01500DEN,1119000,Gosto,Túi Xách,"Tuixach,kho:online,Phukien,NỮ,Gosto,Phụ kiện nữ,Phụ kiện,Phụ kiện Gosto",Available,1,https://cdn.hstatic.net/products/1000230642/gbtw01500den__2__1f2f6a0ec9384d21af95dbcc04a9bb4b.jpg,https://bitis.com.vn/products/tui-xach-gosto-nu-mau-den-gbtw01500den
1072690434,Giày Thể Thao Biti's Hunter EZ Lift Nam Màu Xanh Dương HSM012001XDG,1355000,HUNTER,Giày Thể Thao,"kho:online,newhunter,top,Huntersneaker,Huntersneakernam,BST New,Hunter,NAM,Giày nam,Giày,Hunter Nam,Giày Hunter,Giày dép nam,Giày dép Hunter",Available,6,https://cdn.hstatic.net/products/1000230642/hsm012001xdg__2__f49e4a2b66c84f1d91dce7e7cec9c6e6.jpg,https://bitis.com.vn/products/quang-hung-masterd-x-biti-s-hunter-giay-the-thao-biti-s-hunter-ez-lift-nam-mau-xanh-duong-hsm012001xdg
1072690329,Giày Thể Thao Biti's Hunter EZ Lift Nam Màu Cam HSM012001CAM,1355000,HUNTER,Giày Thể Thao,"newhunter,kho:online,Hunter,Huntersneakernam,BST New,Huntersneaker,top,NAM,Giày nam,Giày,Hunter Nam,Giày Hunter,Giày dép nam,Giày dép Hunter",Available,6,https://cdn.hstatic.net/products/1000230642/hsm012001cam__2__e9684bfa19af47b987e2c7994af5628c.jpg,https://bitis.com.vn/products/quang-hung-masterd-x-biti-s-hunter-giay-the-thao-biti-s-hunter-ez-lift-nam-mau-cam-hsm012001cam
1072680761,Giày Thể Thao Biti's Hunter Evo Nữ Màu Hồng Lợt HSW015500HOL,855000,HUNTER,Giày Thể Thao,"BST New,kho:online,Huntersneakernu,top,Huntersneaker,Hunter,newhunter,NỮ,Giày nữ,Giày,Hunter Street,Giày dép nữ,Giày dép Hunter,Evo,Đã bán:2578",Available,6,https://cdn.hstatic.net/products/1000230642/hsw015500hol__8__d04c8fc23c7f4a96b7ff8749b3d82c04.jpg,https://bitis.com.vn/products/quang-hung-masterd-x-biti-s-hunter-giay-the-thao-biti-s-hunter-evo-nu-mau-hong-lot-hsw015500hol
1072613947,Giày Thể Thao Biti's Hunter Evo Nữ Màu Xanh Dương Lợt HSW015500XDL,855000,HUNTER,Giày Thể Thao,"BST New,Huntersneaker,kho:online,top,Hunter,Huntersneakernu,newhunter,NỮ,Giày nữ,Giày,Hunter Street,Giày dép nữ,Giày dép Hunter,Evo,Đã bán:890",Available,6,https://cdn.hstatic.net/products/1000230642/dsc_0220_f024674a0a174a8794453cec23ab4949.jpg,https://bitis.com.vn/products/giay-the-thao-biti-s-hunter-evo-nu-mau-xanh-duong-lot-hsw015500xdl
1072613658,Giày Thể Thao Biti's Hunter Evo Nữ Màu Trắng HSW015500TRG,855000,HUNTER,Giày Thể Thao,"newhunter,Huntersneaker,kho:online,Hunter,BST New,Huntersneakernu,top,NỮ,Giày nữ,Giày,Hunter Street,Giày dép nữ,Giày dép Hunter,Evo,Đã bán:2377",Available,6,https://cdn.hstatic.net/products/1000230642/dsc_0227_e74db3133fd74b55b54970df1573c847.jpg,https://bitis.com.vn/products/giay-the-thao-biti-s-hunter-evo-nu-mau-trang-hsw015500trg
1072613480,Giày Thể Thao Biti's Hunter Evo Nữ Màu Kem HSW015500KEM,855000,HUNTER,Giày Thể Thao,"newhunter,Hunter,Huntersneaker,kho:online,BST New,Huntersneakernu,top,NỮ,Giày nữ,Giày,Hunter Street,Giày dép nữ,Giày dép Hunter,Evo,Đã bán:2991",Available,6,https://cdn.hstatic.net/products/1000230642/dsc_0206_0c44c791ff41492ea23e396fef0cad52.jpg,https://bitis.com.vn/products/giay-the-thao-biti-s-hunter-evo-nu-mau-kem-hsw015500kem
1072613427,Giày Thể Thao Biti's Hunter Evo Nữ Màu Đen HSW015500DEN,855000,HUNTER,Giày Thể Thao,"kho:online,Hunter,newhunter,Huntersneaker,BST New,Huntersneakernu,top,NỮ,Giày nữ,Giày,Hunter Street,Giày dép nữ,Giày dép Hunter,Evo",Available,6,https://cdn.hstatic.net/products/1000230642/dsc_0213_bb629f44fe204a9f966a61750df1953c.jpg,https://bitis.com.vn/products/giay-the-thao-biti-s-hunter-evo-nu-mau-den-hsw015500den
1072608123,Giày Thể Thao Biti's Hunter Evo Nam Màu Kem HSM015500KEM,885000,HUNTER,Giày Thể Thao,"Hunter,newhunter,kho:online,BST New,Huntersneaker,top,Evo,Huntersneakernam,NAM,Giày nam,Giày,Hunter Street Nam,Hunter Street,Giày dép nam,Giày dép Hunter,Đã bán:1584",Available,6,https://cdn.hstatic.net/products/1000230642/dsc_0206_54c5fc5a070640fa8b128673c7abd71c.jpg,https://bitis.com.vn/products/giay-the-thao-biti-s-hunter-evo-nam-mau-kem-hsm015500kem
1072607142,Giày Thể Thao Biti's Hunter Evo Nam Màu Đen HSM015500DEN,885000,HUNTER,Giày Thể Thao,"kho:online,Hunter,top,BST New,Huntersneaker,Huntersneakernam,newhunter,Evo,NAM,Giày nam,Giày,Hunter Street Nam,Hunter Street,Giày dép nam,Giày dép Hunter",Available,6,https://cdn.hstatic.net/products/1000230642/dsc_0213_406df437551e457e8ebf8fd0f87ff263.jpg,https://bitis.com.vn/products/giay-the-thao-biti-s-hunter-evo-nam-mau-den-hsm015500den
1072606361,Giày Thể Thao Biti's Bé Gái Màu Trắng BSG008900TRG,530000,Êmbrace,Giày Thể Thao,"kho:online,TRẺ EM,Giày dép,Giày trẻ em,Giày,BÉ GÁI,Giày dép trẻ em",Available,7,https://cdn.hstatic.net/products/1000230642/bsg008900trg__7__88628dab45d84abeaa545f030b69475b.jpg,https://bitis.com.vn/products/giay-the-thao-biti-s-be-gai-mau-trang-bsg008900trg
1072606060,Giày Thể Thao Biti's Bé Gái Màu Tím Lợt BSG008900TIL,530000,Êmbrace,Giày Thể Thao,"kho:online,TRẺ EM,Giày dép,Giày trẻ em,Giày,BÉ GÁI,Giày dép trẻ em",Available,7,https://cdn.hstatic.net/products/1000230642/bsg008900til__9__33d9c002feb14744af0a6f622e30ab47.jpg,https://bitis.com.vn/products/giay-the-thao-biti-s-be-gai-mau-tim-lot-bsg008900til
1072605248,Giày Thể Thao Biti's Bé Gái Màu Kem BBG002100KEM,510000,Êmbrace,Giày Búp Bê,"kho:online,TRẺ EM,Giày dép,Giày trẻ em,Giày,BÉ GÁI,Giày dép trẻ em",Available,7,https://cdn.hstatic.net/products/1000230642/bbg002100kem__8__f5302aaa057449e1867795000ffe9a57.jpg,https://bitis.com.vn/products/giay-the-thao-biti-s-be-gai-mau-kem-bbg002100kem
1072604176,Giày Thể Thao Biti's Bé Gái Màu Đen BBG002100DEN,510000,Êmbrace,Giày Búp Bê,"kho:online,TRẺ EM,Giày dép,Giày trẻ em,Giày,BÉ GÁI,Giày dép trẻ em",Available,7,https://cdn.hstatic.net/products/1000230642/bbg002100den__8__3597cf54a51b4e64b61bdd22af609a1b.jpg,https://bitis.com.vn/products/giay-the-thao-biti-s-be-gai-mau-den-bbg002100den
1072603293,Combo 2 Vớ Biti's Màu Trắng Đen ASMG00260DEN,75000,Biti's,Vớ,"kho:online,Vo,Giày dép,NAM,NỮ,Phụ kiện nam,Phụ kiện nữ,Phụ kiện",Available,1,https://cdn.hstatic.net/products/1000230642/asmg00260den__5__0d00f3f7c49048859993ff05c9d58a3e.jpg,https://bitis.com.vn/products/vo-biti-s-mau-den-asmg00260den
1072602563,Vớ Cổ Cao Biti's Helio Màu Đen ASGG00140DEN,49000,Helio,Vớ,"kho:online,Vo,Helio,Giày dép,NỮ,Phụ kiện nam,Phụ kiện nữ,Phụ kiện",Available,1,https://cdn.hstatic.net/products/1000230642/asgg00140den__1__161b0889db7e401e8d2450a31b2ac68f.jpg,https://bitis.com.vn/products/vo-co-cao-biti-s-helio-mau-den-asgg00140den
1072602384,Vớ Cổ Cao Biti's Helio Mặt Trời Màu Trắng ASGG00130TRG,49000,Helio,Vớ,"Vo,Helio,kho:online,Giày dép,NỮ,Phụ kiện nam,Phụ kiện nữ,Phụ kiện",Available,1,https://cdn.hstatic.net/products/1000230642/asgg00130trg__1__90cbd835a11d4235827301e75f1b0ee9.jpg,https://bitis.com.vn/products/vo-co-cao-biti-s-helio-mat-troi-mau-trang-asgg00130trg
1072602181,Vớ Cổ Cao Biti's Helio Màu Trắng ASBG00160TRG,49000,Helio,Vớ,"kho:online,Helio,Vo,Giày dép,NỮ,Phụ kiện nam,Phụ kiện nữ,Phụ kiện",Available,1,https://cdn.hstatic.net/products/1000230642/asbg00160trg__1__c2ee9dc88fb340888a595f3114ec2f5e.jpg,https://bitis.com.vn/products/vo-co-cao-biti-s-helio-mau-trang-asbg00160trg
1072601926,Vớ Cổ Cao Biti's Helio Logo Màu Trắng ASBG00150TRG,49000,Helio,Vớ,"Helio,kho:online,Vo,Giày dép,NAM,Phụ kiện nam,Phụ kiện nữ,Phụ kiện",Available,1,https://cdn.hstatic.net/products/1000230642/asbg00150trg__5__99a963617a6544a4abe6751a722c02c2.jpg,https://bitis.com.vn/products/vo-co-cao-biti-s-helio-logo-mau-trang-asbg00150trg
1072601582,Vớ Cổ Cao Biti's Helio Ván Trượt Màu Trắng ASBG00140TRG,49000,Helio,Vớ,"kho:online,Helio,Vo,BÉ TRAI,Giày dép,Phụ kiện nam,Phụ kiện nữ,Phụ kiện",Available,1,https://cdn.hstatic.net/products/1000230642/asbg00140trg__1__2861e1602f9e499293e023be9b781edd.jpg,https://bitis.com.vn/products/vo-co-cao-biti-s-helio-mau-trang-asbg00140trg
1072600235,Túi Xách Gosto Nữ Màu Đen GBTW01301DEN,845000,Gosto,Túi Xách,"Tuixach,kho:online,Phukien,NỮ,khongdoitra,Gosto,Phụ kiện nữ,Phụ kiện,Phụ kiện Gosto",Available,1,https://cdn.hstatic.net/products/1000230642/gbtw01301den__2__80b489000f144d1a85b701f439525c51.jpg,https://bitis.com.vn/products/tui-xach-gosto-nu-mau-den-gbtw01301den
1072597828,Dép Biti's Ucare Nam Nữ Màu Đen BSM004500DEN,375000,Biti's,Dép Thông Dụng,"Ucare,kho:online,NAM,NỮ,Depnu,Dép nam,Dép nữ,Dép,Giày dép nam,Giày dép nữ",Available,9,https://cdn.hstatic.net/products/1000230642/bsm004500den__6__9de2c11a93104fffb4283288732a5a17.jpg,https://bitis.com.vn/products/dep-biti-s-ucare-nam-nu-mau-den-bsm004500den
1072597674,Dép Xốp Biti's Nữ Màu Đen BXW029200DEN,385000,Biti's,Dép Thông Dụng,"kho:online,NỮ,khongdoitra,Depnu,Dép nữ,Dép,Giày dép nữ",Available,5,https://cdn.hstatic.net/products/1000230642/bxw029200den__6__7d62fb8c833b4640aa09a830a7b18526.jpg,https://bitis.com.vn/products/dep-xop-biti-s-nu-mau-den-bxw029200den
1072597532,Dép Xốp Biti's Nữ Màu Đen BXW029100DEN,319000,Biti's,Dép Thông Dụng,"kho:online,NỮ,khongdoitra,Depnu,Dép nữ,Dép,Giày dép nữ",Available,5,https://cdn.hstatic.net/products/1000230642/bxw029100den__6__180b98b2c1c347b79751a4ca75b88361.jpg,https://bitis.com.vn/products/dep-xop-biti-s-nu-mau-den-bxw029100den
1072597380,Dép Xốp Biti's Nữ Màu Nâu BXW029100NAU,319000,Biti's,Dép Thông Dụng,"kho:online,NỮ,khongdoitra,Depnu,Dép nữ,Dép,Giày dép nữ",Available,5,https://cdn.hstatic.net/products/1000230642/bxw029100nau__6__79fa9142151044a288e9968cedb3f353.jpg,https://bitis.com.vn/products/dep-xop-biti-s-nu-mau-nau-bxw029100nau
1072592728,Sandals Cao Gót Biti's Nữ Màu Trắng BFW007988TRG,465000,Biti's,Sandal Thời Trang,"kho:online,NỮ,khongdoitra,Sandalnu,Giày dép nữ",Available,5,https://cdn.hstatic.net/products/1000230642/bfw007988trg__6__08d814e6c168488da88dd46c5ec1c967.jpg,https://bitis.com.vn/products/sandals-cao-got-biti-s-nu-mau-trang-bfw007988trg
1072591409,Sandals Cao Gót Biti's Nữ Màu Đỏ BFW007988DOO,465000,Biti's,Sandal Thời Trang,"kho:online,NỮ,khongdoitra,Sandalnu,Giày dép nữ",Available,5,https://cdn.hstatic.net/products/1000230642/bfw007988doo__6__c21651737d404dff8df216659b95cea2.jpg,https://bitis.com.vn/products/sandals-cao-got-biti-s-nu-mau-do-bfw007988doo
1072590188,Sandals Cao Gót Biti's Nữ Màu Rêu Đậm BFW008188RED,465000,Biti's,Sandal Thời Trang,"kho:online,NỮ,khongdoitra,Sandalnu,Giày dép nữ",Available,5,https://cdn.hstatic.net/products/1000230642/bfw008188red__6__f0bf581888c048f39221455ba6324f11.jpg,https://bitis.com.vn/products/sandals-cao-got-biti-s-nu-mau-reu-dam-bfw008188red
1072584164,Sandals Cao Gót Biti's Nữ Màu Đỏ BFW008188DOO,465000,Biti's,Sandal Thời Trang,"kho:online,NỮ,khongdoitra,Sandalnu,Giày dép nữ",Available,5,https://cdn.hstatic.net/products/1000230642/bfw008188doo__6__f6152baa93974c34ba8c113dc77f0222.jpg,https://bitis.com.vn/products/sandals-cao-got-biti-s-nu-mau-do-bfw008188doo
1072583769,Sandals Cao Gót Biti's Nữ Màu Đen BFW008188DEN,465000,Biti's,Sandal Thời Trang,"kho:online,NỮ,khongdoitra,Sandalnu,Giày dép nữ",Available,5,https://cdn.hstatic.net/products/1000230642/bfw008188den__6__bce29dd85aba4f87b3a01bf154ab5335.jpg,https://bitis.com.vn/products/sandals-cao-got-biti-s-nu-mau-den-bfw008188den
1072582778,Sandal Cao Gót Biti's Nữ Gắn Nơ Màu Đen BFW008288DEN,465000,Biti's,Sandal Thời Trang,"kho:online,NỮ,khongdoitra,Sandalnu,Giày dép nữ",Available,5,https://cdn.hstatic.net/products/1000230642/bfw008288den__6__8c553041e4f54033bc5729ff532ab32d.jpg,https://bitis.com.vn/products/sandal-cao-got-biti-s-nu-gan-no-mau-den-bfw008288den
1072561741,Sandal Cao Gót Biti's Nữ Gắn Nơ Màu Đỏ BFW008288DOO,465000,Biti's,Sandal Thời Trang,"kho:online,NỮ,khongdoitra,Sandalnu,Giày dép nữ",Available,5,https://cdn.hstatic.net/products/1000230642/bfw008288doo__6__5eca3cabd4d344b49d853eddf53a8ec6.jpg,https://bitis.com.vn/products/sandal-cao-got-biti-s-nu-gan-no-mau-do-bfw008288doo
1072561713,Sandal Cao Gót Biti's Nữ Gắn Nơ Màu Kem BFW008288KED,465000,Biti's,Sandal Thời Trang,"kho:online,NỮ,khongdoitra,Sandalnu,Giày dép nữ",Available,5,https://cdn.hstatic.net/products/1000230642/bfw008288ked__6__91c37b43dcbd42938db9d5dd7c323046.jpg,https://bitis.com.vn/products/sandal-cao-got-biti-s-nu-gan-no-mau-kem-bfw008288ked
1072448056,Giày Búp Bê Biti's Mary Jane Nữ Màu Kem BBW004300KEM,625000,Biti's,Giày Thể Thao,"Maryjane,top,kho:online,NỮ,Giày nữ,Giày,Giày dép nữ,Đã bán:10241",Available,6,https://cdn.hstatic.net/products/1000230642/bbw004300kem__6__37619d32e0c246218e3f2fdd730ea822.jpg,https://bitis.com.vn/products/giay-the-thao-biti-s-mary-jane-nu-mau-kem-bbw004300kem
1072447933,Giày Búp Bê Biti's Mary Jane Nữ Màu Hồng Lợt BBW004300HOL,625000,Biti's,Giày Thể Thao,"kho:online,top,Maryjane,NỮ,Giày nữ,Giày,Giày dép nữ,Đã bán:6063",Available,6,https://cdn.hstatic.net/products/1000230642/bbw004300hol__5__89c8a106814d45beb8e14ef80ff22118.jpg,https://bitis.com.vn/products/giay-the-thao-biti-s-mary-jane-nu-mau-hong-lot-bbw004300hol
1072407724,Giày Chạy Bộ Biti's Hunter Running Nam Màu Xanh Dương HSM011000XDG,1365000,HUNTER,Giày Chạy Bộ,"Huntersneaker,Hunterrunningnam,newhunter,Hunter,Huntersneakernam,kho:online,NAM,Giày nam,Giày,Hunter Nam,Giày Hunter,Giày dép nam,Giày dép Hunter",Available,6,https://cdn.hstatic.net/products/1000230642/hsm011000xdg__6__275e47d7abb744f7bf6931563b9e3217.jpg,https://bitis.com.vn/products/giay-chay-bo-biti-s-hunter-running-nam-mau-xanh-duong-hsm011000xdg
1072407117,Giày Chạy Bộ Biti's Hunter Running Nữ Màu Xanh Dương HSW011000XDG,1335000,HUNTER,Giày Chạy Bộ,"Huntersneakernu,newhunter,kho:online,Hunterrunningnu,top,Huntersneaker,BST New,Hunter,NỮ,Giày nữ,Giày,Giày Hunter,Giày dép nữ,Giày dép Hunter",Available,5,https://cdn.hstatic.net/products/1000230642/hsw011000xdg__6__72a30cb8afc34154855eefff4cb88b05.jpg,https://bitis.com.vn/products/giay-chay-bo-biti-s-hunter-running-nu-mau-xanh-duong-hsw011000xdg
1072196217,Balo Biti's Màu Đen BBBU01100DEN,317000,Biti's,Balo,"kho:online,Balo,Phukien,NAM,Phụ kiện,Phụ kiện nam,NỮ,Phụ kiện nữ",Available,1,https://cdn.hstatic.net/products/1000230642/bbbu01100den__2__a8e5fed6118e45e6b875d0885d743b0e.jpg,https://bitis.com.vn/products/balo-biti-s-mau-den-bbbu01100den
1072195927,Túi Xách Gosto Nữ Màu Kem GBSW09801KEM,1059000,Gosto,Túi Xách,"Phukien,Tuixach,kho:online,NỮ,khongdoitra,Gosto,Phụ kiện nữ,Phụ kiện,Phụ kiện Gosto",Available,1,https://cdn.hstatic.net/products/1000230642/gbsw09801kem__1__51ec2e0c0f9a464e9dd8107d0de76740.jpg,https://bitis.com.vn/products/tui-xach-gosto-nu-mau-kem-gbsw09801kem
1072195872,Túi Xách Gosto Nữ Màu Đỏ GBSW09801DOO,1059000,Gosto,Túi Xách,"Tuixach,kho:online,Phukien,NỮ,khongdoitra,Gosto,Phụ kiện nữ,Phụ kiện,Phụ kiện Gosto",Available,1,https://cdn.hstatic.net/products/1000230642/gbsw09801doo__1__09757da5e8a1410b9de6dba227786a7d.jpg,https://bitis.com.vn/products/tui-xach-gosto-nu-mau-do-gbsw09801doo
1072195822,Túi Xách Gosto Nữ Màu Đen GBSW09801DEN,1059000,Gosto,Túi Xách,"Phukien,kho:online,Tuixach,NỮ,khongdoitra,Gosto,Phụ kiện nữ,Phụ kiện,Phụ kiện Gosto",Available,1,https://cdn.hstatic.net/products/1000230642/gbsw09801den__1__469814e272154da5a70a9638e2e58907.jpg,https://bitis.com.vn/products/tui-xach-gosto-nu-mau-den-gbsw09801den
1072195437,Giày Thể Thao Biti's Hunter Nam Màu Xám HSM008300XAM,925000,HUNTER,Giày Thể Thao,"kho:online,Huntersneakernam,Huntersneaker,newhunter,Hunter,NAM,khongdoitra,Giày nam,Giày,Hunter Nam,Giày Hunter,Giày dép nam,Giày dép Hunter",Available,7,https://cdn.hstatic.net/products/1000230642/hsm008300xam__8__21023b488acc4e558ab0f49d447da32e.jpg,https://bitis.com.vn/products/giay-the-thao-biti-s-hunter-nam-mau-xam-hsm008300xam
1072195291,Giày Thể Thao Biti's Hunter Nam Màu Xám Đậm HSM008300XAD,925000,HUNTER,Giày Thể Thao,"kho:online,Huntersneakernam,Hunter,Huntersneaker,newhunter,NAM,khongdoitra,Giày nam,Giày,Hunter Nam,Giày Hunter,Giày dép nam,Giày dép Hunter",Available,7,https://cdn.hstatic.net/products/1000230642/hsm008300xad__8__1472f85de3154e15bee35589a239cb77.jpg,https://bitis.com.vn/products/giay-the-thao-biti-s-hunter-nam-mau-xam-dam-hsm008300xad
1072191610,Giày Thể Thao Biti's Hunter Tennis Nam Màu Xanh Lá Đậm HSM011600XLD,930000,HUNTER,Giày Tennis,"kho:online,HunterSneaker,Hunter,Huntertennisnam,HunterSneakernam,newhunter,NAM,Giày nam,Giày,Giày dép nam,Giày dép Hunter",Available,6,https://cdn.hstatic.net/products/1000230642/hsm011600xld__7__d90e4fe749474696a4980e346ef32a85.jpg,https://bitis.com.vn/products/giay-the-thao-biti-s-hunter-tennis-nam-mau-xanh-la-dam-hsm011600xld
1072191595,Giày Thể Thao Biti's Hunter Tennis Nam Màu Xanh Dương HSM011600XDG,930000,HUNTER,Giày Tennis,"HunterSneakernam,Huntertennisnam,newhunter,kho:online,Hunter,HunterSneaker,NAM,Giày nam,Giày,Giày dép nam,Giày dép Hunter",Available,6,https://cdn.hstatic.net/products/1000230642/hsm011600xdg__7__6ff123c10e23423aa5a2e885ea0d8677.jpg,https://bitis.com.vn/products/giay-the-thao-biti-s-hunter-tennis-nam-mau-xanh-duong-hsm011600xdg
1072191385,Giày Thể Thao Biti's Hunter Nam Màu Xám Đậm HSM012800XAD,840000,HUNTER,Giày Thể Thao,"BST New,HunterSneakernam,kho:online,newhunter,HunterSneaker,Hunter,NAM,Giày nam,Giày,Hunter Nam,Giày Hunter,Giày dép nam,Giày dép Hunter",Available,6,https://cdn.hstatic.net/products/1000230642/hsm012800xad__7__a3a456681ea84f639eeba1e65b8d3993.jpg,https://bitis.com.vn/products/giay-the-thao-biti-s-hunter-nam-mau-xam-dam-hsm012800xad
1072188590,Giày Thể Thao Biti's Hunter Nữ Jogging Màu Kem HSW012300KEM,700000,HUNTER,Giày Thể Thao,"newhunter,kho:online,Hunter,Hunterjoggingnu,Huntersneakernu,Huntersneaker,HunterSneakernam,NỮ,Giày nữ,Giày,Giày Hunter,Giày dép nữ,Giày dép Hunter",Available,6,https://cdn.hstatic.net/products/1000230642/hsw012300kem__7__f71398807aca4b88aea5f3ec7db6477c.jpg,https://bitis.com.vn/products/giay-the-thao-biti-s-hunter-nu-jogging-mau-kem-hsw012300kem
1072188435,Giày Thể Thao Biti's Hunter Nữ Jogging Màu Hồng HSW012300HOG,700000,HUNTER,Giày Thể Thao,"Hunterjoggingnu,kho:online,Hunter,Huntersneaker,Huntersneakernu,NỮ,Giày nữ,Giày,Giày Hunter,Giày dép nữ,Giày dép Hunter",Available,6,https://cdn.hstatic.net/products/1000230642/hsw012300hog__7__a52443dccd824ce196e9e38d535878b9.jpg,https://bitis.com.vn/products/giay-the-thao-biti-s-hunter-nu-jogging-mau-hong-hsw012300hog
1072187236,Giày Thể Thao Biti's Hunter Jogging Nữ Màu Đen HSW012300DEN,700000,HUNTER,Giày Thể Thao,"Hunter,kho:online,Hunterjoggingnu,Huntersneaker,Huntersneakernu,NỮ,Giày nữ,Giày,Giày Hunter,Giày dép nữ,Giày dép Hunter",Available,6,https://cdn.hstatic.net/products/1000230642/hsw012300den__6__0af92e057e8e4c79a651fa5188ddb332.jpg,https://bitis.com.vn/products/giay-the-thao-biti-s-hunter-jogging-nu-mau-den-hsw012300den
1072186634,Dép Xốp Biti's Nữ Màu Nâu BXW022000NAU,172000,Biti's,Dép Thông Dụng,"kho:online,NỮ,khongdoitra,Depnu,Dép nữ,Dép,Giày dép nữ",Available,5,https://cdn.hstatic.net/products/1000230642/bxw022000nau__3__9c64c5569f40464aa41cd38b8371d55a.jpg,https://bitis.com.vn/products/dep-xop-biti-s-nu-mau-nau-bxw022000nau
1072186371,Dép Xốp Biti's Nữ Màu Đỏ BXW022000DOO,172000,Biti's,Dép Thông Dụng,"kho:online,NỮ,khongdoitra,Depnu,Dép nữ,Dép,Giày dép nữ",Available,5,https://cdn.hstatic.net/products/1000230642/bxw022000doo__3__00641757a04241ac99c27a19511dbe76.jpg,https://bitis.com.vn/products/dep-xop-biti-s-nu-mau-do-bxw022000doo
1072186242,Dép Xốp Biti's Nữ Màu Đen BXW022000DEN,172000,Biti's,Dép Thông Dụng,"kho:online,NỮ,khongdoitra,Depnu,Dép nữ,Dép,Giày dép nữ",Available,5,https://cdn.hstatic.net/products/1000230642/bxw022000den__3__373c497dc55a4d5d9f3eeab3ab77b363.jpg,https://bitis.com.vn/products/dep-xop-biti-s-nu-mau-den-bxw022000den
1072183541,Giày Thể Thao Biti's Bé Gái Màu Xanh Dương Lợt BSG009000XDL,495000,Biti's,Giày Thể Thao,"kho:online,new,TRẺ EM,Giày dép,Giày trẻ em,Giày,BÉ GÁI,Giày dép trẻ em",Available,9,https://cdn.hstatic.net/products/1000230642/bsg009000xdl__3__ae597ac8725a4e27a6d6af247d862eca.jpg,https://bitis.com.vn/products/giay-the-thao-biti-s-be-gai-mau-xanh-duong-lot-bsg009000xdl
1072183448,Giày Thể Thao Biti's Bé Gái Màu Hồng Lợt BSG009000HOL,495000,Biti's,Giày Thể Thao,"new,kho:online,TRẺ EM,Giày dép,Giày trẻ em,Giày,BÉ GÁI,Giày dép trẻ em",Available,9,https://cdn.hstatic.net/products/1000230642/bsg009000hol__2__ed4057e934ac479184b545eb9c6899c1.jpg,https://bitis.com.vn/products/giay-the-thao-biti-s-be-gai-mau-hong-lot-bsg009000hol
1072181786,Giày Thể Thao Biti's Trẻ Em Màu Xanh Dương BSB009000XDG,495000,Biti's,Giày Thể Thao,"kho:online,TRẺ EM,BÉ TRAI,Giày trẻ em,Giày,Giày dép trẻ em",Available,9,https://cdn.hstatic.net/products/1000230642/bsb009000xdg__3__4ab98a05d0124856b145cb3049f50386.jpg,https://bitis.com.vn/products/giay-the-thao-biti-s-tre-em-mau-xanh-duong-bsb009000xdg
1072073256,Giày Thể Thao Biti's Trẻ Em Màu Kem BSB009000KEM,495000,Biti's,Giày Thể Thao,"kho:online,Giày trẻ em,TRẺ EM,Giày,BÉ TRAI,Giày dép trẻ em",Available,9,https://cdn.hstatic.net/products/1000230642/bsb009000kem__3__67cd2644e06440539801740e315293c0.jpg,https://bitis.com.vn/products/giay-the-thao-biti-s-tre-em-mau-kem-bsb009000kem
1072048832,Sandal Biti's GLOWY Collection Nữ Màu Trắng BPW008188TRG,640000,Biti's,Sandal Thông Dụng,"kho:online,GLOWY,NỮ,Sandalnu,Giày dép nữ",Available,6,https://cdn.hstatic.net/products/1000230642/bpw008188trg__7__362599ddb65046aeb3c73a376d099366.jpg,https://bitis.com.vn/products/sandals-biti-s-nu-mau-trang-bpw008188trg
1072048810,Sandals Biti's GLOWY Collection Nữ Màu Đen BPW008188DEN,640000,Biti's,Sandal Thông Dụng,"kho:online,GLOWY,NỮ,Sandalnu,Giày dép nữ",Available,6,https://cdn.hstatic.net/products/1000230642/bpw008188den__7__1acdeff032494a409abbd09eae5dcf43.jpg,https://bitis.com.vn/products/sandals-biti-s-nu-mau-den-bpw008188den
1072048744,Áo Thun Helio by Biti's Màu Trắng BOU002100TRG,295000,Helio,Khác,"Helio,Aothun,Phukienteen,kho:online,Quần áo,NAM,NỮ,Phụ kiện nam,Phụ kiện nữ,Phụ kiện",Available,3,https://cdn.hstatic.net/products/1000230642/bou002100trg__2__1cbe538ae3e242b0b6c288903363a1df.jpg,https://bitis.com.vn/products/ao-thun-helio-by-biti-s-mau-trang-bou002100trg
1072048665,Sandals Cao Gót Biti's Nữ Màu Xám BFW006988XAM,495000,Biti's,Sandal Thời Trang,"kho:online,NỮ,khongdoitra,Sandalnu,Giày dép nữ",Available,5,https://cdn.hstatic.net/products/1000230642/bfw006988xam__4__6ae8f8ab62654c749364304b31b105c8.jpg,https://bitis.com.vn/products/sandals-cao-got-biti-s-nu-mau-xam-bfw006988xam
1072048658,Sandals Cao Gót Biti's Nữ Màu Kem BFW006988KEM,495000,Biti's,Sandal Thời Trang,"kho:online,NỮ,khongdoitra,Sandalnu,Giày dép nữ",Available,5,https://cdn.hstatic.net/products/1000230642/bfw006988kem__4__058756ea36e448e3859ebab4a0841f70.jpg,https://bitis.com.vn/products/sandals-cao-got-biti-s-nu-mau-kem-bfw006988kem
1072048584,Sandals Cao Gót Biti's Nữ Màu Đen BFW006988DEN,495000,Biti's,Sandal Thời Trang,"kho:online,NỮ,khongdoitra,Sandalnu,Giày dép nữ",Available,5,https://cdn.hstatic.net/products/1000230642/bfw006988den__4__cd891eb1281d410bacd1f166cc579467.jpg,https://bitis.com.vn/products/sandals-cao-got-biti-s-nu-mau-den-bfw006988den
1072048350,Sandals Biti's Bé Gái Màu Nâu BEG005100NAU,335000,Biti's,Sandal Thông Dụng,"kho:online,TRẺ EM,Giày dép,Sandal,BÉ GÁI,Sandal trẻ em,Giày dép trẻ em",Available,4,https://cdn.hstatic.net/products/1000230642/beg005100nau__3__96391c0ee94b4572a984e9fb3ad1e962.jpg,https://bitis.com.vn/products/sandals-biti-s-be-gai-mau-nau-beg005100nau
1072047515,Sandal Biti's Bé Trai Màu Xanh Nhớt BEB006800XNH,345000,Biti's,Sandal Thông Dụng,"kho:online,TRẺ EM,BÉ TRAI,Giày dép,Sandal,Sandal trẻ em,Giày dép trẻ em",Unavailable,9,https://cdn.hstatic.net/products/1000230642/beb006800xnh__3__af30d7aa1ba244e6b5ca42a053e5ce0e.jpg,https://bitis.com.vn/products/sandal-biti-s-be-trai-mau-xanh-nhot-beb006800xnh
1072046793,Sandal Biti's Bé Trai Màu Xám BEB006800XAM,345000,Biti's,Sandal Thông Dụng,"kho:online,BÉ TRAI,TRẺ EM,Giày dép,Sandal,Sandal trẻ em,Giày dép trẻ em",Available,9,https://cdn.hstatic.net/products/1000230642/beb006800xam__5__bd0ce2834afd47a2aa9f27e72538037f.jpg,https://bitis.com.vn/products/sandal-biti-s-be-trai-mau-xam-beb006800xam
1072046655,Sandal Biti's Bé Trai Màu Đen BEB006800DEN,345000,Biti's,Sandal Thông Dụng,"kho:online,BÉ TRAI,TRẺ EM,Giày dép,Sandal,Sandal trẻ em,Giày dép trẻ em",Available,9,https://cdn.hstatic.net/products/1000230642/beb006800den__1__e248328195d249489d3b7cf26ef1dfd5.jpg,https://bitis.com.vn/products/sandal-biti-s-be-trai-mau-den-beb006800den
1072045036,Vớ Biti's Sợi Da Bò Nữ Màu Xám ASWG00230XAM,168000,Biti's,Vớ,"Vo,kho:online,NỮ,Phụ kiện nữ,Phụ kiện",Available,1,https://cdn.hstatic.net/products/1000230642/aswg00230xam__1__00b3f100986247a9a2c4cd2b3bb06c38.jpg,https://bitis.com.vn/products/vo-biti-s-soi-da-bo-nu-mau-xam-aswg00230xam
1072044791,Combo 2 Vớ Biti's Nam Màu Xám ASMG00270XAM,65000,Biti's,Vớ,"kho:online,Vo,NAM,NỮ,Phụ kiện nam,Phụ kiện nữ,Phụ kiện",Available,1,https://cdn.hstatic.net/products/1000230642/asmg00270xam__6__83c67adda9f949918dd42801bd49726e.jpg,https://bitis.com.vn/products/combo-2-vo-biti-s-nam-mau-xam-asmg00270xam
1072044766,Combo 2 Vớ Biti's Nam Màu Trắng ASMG00270TRG,65000,Biti's,Vớ,"kho:online,Vo,NAM,NỮ,Phụ kiện nam,Phụ kiện nữ,Phụ kiện",Available,1,https://cdn.hstatic.net/products/1000230642/asmg00270trg__1__065939ceb57a4ae3b54408b22148d66b.jpg,https://bitis.com.vn/products/combo-2-vo-biti-s-nam-mau-trang-asmg00270trg
1071926998,Sandal Biti's Bé Trai Màu Xanh Dương BTB001400XDD,285000,Biti's,Sandal Thông Dụng,"kho:online,BÉ TRAI,TRẺ EM,Giày dép,Sandal,Sandal trẻ em,Giày dép trẻ em",Available,4,https://cdn.hstatic.net/products/1000230642/btb001400xdd__4__da031118ecbd4caa81fc4b64bb651975.jpg,https://bitis.com.vn/products/sandal-biti-s-be-trai-mau-xanh-duong-btb001400xdd
1071926908,Sandal Biti's Bé Trai Màu Xám BTB001400XAM,285000,Biti's,Sandal Thông Dụng,"kho:online,BÉ TRAI,TRẺ EM,Giày dép,Sandal,Sandal trẻ em,Giày dép trẻ em",Available,4,https://cdn.hstatic.net/products/1000230642/btb001400xam__3__b2bf4b3bad494c6fbc1f3e12346c210d.jpg,https://bitis.com.vn/products/sandal-biti-s-be-trai-mau-xam-btb001400xam
1071926899,Sandal Biti's Bé Trai Màu Đen BTB001400DEN,285000,Biti's,Sandal Thông Dụng,"kho:online,TRẺ EM,BÉ TRAI,Giày dép,Sandal,Sandal trẻ em,Giày dép trẻ em",Available,4,https://cdn.hstatic.net/products/1000230642/btb001400den__4__f4fbf5ad88bb47dea64c199e1952cad3.jpg,https://bitis.com.vn/products/sandal-biti-s-be-trai-mau-den-btb001400den
1071926862,Giày Tập Đi Biti's Bé Trai Màu Xanh Nhớt BSB000900XNH,240000,Biti's,Giày Tập Đi,"kho:online,Firstshoes,Giày dép,khongdoitra,Giày trẻ em,TRẺ EM,BÉ TRAI,BÉ GÁI",Available,3,https://cdn.hstatic.net/products/1000230642/bsb000900xnh__7__88dd7e0cf49441c3aa499fc24e1907ea.jpg,https://bitis.com.vn/products/giay-tap-di-biti-s-be-trai-mau-xanh-nhot-bsb000900xnh
1071926796,Giày Tập Đi Biti's Trẻ Em Màu Xanh Dương Lợt BSB000900XDL,240000,Biti's,Giày Tập Đi,"kho:online,Firstshoes,Giày dép,khongdoitra,Giày trẻ em,TRẺ EM,BÉ TRAI,BÉ GÁI",Available,3,https://cdn.hstatic.net/products/1000230642/bsb000900xdl__7__6cf051add3bd4ef3bf4299b5a2b36428.jpg,https://bitis.com.vn/products/giay-tap-di-biti-s-tre-em-mau-xanh-duong-lot-bsb000900xdl
1071926783,Sandal Biti's Bé Gái Màu Tím BEG006800TIM,345000,Biti's,Sandal Thông Dụng,"kho:online,TRẺ EM,Giày dép,Sandal,BÉ GÁI,Sandal trẻ em,Giày dép trẻ em",Available,9,https://cdn.hstatic.net/products/1000230642/beg006800tim__5__6cda68818b484777b2aa90a5f877fbcd.jpg,https://bitis.com.vn/products/sandal-biti-s-be-gai-mau-tim-beg006800tim
1071926779,Sandal Biti's Bé Gái Màu Hồng BEG006800HOG,345000,Biti's,Sandal Thông Dụng,"kho:online,TRẺ EM,Giày dép,Sandal,BÉ GÁI,Sandal trẻ em,Giày dép trẻ em",Available,9,https://cdn.hstatic.net/products/1000230642/beg006800hog__5__84a200049efa4db0ad3103f0f48f9673.jpg,https://bitis.com.vn/products/sandal-biti-s-be-gai-mau-hong-beg006800hog
1071926772,Sandal Biti's Bé Gái Màu Đen BEG006800DEN,345000,Biti's,Sandal Thông Dụng,"kho:online,TRẺ EM,Giày dép,Sandal,BÉ GÁI,Sandal trẻ em,Giày dép trẻ em",Available,9,https://cdn.hstatic.net/products/1000230642/beg006800den__5__652641ee60324bb189478516495c523d.jpg,https://bitis.com.vn/products/sandal-biti-s-be-gai-mau-den-beg006800den
1071926685,Dép Biti's Nữ Màu Nâu BTW002388NAU,465000,Biti's,Sandal Thời Trang,"kho:online,NỮ,khongdoitra,Sandalnu,Giày dép nữ",Available,5,https://cdn.hstatic.net/products/1000230642/btw002388nau__4__33f0e1a1ec5644aaa5662c92756abf26.jpg,https://bitis.com.vn/products/dep-biti-s-nu-mau-nau-btw002388nau
1071926541,Dép Biti's Nữ Màu Kem Lợt BTW002388KEL,465000,Biti's,Sandal Thời Trang,"kho:online,NỮ,khongdoitra,Sandalnu,Giày dép nữ",Available,5,https://cdn.hstatic.net/products/1000230642/btw002388kel__4__16607f96e90f484bbd2ab816bff208f3.jpg,https://bitis.com.vn/products/dep-biti-s-nu-mau-kem-lot-btw002388kel
1071926523,Dép Biti's Nữ Màu Đen BTW002388DEN,465000,Biti's,Sandal Thời Trang,"kho:online,NỮ,khongdoitra,Sandalnu,Giày dép nữ",Available,5,https://cdn.hstatic.net/products/1000230642/btw002388den__5__511cba9846e24d77808e9ccfa77a9fd6.jpg,https://bitis.com.vn/products/dep-biti-s-nu-mau-den-btw002388den
1071926426,Giày Thể Thao Biti's Nữ Màu Xám BSW005300XAM,620000,Êmbrace,Giày Thể Thao,"kho:online,NỮ,Giày nữ,Giày,Giày dép nữ",Available,6,https://cdn.hstatic.net/products/1000230642/bsw005300xam__7__5796a92aee5041ae802b5aa1cc3095fb.jpg,https://bitis.com.vn/products/giay-the-thao-biti-s-nu-mau-xam-bsw005300xam
1071926421,Giày Thể Thao Biti's Nữ Màu Hồng BSW005300HOG,620000,Êmbrace,Giày Thể Thao,"kho:online,NỮ,Giày nữ,Giày,Giày dép nữ",Available,6,https://cdn.hstatic.net/products/1000230642/bsw005300hog__7__5f9f6294a5004d1894342b2a12c3294c.jpg,https://bitis.com.vn/products/giay-the-thao-biti-s-nu-mau-hong-bsw005300hog
1071926387,Giày Thể Thao Biti's Bé Gái Màu Tím BSG007100TIM,450000,Biti's,Giày Thể Thao,"kho:online,TRẺ EM,Giày dép,Giày trẻ em,Giày,BÉ GÁI,Giày dép trẻ em",Available,6,https://cdn.hstatic.net/products/1000230642/bsg007100tim__3__a176b828a3104ad38168f2aca9f5c6a4.jpg,https://bitis.com.vn/products/giay-the-thao-biti-s-be-gai-mau-tim-bsg007100tim
1071926380,Giày Thể Thao Biti's Bé Gái Màu Bạc BSG007100BAC,450000,Biti's,Giày Thể Thao,"kho:online,TRẺ EM,Giày dép,Giày trẻ em,Giày,BÉ GÁI,Giày dép trẻ em",Available,6,https://cdn.hstatic.net/products/1000230642/bsg007100bac__3__29fb22d848924f13b758e3e5e269ac6f.jpg,https://bitis.com.vn/products/giay-the-thao-biti-s-be-gai-mau-bac-bsg007100bac
1071913466,Giày Thể Thao Biti's Disney Bé Gái Màu Xanh Dương BSG005397XDG,530000,Biti's,Giày Thể Thao,"kho:online,TRẺ EM,Giày dép,Giày trẻ em,Giày,Disney,BÉ GÁI,Giày dép trẻ em",Available,6,https://cdn.hstatic.net/products/1000230642/bsg005397xdg__4__8ef0659f50c94c7da4b31558665b36dd.jpg,https://bitis.com.vn/products/giay-the-thao-biti-s-disney-be-gai-mau-xanh-duong-bsg005397xdg
1071913120,Giày Thể Thao Biti's Disney Bé Gái Màu Hồng BSG005397HOG,530000,Biti's,Giày Thể Thao,"kho:online,TRẺ EM,Giày dép,Giày trẻ em,Giày,Disney,BÉ GÁI,Giày dép trẻ em",Available,6,https://cdn.hstatic.net/products/1000230642/bsg005397hog__4__f3a7c3c92e9b4727a713f60abbbd0fb6.jpg,https://bitis.com.vn/products/giay-the-thao-biti-s-disney-be-gai-mau-hong-bsg005397hog
1071911874,Giày Thể Thao Biti's Bé Trai Màu Xanh Dương BSB008900XDG,390000,Biti's,Giày Thể Thao,"kho:online,TRẺ EM,BÉ TRAI,Giày dép,Giày trẻ em,Giày,Giày dép trẻ em",Available,6,https://cdn.hstatic.net/products/1000230642/bsb008900xdg__4__97c702b3a7914e6ebe97d354b3798c89.jpg,https://bitis.com.vn/products/giay-the-thao-biti-s-be-trai-mau-xanh-duong-bsb008900xdg
1071910023,Giày Thể Thao Biti's Bé Trai Màu Xám BSB008900XAM,390000,Biti's,Giày Thể Thao,"kho:online,TRẺ EM,BÉ TRAI,Giày dép,Giày trẻ em,Giày,Giày dép trẻ em",Available,6,https://cdn.hstatic.net/products/1000230642/bsb008900xam__5__8e89a3d956d54516a9adc532f57cb3cf.jpg,https://bitis.com.vn/products/giay-the-thao-biti-s-be-trai-mau-xam-bsb008900xam
1071909324,Giày Thể Thao Biti's Bé Trai Màu Nâu BSB008900NAU,390000,Biti's,Giày Thể Thao,"kho:online,TRẺ EM,BÉ TRAI,Giày dép,Giày trẻ em,Giày,Giày dép trẻ em",Available,6,https://cdn.hstatic.net/products/1000230642/bsb008900nau__5__73a88d8086e94e04843b92c532a90b8e.jpg,https://bitis.com.vn/products/giay-the-thao-biti-s-tre-em-mau-nau-bsb008900nau
1071896681,Dép Biti's Nam Màu Rêu BRM002777REU,475000,Biti's,Dép Thông Dụng,"kho:online,NAM,Dép nam,Dép,Giày dép nam",Available,6,https://cdn.hstatic.net/products/1000230642/brm002777reu__4__201e4319762c41f09f4c6e8d5b7a035d.jpg,https://bitis.com.vn/products/dep-biti-s-nam-mau-reu-brm002777reu
1071896620,Dép Biti's Nam Màu Đen BRM002777DEN,475000,Biti's,Dép Thông Dụng,"kho:online,NAM,Dép nam,Dép,Giày dép nam",Available,6,https://cdn.hstatic.net/products/1000230642/brm002777den__4__f8a4f672eec240529dc11d40aeb603c6.jpg,https://bitis.com.vn/products/dep-biti-s-nam-mau-den-brm002777den
1071896590,Dép Biti's Nữ Màu Kem BPW006900KEM,270000,Biti's,Dép Thông Dụng,"kho:online,NỮ,Depnu,Dép nữ,Dép,Giày dép nữ",Available,5,https://cdn.hstatic.net/products/1000230642/bpw006900kem__4__40bd8bad3e0f49c4a8fe3a117ea1a744.jpg,https://bitis.com.vn/products/dep-biti-s-nu-mau-kem-bpw006900kem
1071896580,Dép Biti's Nữ Màu Đen BPW006900DEN,270000,Biti's,Dép Thông Dụng,"kho:online,NỮ,Depnu,Dép nữ,Dép,Giày dép nữ",Available,5,https://cdn.hstatic.net/products/1000230642/bpw006900den__4__5ac0a127f3f84c54a79f20f255508cd2.jpg,https://bitis.com.vn/products/dep-biti-s-nu-mau-den-bpw006900den
1071896576,Sandal Biti's Marvel Bé Trai Màu Đỏ BPB002198DOO,405000,Biti's,Sandal Thông Dụng,"kho:online,Marvel,TRẺ EM,BÉ TRAI,Giày dép,khongdoitra,Sandal,Sandal trẻ em,Giày dép trẻ em",Available,7,https://cdn.hstatic.net/products/1000230642/bpb002198doo__3__bc941d300477465db0dd37fcca13a2a8.jpg,https://bitis.com.vn/products/sandal-biti-s-marvel-be-trai-mau-do-bpb002198doo
1071896573,Sandal Biti's Marvel Bé Trai Màu Đen BPB002198DEN,405000,Biti's,Sandal Thông Dụng,"kho:online,Marvel,BÉ TRAI,TRẺ EM,Giày dép,khongdoitra,Sandal,Sandal trẻ em,Giày dép trẻ em",Available,7,https://cdn.hstatic.net/products/1000230642/bpb002198den__3__292bf313c7da4926ac4c67324972983a.jpg,https://bitis.com.vn/products/sandal-biti-s-marvel-be-trai-mau-den-bpb002198den
1071896408,Sandal Biti's Nữ Màu Kem BFW007788KEM,495000,Biti's,Giày Thời Trang,"kho:online,NỮ,Giày nữ,Giày,Giày dép nữ",Available,5,https://cdn.hstatic.net/products/1000230642/bfw007788kem__3__6d7a21f197d549789e9c617c9b5f11cb.jpg,https://bitis.com.vn/products/sandal-biti-s-nu-mau-kem-bfw007788kem
1071896373,Sandal Biti's Nữ Màu Đen BFW007788DEN,495000,Biti's,Giày Thời Trang,"kho:online,NỮ,Giày nữ,Giày,Giày dép nữ",Available,5,https://cdn.hstatic.net/products/1000230642/bfw007788den__3__ea4532cf32704baeaf559e5343ec967d.jpg,https://bitis.com.vn/products/sandal-biti-s-nu-mau-den-bfw007788den
1071892641,Giày Bít Cao Gót Biti's Nữ Màu Đen BFW007688DEN,495000,Biti's,Giày Thời Trang,"kho:online,NỮ,khongdoitra,Giày nữ,Giày,Giày dép nữ",Available,5,https://cdn.hstatic.net/products/1000230642/bfw007688den__3__b4df628372474ca99f8973885b970873.jpg,https://bitis.com.vn/products/giay-bit-cao-got-biti-s-nu-mau-den-bfw007688den
1071892470,Giày Bít Cao Gót Biti's Nữ Màu Bạc BFW007688BAC,495000,Biti's,Giày Thời Trang,"kho:online,NỮ,khongdoitra,Giày nữ,Giày,Giày dép nữ",Available,5,https://cdn.hstatic.net/products/1000230642/bfw007688bac__3__4d7a5d098a2841fa8f0384704f70b081.jpg,https://bitis.com.vn/products/giay-bit-cao-got-biti-s-nu-mau-bac-bfw007688bac
1071892342,Sandal Biti's Bé Gái Màu Xanh Dương BEG006500XDG,300000,Biti's,Sandal Thông Dụng,"kho:online,TRẺ EM,Giày dép,Sandal,BÉ GÁI,Sandal trẻ em,Giày dép trẻ em",Available,4,https://cdn.hstatic.net/products/1000230642/beg006500xdg__3__232b64333f844f95981c426260f8262c.jpg,https://bitis.com.vn/products/sandal-biti-s-be-gai-mau-xanh-duong-beg006500xdg
1071891815,Sandal Biti's Bé Gái Màu Hồng BEG006500HOG,300000,Biti's,Sandal Thông Dụng,"kho:online,TRẺ EM,Giày dép,Sandal,BÉ GÁI,Sandal trẻ em,Giày dép trẻ em",Available,4,https://cdn.hstatic.net/products/1000230642/beg006500hog__3__6afb01b3ff574fad9b1ae98649e074f7.jpg,https://bitis.com.vn/products/sandal-biti-s-be-gai-mau-hong-beg006500hog
1071891535,Giày Búp Bê Biti's Bé Gái Màu Kem BBG002000KEM,475000,Biti's,Giày Búp Bê,"kho:online,TRẺ EM,Giày dép,Giày trẻ em,Giày,BÉ GÁI,Giày dép trẻ em",Available,8,https://cdn.hstatic.net/products/1000230642/bbg002000kem__4__297b50c46ecc4230bd14bacfe3039b78.jpg,https://bitis.com.vn/products/giay-bup-be-biti-s-be-gai-mau-kem-bbg002000kem
1071890916,Giày Búp Bê Biti's Bé Gái Màu Hồng BBG002000HOG,475000,Biti's,Giày Búp Bê,"kho:online,TRẺ EM,Giày dép,Giày trẻ em,Giày,BÉ GÁI,Giày dép trẻ em",Available,8,https://cdn.hstatic.net/products/1000230642/bbg002000hog__5__6c56b3026f5c462c951a65ef64d19598.jpg,https://bitis.com.vn/products/giay-bup-be-biti-s-be-gai-mau-hong-bbg002000hog
1071890000,Giày Búp Bê Biti's Disney Cherry Blossom Bé Gái Màu Xanh Dương Lợt BBG001997XDL,455000,Biti's,Giày Búp Bê,"kho:online,TRẺ EM,Giày dép,khongdoitra,Giày trẻ em,Giày,Disney,BÉ GÁI,Giày dép trẻ em",Available,4,https://cdn.hstatic.net/products/1000230642/bbg001997xdl__5__24ddaacb34274564a552a1d8738f9a5c.jpg,https://bitis.com.vn/products/giay-bup-be-biti-s-disney-cherry-blossom-be-gai-mau-xanh-duong-lot-bbg001997xdl
1071889793,Giày Búp Bê Biti's Disney Cherry Blossom Bé Gái Màu Kem BBG001997KEM,455000,Biti's,Giày Búp Bê,"kho:online,BSTCherryBlossom,TRẺ EM,Giày dép,khongdoitra,Giày trẻ em,Giày,BÉ GÁI,Giày dép trẻ em",Available,4,https://cdn.hstatic.net/products/1000230642/bbg001997kem__5__00b154f0b76f478383a5dc1290a619d5.jpg,https://bitis.com.vn/products/giay-bup-be-biti-s-disney-be-gai-mau-kem-bbg001997kem
1071889639,Giày Búp Bê Biti's Disney Cherry Blossom Bé Gái Màu Hồng BBG001997HOG,455000,Biti's,Giày Búp Bê,"kho:online,BSTCherryBlossom,TRẺ EM,Giày dép,khongdoitra,Giày trẻ em,Giày,BÉ GÁI,Giày dép trẻ em",Available,4,https://cdn.hstatic.net/products/1000230642/bbg001997hog__5__b6699b44d1b44a41be49b80bcd4a0ab3.jpg,https://bitis.com.vn/products/giay-bup-be-biti-s-disney-be-gai-mau-hong-bbg001997hog
1071882686,Giày Thể Thao Biti's Hunter Nữ Màu Xanh Dương HSW009200XDG,595000,HUNTER,Giày Thể Thao,"Huntersneakernu,kho:online,Hunter,Huntersneaker,NỮ,khongdoitra,Giày nữ,Giày,Giày Hunter,Giày dép nữ,Giày dép Hunter",Available,5,https://cdn.hstatic.net/products/1000230642/hsw009200xdg__8__c65a5e33f4a64f70b5f72234b50b3e5d.jpg,https://bitis.com.vn/products/giay-the-thao-biti-s-hunter-nu-mau-xanh-duong-hsw009200xdg
1071882653,Giày Thể Thao Biti's Hunter Nữ Màu Hồng HSW009200HOG,595000,HUNTER,Giày Thể Thao,"Huntersneaker,kho:online,Hunter,Huntersneakernu,NỮ,khongdoitra,Giày nữ,Giày,Giày Hunter,Giày dép nữ,Giày dép Hunter",Available,5,https://cdn.hstatic.net/products/1000230642/hsw009200hog__8__1513c615ba514befaea633933addc29d.jpg,https://bitis.com.vn/products/giay-the-thao-biti-s-hunter-nu-mau-hong-hsw009200hog
1071882479,Giày Thể Thao Biti's Hunter Nữ Màu Đen HSW009200DEN,595000,HUNTER,Giày Thể Thao,"kho:online,Hunter,Huntersneaker,Huntersneakernu,NỮ,khongdoitra,Giày nữ,Giày,Giày Hunter,Giày dép nữ,Giày dép Hunter",Available,5,https://cdn.hstatic.net/products/1000230642/hsw009200den__8__f587450db60f45799f65f50083a7d6fc.jpg,https://bitis.com.vn/products/giay-the-thao-biti-s-hunter-nu-mau-den-hsw009200den
1071882420,Giày Thể Thao Gosto Nữ Màu Trắng GSW000900TRG,1079000,Gosto,Giày Thể Thao,"kho:online,GOSTO,NỮ,khongdoitra,Giày nữ,Giày,Giày dép nữ",Available,6,https://cdn.hstatic.net/products/1000230642/gsw000900trg__7__019f36b6215d4566be4eab6a9458f21a.jpg,https://bitis.com.vn/products/giay-the-thao-gosto-nu-mau-trang-gsw000900trg
1071882400,Giày Thể Thao Gosto Nữ Màu Trắng GSW000700TRG,1079000,Gosto,Giày Thể Thao,"kho:online,NỮ,khongdoitra,Gosto,Giày nữ,Giày,Giày dép nữ",Available,6,https://cdn.hstatic.net/products/1000230642/gsw000700trg__2__8369f0b9bdbd441e91662eaa5422e05f.jpg,https://bitis.com.vn/products/giay-the-thao-gosto-nu-mau-trang-gsw000700trg
1071882287,Giày Thể Thao Biti's Hunter Trẻ Em Màu Xanh Nhớt HSB000901XNH,640000,HUNTER,Giày Thể Thao,"kho:online,Hunter Junior,Giày dép,Giày Hunter,BÉ TRAI,TRẺ EM,Giày trẻ em,Giày dép trẻ em,Giày dép Hunter",Available,7,https://cdn.hstatic.net/products/1000230642/hsb000901xnh__4__f623da37ea224ccdac6cc343c57b2a32.jpg,https://bitis.com.vn/products/giay-the-thao-biti-s-hunter-tre-em-mau-xanh-nhot-hsb000901xnh
1071882140,Giày Thể Thao Biti's Hunter Trẻ Em Màu Đen HSB000905DEN,735000,HUNTER,Giày Thể Thao,"Hunter Junior,kho:online,Giày dép,Giày Hunter,Giày dép Hunter",Available,4,https://cdn.hstatic.net/products/1000230642/hsb000905den__4__e4edfac278a843eb9a970dd1e35e0e2c.jpg,https://bitis.com.vn/products/giay-the-thao-biti-s-hunter-tre-em-mau-den-hsb000905den
1071880814,Giày Thể Thao Biti's Hunter Bé Gái Màu Trắng HSG000900TRG,640000,HUNTER,Giày Thể Thao,"kho:online,Hunter Junior,TRẺ EM,Giày dép,Giày trẻ em,Giày,BÉ GÁI,Giày dép trẻ em,Giày dép Hunter",Available,7,https://cdn.hstatic.net/products/1000230642/hsg000900trg__1__942a2ec2958346ea9ba2eda5e8d23c10.jpg,https://bitis.com.vn/products/giay-the-thao-biti-s-hunter-be-gai-mau-trang-hsg000900trg
1071880686,Giày Thể Thao Biti's Hunter Bé Gái Màu Tím HSG000901TIM,640000,HUNTER,Giày Thể Thao,"kho:online,Hunter Junior,TRẺ EM,Giày dép,Giày trẻ em,Giày,BÉ GÁI,Giày dép trẻ em,Giày dép Hunter",Available,7,https://cdn.hstatic.net/products/1000230642/hsg000901tim__4__90876fac078c4101ab67ec0e35cbd62f.jpg,https://bitis.com.vn/products/giay-the-thao-biti-s-hunter-be-gai-mau-tim-hsg000901tim
1071879915,Giày Thể Thao Biti's Hunter EZ Lift Nữ Màu Cam HSW012001CAM,1325000,HUNTER,Giày Thể Thao,"Hunter,Huntersneaker,Easyfit,kho:online,newhunter,Huntersneakernu,NỮ,Giày nữ,Giày,Giày Hunter,Giày dép nữ,Giày dép Hunter",Available,4,https://cdn.hstatic.net/products/1000230642/hsw012001cam__2__4d4c0d296bd244478813ac0684b68e9b.jpg,https://bitis.com.vn/products/giay-the-thao-biti-s-hunter-easy-fit-nu-mau-cam-hsw012001cam
1071879761,Giày Thể Thao Biti's Hunter EZ Lift Nữ Màu Kem HSW012200KEM,1325000,HUNTER,Giày Thể Thao,"newhunter,Huntersneaker,Easyfit,kho:online,Hunter,top,Huntersneakernu,NỮ,Giày nữ,Giày,Giày Hunter,Giày dép nữ,Giày dép Hunter",Available,4,https://cdn.hstatic.net/products/1000230642/hsw012200kem__2__0465d412a093486da2fdb5a7eed1595c.jpg,https://bitis.com.vn/products/giay-the-thao-biti-s-hunter-easy-fit-nu-mau-kem-hsw012200kem
1071863166,Giày Thể Thao Biti's Hunter Bé Gái Màu Tím HSG000903TIM,715000,HUNTER,Giày Thể Thao,"kho:online,Hunter Junior,TRẺ EM,Giày dép,Giày trẻ em,Giày,BÉ GÁI,Giày dép trẻ em,Giày dép Hunter",Available,4,https://cdn.hstatic.net/products/1000230642/hsg000903tim__4__b7df7a38f4154c8487e1205e6af2a471.jpg,https://bitis.com.vn/products/giay-the-thao-biti-s-hunter-be-gai-hsg000903tim
1071862602,Giày Thể Thao Biti's Hunter Litebound Nam Màu Đen HSM010701DEN,1335000,HUNTER,Giày Thể Thao,"Huntersneakernam,kho:online,Huntersneaker,newhunter,top,Hunter,Litebound,NAM,Giày nam,Giày,Hunter Nam,Giày Hunter,Giày dép nam,Giày dép Hunter,Đã bán:1561",Available,5,https://cdn.hstatic.net/products/1000230642/hsm010701den__7__15a8c2fb6a4a497f9f17548131841e3d.jpg,https://bitis.com.vn/products/giay-the-thao-biti-s-hunter-litebound-nam-mau-den-hsm010701den
1071861618,Giày Thể Thao Biti's Hunter Running Nam Màu Đen HSM011000DEN,1365000,HUNTER,Giày Chạy Bộ,"Hunterrunningnam,kho:online,newhunter,Running Nam,Hunter,HunterSneaker,NAM,Giày nam,Giày,Hunter Nam,Giày Hunter,Giày dép nam,Giày dép Hunter",Available,6,https://cdn.hstatic.net/products/1000230642/hsm011000den__3__0499cb39a770474b8372709714905345.jpg,https://bitis.com.vn/products/giay-the-thao-biti-s-hunter-running-nam-mau-den-hsm011000den
1071861188,Giày Thể Thao Biti's Hunter Running Nam Màu Trắng HSM011000TRG,1365000,HUNTER,Giày Chạy Bộ,"top,newhunter,Running Nam,kho:online,Hunter,Hunterrunningnam,HunterSneaker,NAM,Giày nam,Giày,Hunter Nam,Giày Hunter,Giày dép nam,Giày dép Hunter",Available,6,https://cdn.hstatic.net/products/1000230642/hsm011000trg__6__f9272ee54d8b400bba8fb6effa703319.jpg,https://bitis.com.vn/products/giay-the-thao-biti-s-hunter-running-nam-mau-trang-hsm011000trg
1071860515,Giày Thể Thao Biti's Hunter Running Nam Màu Xanh Lá Cây HSM011000XLC,1365000,HUNTER,Giày Chạy Bộ,"kho:online,Hunterrunningnam,top,Hunter,newhunter,Running Nam,HunterSneaker,NAM,Giày nam,Giày,Hunter Nam,Giày Hunter,Giày dép nam,Giày dép Hunter",Available,6,https://cdn.hstatic.net/products/1000230642/hsm011000xlc__2__0b064e51311b421ab948007ebdc8c84c.jpg,https://bitis.com.vn/products/giay-the-thao-biti-s-hunter-running-nam-mau-xanh-la-cay-hsm011000xlc
1071859572,Giày Thể Thao Biti's Hunter EZ Lift Nam Màu Kem HSM012002KEM,1355000,HUNTER,Giày Thể Thao,"Hunter,kho:online,newhunter,top,Huntersneaker,Huntersneakernam,HunterSneakerNu,NAM,Giày nam,Giày,Hunter Nam,Giày Hunter,Giày dép nam,Giày dép Hunter",Available,6,https://cdn.hstatic.net/products/1000230642/hsm012002kem__2__c4a2de95cfb046f4a102122781551a88.jpg,https://bitis.com.vn/products/giay-the-thao-biti-s-hunter-easy-fit-nam-mau-kem-hsm012002kem
1071856625,Giày Thể Thao Biti's Hunter Nam Màu Xám HSM012200XAM,1355000,HUNTER,Giày Thể Thao,"top,kho:online,Huntersneaker,newhunter,Easyfit,Hunter,Huntersneakernam,NAM,Giày nam,Giày,Hunter Nam,Giày Hunter,Giày dép nam,Giày dép Hunter",Available,6,https://cdn.hstatic.net/products/1000230642/hsm012200xam__2__fd27c82aebe2455491718da3f5b7c402.jpg,https://bitis.com.vn/products/giay-the-thao-biti-s-hunter-easy-fit-nam-mau-xam-hsm012200xam
1071856536,Giày Thể Thao Biti's Hunter Nam Màu Trắng HSM012801TRG,840000,HUNTER,Giày Thể Thao,"Huntersneaker,Hunter,Huntersneakernam,kho:online,newhunter,top,NAM,Giày nam,Giày,Hunter Nam,Giày Hunter,Giày dép nam,Giày dép Hunter",Available,6,https://cdn.hstatic.net/products/1000230642/hsm012801trg__7__5f55101574034ef183385c7642fbe96b.jpg,https://bitis.com.vn/products/giay-the-thao-biti-s-hunter-nam-mau-trang-hsm012801trg
1071854496,Giày Thể Thao Biti's Hunter Litebound Nữ Màu Hồng HSW010700HOG,1235000,HUNTER,Giày Thể Thao,"top,Huntersneakernu,Hunter,Huntersneaker,kho:online,Litebound,newhunter,NỮ,Giày nữ,Giày,Giày Hunter,Giày dép nữ,Giày dép Hunter,Đã bán:1048",Available,4,https://cdn.hstatic.net/products/1000230642/hsw010700hog__6__913896dba0e74574bb5d04826f103a7f.jpg,https://bitis.com.vn/products/giay-the-thao-biti-s-hunter-litebound-nu-mau-hong-hsw010700hog
1071854492,Giày Thể Thao Biti's Hunter Litebound Nữ Màu Trắng HSW010700TRG,1235000,HUNTER,Giày Thể Thao,"Hunter,Litebound,newhunter,Huntersneaker,kho:online,top,Huntersneakernu,NỮ,best seller,Giày nữ,Giày,Giày Hunter,Giày dép nữ,Giày dép Hunter,Đã bán:1078",Available,4,https://cdn.hstatic.net/products/1000230642/hsw010700trg__7__e38a834ab8c2462ca4f561746af8f674.jpg,https://bitis.com.vn/products/giay-the-thao-biti-s-hunter-litebound-nu-mau-trang-hsw010700trg
1071854479,Giày Thể Thao Biti's Hunter EZ Lift Nữ Màu Hồng Lợt HSW012000HOL,1325000,HUNTER,Giày Thể Thao,"Easyfit,Huntersneakernu,top,kho:online,Hunter,Huntersneaker,newhunter,NỮ,Giày nữ,Giày,Giày Hunter,Giày dép nữ,Giày dép Hunter",Available,4,https://cdn.hstatic.net/products/1000230642/hsw012000hol__2__62889a9103024412a5d56a7e4d653820.jpg,https://bitis.com.vn/products/giay-the-thao-biti-s-hunter-easy-fit-nu-mau-hong-lot-hsw012000hol
1071854447,Giày Thể Thao Biti's Hunter Nữ Màu Trắng HSW012801TRG,810000,HUNTER,Giày Thể Thao,"newhunter,Huntersneakernu,kho:online,Huntersneaker,Hunter,NỮ,Giày nữ,Giày,Giày Hunter,Giày dép nữ,Giày dép Hunter,Đã bán:1007",Available,5,https://cdn.hstatic.net/products/1000230642/hsw012801trg__7__094c8659189449668995901858bcc882.jpg,https://bitis.com.vn/products/giay-the-thao-biti-s-hunter-nu-mau-trang-hsw012801trg
1071854439,Giày Thể Thao Biti's Hunter Nữ Màu Hồng HSW012800HOG,810000,HUNTER,Giày Thể Thao,"kho:online,top,Hunter,BST New,Huntersneakernu,Huntersneaker,NỮ,Giày nữ,Giày,Giày Hunter,Giày dép nữ,Giày dép Hunter",Available,5,https://cdn.hstatic.net/products/1000230642/hsw012800hog__7__315e05dcaf404a31884244a716a44c8e.jpg,https://bitis.com.vn/products/giay-the-thao-biti-s-hunter-nu-mau-hong-hsw012800hog
1071854350,Giày Thể Thao Biti's Hunter Nữ Màu Tím Lợt HSW013100TIL,805000,HUNTER,Giày Thể Thao,"top,Hunter,BST New,Huntersneaker,Huntersneakernu,kho:online,newhunter,NỮ,Giày nữ,Giày,Hunter Street,Giày dép nữ,Giày dép Hunter",Available,4,https://cdn.hstatic.net/products/1000230642/hsw013100til__3__e3c58e3e954d4c7d94ade24b72f6b359.jpg,https://bitis.com.vn/products/giay-the-thao-biti-s-hunter-nu-mau-tim-lot-hsw013100til-1
1071854339,Giày Thể Thao Biti's Hunter Nữ Màu Nâu HSW013100NAU,805000,HUNTER,Giày Thể Thao,"BST New,kho:online,Hunter,Huntersneakernu,newhunter,Huntersneaker,top,NỮ,Giày nữ,Giày,Hunter Street,Giày dép nữ,Giày dép Hunter",Available,4,https://cdn.hstatic.net/products/1000230642/hsw013100nau__3__63342e99b30545f2ada0b7c3e529202d.jpg,https://bitis.com.vn/products/giay-the-thao-biti-s-hunter-nu-mau-nau-hsw013100nau-1
1071854329,Giày Thể Thao Biti's Hunter Nữ Màu Trắng HSW013400TRG,1025000,HUNTER,Giày Thể Thao,"Huntersneaker,kho:online,newhunter,Hunter,Huntersneakernu,NỮ,khongdoitra,Giày nữ,Giày,Giày Hunter,Giày dép nữ,Giày dép Hunter",Available,5,https://cdn.hstatic.net/products/1000230642/hsw013400trg__1__fabc49f87da643f0bce44a4ee3144577.jpg,https://bitis.com.vn/products/giay-the-thao-biti-s-hunter-nu-mau-trang-hsw013400trg
1071854320,Giày Thể Thao Biti's Hunter Nữ Màu Xanh Lá Cây HSW013400XLC,1025000,HUNTER,Giày Thể Thao,"Huntersneakernu,kho:online,Hunter,newhunter,Huntersneaker,NỮ,khongdoitra,Giày nữ,Giày,Giày Hunter,Giày dép nữ,Giày dép Hunter",Available,5,https://cdn.hstatic.net/products/1000230642/hsw013400xlc__7__88da01754cd24e2db59e994278f55f82.jpg,https://bitis.com.vn/products/giay-the-thao-biti-s-hunter-nu-mau-xanh-la-cay-hsw013400xlc
1071777485,Giày Thể Thao Biti's Êmbrace Nữ Màu Đen BSW005300DEN,620000,Êmbrace,Giày Thể Thao,"kho:online,Êmbrace,NỮ,Giày nữ,Giày,Giày dép nữ",Available,6,https://cdn.hstatic.net/products/1000230642/bsw005300den__7__f5795a45f803404492d64a668b1e7e30.jpg,https://bitis.com.vn/products/giay-the-thao-biti-s-embrace-nu-mau-den-bsw005300den
1071777213,Giày Tây Biti's Nam Màu Đen BVM003377DEN,845000,Biti's,Giày Tây,"kho:online,NAM,Giày nam,Giày,Giày dép nam",Available,6,https://cdn.hstatic.net/products/1000230642/bvm003377den__1__ec5a451a8868490e8f614064e12fe853.jpg,https://bitis.com.vn/products/giay-tay-biti-s-nam-mau-den-bvm003377den
1071776363,Dép Xốp Biti's Nữ Màu Kem BXW012100KEM,205000,Biti's,Dép Thông Dụng,"kho:online,NỮ,khongdoitra,Depnu,Dép nữ,Dép,Giày dép nữ",Available,5,https://cdn.hstatic.net/products/1000230642/bxw012100kem__3__e3226ed174994ac6bd71ad3456f617f5.jpg,https://bitis.com.vn/products/dep-xop-biti-s-nu-mau-kem-bxw012100kem
1071776002,Dép Xốp Biti's Nữ Màu Đỏ BXW012100DOO,205000,Biti's,Dép Thông Dụng,"kho:online,NỮ,khongdoitra,Depnu,Dép nữ,Dép,Giày dép nữ",Available,5,https://cdn.hstatic.net/products/1000230642/bxw012100doo__3__bee26f36ba9d4bce8cc9a731b40f0d5f.jpg,https://bitis.com.vn/products/dep-xop-biti-s-nu-mau-do-bxw012100doo
1071774395,Dép Xốp Biti's Nữ Màu Đen BXW012100DEN,205000,Biti's,Dép Thông Dụng,"kho:online,NỮ,khongdoitra,Depnu,Dép nữ,Dép,Giày dép nữ",Available,5,https://cdn.hstatic.net/products/1000230642/bxw012100den__3__96c88ef2b22542ae967074bb34692a93.jpg,https://bitis.com.vn/products/dep-xop-biti-s-nu-mau-den-bxw012100den
1071774002,Dép Xốp Biti's Nữ Màu Đỏ Đậm BXW016700DOD,300000,Biti's,Dép Thông Dụng,"kho:online,khongdoitra,NỮ,Depnu,Dép nữ,Dép,Giày dép nữ",Available,5,https://cdn.hstatic.net/products/1000230642/bxw016700dod__3__dcad0705dcd34cf2ad022a579c08cde5.jpg,https://bitis.com.vn/products/dep-xop-biti-s-nu-mau-do-dam-bxw016700dod
1071773646,Dép Xốp Biti's Nữ Màu Đen BXW016700DEN,300000,Biti's,Dép Thông Dụng,"kho:online,NỮ,Depnu,Dép nữ,Dép,Giày dép nữ",Available,5,https://cdn.hstatic.net/products/1000230642/bxw016700den__3__0008704d06794fc9886b2a75dbfb5978.jpg,https://bitis.com.vn/products/dep-xop-biti-s-nu-mau-den-bxw016700den
1071773393,Túi Xách Gosto Nữ Màu Đen GBSW10200DEN,1265000,Gosto,Túi Xách,"Tuixach,Phukien,kho:online,NỮ,khongdoitra,Gosto,Phụ kiện nữ,Phụ kiện,Phụ kiện Gosto",Available,1,https://cdn.hstatic.net/products/1000230642/gbsw10200den__3__a5d43009bfff4bc8b02cfedcc70faff0.jpg,https://bitis.com.vn/products/tui-xach-gosto-nu-mau-den-gbsw10200den
1071773249,Túi Xách Gosto Nữ Màu Xanh Mint GBTW01300XLC,745000,Gosto,Túi Xách,"Tuixach,kho:online,Phukien,NỮ,khongdoitra,Gosto,Phụ kiện nữ,Phụ kiện,Phụ kiện Gosto",Available,1,https://cdn.hstatic.net/products/1000230642/gbtw01300xlc__2__12a778b143e3486a8684b92748d9984b.jpg,https://bitis.com.vn/products/tui-xach-gosto-nu-mau-xanh-mint-gbtw01300xlc
1071773215,Túi Xách Gosto Nữ Màu Kem GBTW01300KEM,745000,Gosto,Túi Xách,"Tuixach,kho:online,Phukien,NỮ,khongdoitra,Gosto,Phụ kiện nữ,Phụ kiện,Phụ kiện Gosto",Available,1,https://cdn.hstatic.net/products/1000230642/gbtw01300kem__3__e561f2100dfb47d8b0ed91c54d322105.jpg,https://bitis.com.vn/products/tui-xach-gosto-nu-mau-kem-gbtw01300kem
1071773034,Túi Xách Gosto Nữ Màu Xanh Mint GBTW01301XLC,845000,Gosto,Túi Xách,"kho:online,Tuixach,Phukien,NỮ,khongdoitra,Gosto,Phụ kiện nữ,Phụ kiện,Phụ kiện Gosto",Available,1,https://cdn.hstatic.net/products/1000230642/gbtw01301xlc__2__01e3415baeaf498fba04a132dbe95bdb.jpg,https://bitis.com.vn/products/tui-xach-gosto-nu-mau-xanh-mint-gbtw01301xlc
1071772909,Giày Thể Thao Biti's Hunter Bé Trai Màu Xanh Lá Đậm HSB000902XLD,715000,HUNTER,Giày Thể Thao,"kho:online,Hunter Junior,BÉ TRAI,TRẺ EM,Giày dép,Giày trẻ em,Giày,Giày dép trẻ em,Giày dép Hunter",Available,4,https://cdn.hstatic.net/products/1000230642/hsb000902xld__4__d7f378cbd3c047c6bfdb76296fad40ad.jpg,https://bitis.com.vn/products/giay-the-thao-biti-s-hunter-be-trai-mau-xanh-la-dam-hsb000902xld
1071772733,Giày Thể Thao Biti's Hunter Trẻ Em Màu Xanh Nhớt HSB000903XNH,715000,HUNTER,Giày Thể Thao,"kho:online,Hunter Junior,Giày dép,Giày Hunter,Giày trẻ em,TRẺ EM,BÉ TRAI,Giày dép trẻ em,Giày dép Hunter",Available,4,https://cdn.hstatic.net/products/1000230642/hsb000903xnh__4__2afbe51a7ab548dca28911e74175248e.jpg,https://bitis.com.vn/products/giay-the-thao-biti-s-hunter-tre-em-mau-xanh-nhot-hsb000903xnh
1071772506,Giày Thể Thao Biti's Hunter Trẻ Em Màu Đen HSB000904DEN,660000,HUNTER,Giày Thể Thao,"Hunter Junior,kho:online,Giày dép,Giày Hunter,Giày dép Hunter",Available,7,https://cdn.hstatic.net/products/1000230642/hsb000904den__4__2d4d21fd84984ea89bdfe90c367f74bd.jpg,https://bitis.com.vn/products/giay-the-thao-biti-s-hunter-tre-em-mau-den-hsb000904den
1071772374,Giày Thể Thao Biti's Hunter Bé Gái Màu Tím Đậm HSG000902TID,715000,HUNTER,Giày Thể Thao,"Hunter Junior,kho:online,TRẺ EM,Giày dép,khongdoitra,Giày trẻ em,Giày,BÉ GÁI,Giày dép trẻ em,Giày dép Hunter",Available,4,https://cdn.hstatic.net/products/1000230642/hsg000902tid__1__3089d322235f49acaf349af341d14822.jpg,https://bitis.com.vn/products/giay-the-thao-biti-s-hunter-be-gai-mau-tim-dam-hsg000902tid
1071770556,Giày Thể Thao Biti's Hunter Bé Gái Màu Trắng HSG000902TRG,715000,HUNTER,Giày Thể Thao,"kho:online,Hunter Junior,TRẺ EM,Giày dép,khongdoitra,Giày trẻ em,Giày,BÉ GÁI,Giày dép trẻ em,Giày dép Hunter",Available,4,https://cdn.hstatic.net/products/1000230642/hsg000902trg__6__0523dc5d064e4186ba45c523748eb9fa.jpg,https://bitis.com.vn/products/giay-the-thao-biti-s-hunter-be-gai-mau-trang-hsg000902trg
1071770374,Giày Thể Thao Biti's Hunter Litebound Nam Màu Xanh Nhớt HSM010700XNH,1335000,HUNTER,Giày Thể Thao,"BST New,top,kho:online,Hunter,Litebound,newhunter,Huntersneaker,Huntersneakernam,NAM,Giày nam,Giày,Hunter Nam,Giày Hunter,Giày dép nam,Giày dép Hunter,Đã bán:1351",Available,5,https://cdn.hstatic.net/products/1000230642/hsm010700xnh__6__1857bbf7e6c64c3a9b51eb0d8b852d91.jpg,https://bitis.com.vn/products/giay-the-thao-biti-s-hunter-litebound-nam-mau-xanh-nhot-hsm010700xnh
1071770209,Giày Thể Thao Biti's Hunter EZ Lift Nam Màu Đen HSM012000DEN,1355000,HUNTER,Giày Thể Thao,"kho:online,Huntersneaker,newhunter,BST New,Huntersneakernam,top,Hunter,Easyfit,NAM,Giày nam,Giày,Hunter Nam,Giày Hunter,Giày dép nam,Giày dép Hunter",Available,6,https://cdn.hstatic.net/products/1000230642/hsm012000den__6__2b8f4f7115dc4be5b8770ee4e5430c98.jpg,https://bitis.com.vn/products/giay-the-thao-biti-s-hunter-easy-fit-nam-mau-den-hsm012000den
1071764104,Dép Xốp Biti's Nữ Màu Xanh Nhớt BXW027100XNH,230000,Biti's,Dép Thông Dụng,"kho:online,NỮ,Depnu,Dép nữ,Dép,Giày dép nữ",Available,5,https://cdn.hstatic.net/products/1000230642/bxw027100xnh__3__14a518448c54468fb67544ac16545450.jpg,https://bitis.com.vn/products/dep-xop-biti-s-nu-mau-xanh-nhot-bxw027100xnh
1071763910,Dép Xốp Biti's Nữ Màu Đỏ Đậm BXW027100DOD,230000,Biti's,Dép Thông Dụng,"kho:online,NỮ,Depnu,Dép nữ,Dép,Giày dép nữ",Available,5,https://cdn.hstatic.net/products/1000230642/bxw027100dod__3__12805b31319e47448fc25ccaa908dbd9.jpg,https://bitis.com.vn/products/dep-xop-biti-s-nu-mau-do-dam-bxw027100dod
1071763797,Dép Xốp Biti's Nữ Màu Đen BXW027100DEN,230000,Biti's,Dép Thông Dụng,"kho:online,NỮ,Depnu,Dép nữ,Dép,Giày dép nữ",Available,5,https://cdn.hstatic.net/products/1000230642/bxw027100den__2__4ac07b616c6b4c178463b7edbe272639.jpg,https://bitis.com.vn/products/dep-xop-biti-s-nu-mau-den-bxw027100den
1071763672,Dép Biti's Nữ Màu Nâu BYW000800NAU,425000,Biti's,Sandal Thời Trang,"kho:online,khongdoitra,NỮ,Sandalnu,Giày dép nữ",Available,6,https://cdn.hstatic.net/products/1000230642/byw000800nau__3__8473bcfe263841f894b5573a8e192b6a.jpg,https://bitis.com.vn/products/dep-biti-s-nu-mau-nau-byw000800nau
1071763546,Dép Biti's Nữ Màu Kem BYW000800KEM,425000,Biti's,Sandal Thời Trang,"kho:online,NỮ,khongdoitra,Sandalnu,Giày dép nữ",Available,6,https://cdn.hstatic.net/products/1000230642/byw000800kem__3__94e83936987c485e9e2d7a8c90fc0722.jpg,https://bitis.com.vn/products/dep-biti-s-nu-mau-kem-byw000800kem
1071763458,Dép Biti's Nữ Màu Đen BYW000800DEN,425000,Biti's,Sandal Thời Trang,"kho:online,NỮ,khongdoitra,Sandalnu,Giày dép nữ",Available,6,https://cdn.hstatic.net/products/1000230642/byw000800den__3__2d3d001bc92c41e3a2151abd3e8fd60a.jpg,https://bitis.com.vn/products/dep-biti-s-nu-mau-den-byw000800den
1071763023,Giày Chạy Bộ Biti's Hunter Running Nữ Màu Trắng HSW011000TRG,1335000,HUNTER,Giày Chạy Bộ,"kho:online,newhunter,Hunter,BST New,top,Huntersneakernu,Huntersneaker,Hunterrunningnu,NỮ,Giày nữ,Giày,Giày Hunter,Giày dép nữ,Giày dép Hunter",Available,5,https://cdn.hstatic.net/products/1000230642/hsw011000trg__6__212ac95c5bfd4beca77c9de58a002e5b.jpg,https://bitis.com.vn/products/giay-chay-bo-biti-s-hunter-running-nu-mau-trang-hsw011000trg
1071761963,Giày Thể Thao Biti's Hunter Lunar Dash Nữ Màu Đỏ HSW012900DOO,1035000,HUNTER,Giày Thể Thao,"Hunter,kho:online,Huntersneaker,khongdoitra,NAM,Huntersneakernam,Giày nam,Giày,Hunter Street Nam,Hunter Street,Giày dép nam,Giày dép Hunter",Available,5,https://cdn.hstatic.net/products/1000230642/hsw012900__2__9cc803cad5e6487caff406b93724597f.jpg,https://bitis.com.vn/products/giay-the-thao-biti-s-hunter-lunar-dash-nu-mau-do-hsw012900doo
1071761907,Giày Thể Thao Biti's Hunter Lunar Dash Nam Màu Đỏ HSM012900DOO,1065000,HUNTER,Giày Thể Thao,"kho:online,Huntersneakernam,Hunter,Huntersneaker,NAM,khongdoitra,Giày nam,Giày,Hunter Street Nam,Hunter Street,Giày dép nam,Giày dép Hunter",Available,6,https://cdn.hstatic.net/products/1000230642/hsm012900doo__2__aec1ce579f354abb991ee18eca11f6e6.jpg,https://bitis.com.vn/products/giay-the-thao-biti-s-hunter-lunar-dash-nam-mau-do-hsm012900doo
1071750298,Combo 2 Đôi Vớ Biti's Nữ Màu Xanh Dương ASWG00240XDG,65000,Biti's,Vớ,"Vo,kho:online,NỮ,Phụ kiện nữ,Phụ kiện",Available,1,https://cdn.hstatic.net/products/1000230642/aswg00240xdg__1__4ae64828a942439cb27f5a0c048ffe7a.jpg,https://bitis.com.vn/products/combo-2-doi-vo-biti-s-nu-mau-xanh-duong-aswg00240xdg
1071750150,Combo 2 Đôi Vớ Biti's Nữ Màu Kem ASWG00240KEM,65000,Biti's,Vớ,"kho:online,Vo,NỮ,Phụ kiện nữ,Phụ kiện",Available,1,https://cdn.hstatic.net/products/1000230642/aswg00240kem__5__a466151144e641aeb85a84997049b450.jpg,https://bitis.com.vn/products/combo-2-doi-vo-biti-s-nu-mau-kem-aswg00240kem
1071750010,Vớ Biti's Sợi Da Bò Nam Màu Xám ASMG00250XAM,168000,Biti's,Vớ,"Vo,kho:online,NAM,NỮ,Phụ kiện nam,Phụ kiện nữ,Phụ kiện",Available,1,https://cdn.hstatic.net/products/1000230642/asmg00250xam__1__8ee72681ca674583b5577d1460f99c4e.jpg,https://bitis.com.vn/products/vo-biti-s-soi-da-bo-nam-mau-xam-asmg00250xam
1071749815,Giày Đi Bộ Biti's Hunter Jogging Nam Màu Xám HSM007200XAM,815000,HUNTER,Giày Thể Thao,"newhunter,Hunterjoggingnam,Hunter,kho:online,NAM,Huntersneaker,Huntersneakernam,khongdoitra,Giày nam,Giày,Hunter Nam,Giày Hunter,Giày dép nam,Giày dép Hunter,Đã bán:1223",Available,7,https://cdn.hstatic.net/products/1000230642/hsm007200xam__6__e2b603c368c1469eb75e5e90b17e0d04.jpg,https://bitis.com.vn/products/giay-di-bo-biti-s-hunter-jogging-nam-mau-xam-hsm007200xam
1071749468,Giày Búp Bê Biti's Hunter Aura Nữ Màu Hồng HBW000300HOG,825000,HUNTER,Giày Thể Thao,"BST New,Huntersneaker,kho:online,newhunter,Huntersneakernu,Hunter,NỮ,Giày nữ,Giày,Hunter Street,Giày dép nữ,Giày dép Hunter,Đã bán:5492",Available,6,https://cdn.hstatic.net/products/1000230642/hbw000300hog__6__1a07ee51902f483f8b49c30508167f26.jpg,https://bitis.com.vn/products/giay-bup-be-biti-s-hunter-aura-nu-mau-hong-hbw000300hog
1071749090,Giày Búp Bê Biti's Hunter Aura Nữ Màu Xanh Dương HBW000300XDG,825000,HUNTER,Giày Thể Thao,"BST New,newhunter,Huntersneaker,top,kho:online,Huntersneakernu,Hunter,NỮ,best seller,Giày nữ,Giày,Hunter Street,Giày dép nữ,Giày dép Hunter,Đã bán:2059",Available,6,https://cdn.hstatic.net/products/1000230642/hbw000300xdg__6__b47aa394735343189c9d7554ee4af503.jpg,https://bitis.com.vn/products/giay-bup-be-biti-s-hunter-aura-nu-mau-xanh-duong-hbw000300xdg
1071748608,Sandal Biti's Bé Gái Màu Trắng BTG001800TRG,285000,Biti's,Sandal Thông Dụng,"kho:online,khongdoitra,TRẺ EM,Giày dép,Sandal,BÉ GÁI,Sandal trẻ em,Giày dép trẻ em",Available,6,https://cdn.hstatic.net/products/1000230642/btg001800trg__6__4045f51f74f6487fb83c9d1ffd92a564.jpg,https://bitis.com.vn/products/sandal-biti-s-be-gai-mau-trang-btg001800trg
1071748065,Sandal Biti's Bé Gái Màu Hồng BTG001800HOG,285000,Biti's,Sandal Thông Dụng,"kho:online,TRẺ EM,Giày dép,khongdoitra,Sandal,BÉ GÁI,Sandal trẻ em,Giày dép trẻ em",Available,6,https://cdn.hstatic.net/products/1000230642/btg001800hog__6__7310d151acb948b4aa8bd47e7727c0ec.jpg,https://bitis.com.vn/products/sandal-biti-s-be-gai-mau-hong-btg001800hog
1071678472,Giày Búp Bê Biti's Hunter Aura Nữ Màu Kem HBW000300KEM,825000,HUNTER,Giày Thể Thao,"kho:online,Huntersneaker,Hunter,Huntersneakernu,BST New,newhunter,NỮ,best seller,Giày nữ,Giày,Hunter Street,Giày dép nữ,Giày dép Hunter,Đã bán:7485",Available,6,https://cdn.hstatic.net/products/1000230642/hbw000300kem__6__42990b10d03d495cae72eb0935144c6d.jpg,https://bitis.com.vn/products/giay-bup-be-biti-s-hunter-nu-mau-kem-hbw000300
1071657155,Dép Eva Biti's Bé Gái Màu Xanh Dương BEG007001XDG,270000,Biti's,Dép Thông Dụng,"kho:online,TRẺ EM,Giày dép,Dép,BÉ GÁI,Giày dép trẻ em",Available,6,https://cdn.hstatic.net/products/1000230642/beg007001xdg__8__ecdaf75b7ae3442ab18898649c607925.jpg,https://bitis.com.vn/products/dep-eva-biti-s-be-gai-mau-xanh-duong-beg007001xdg
1071656606,Dép Eva Biti's Bé Gái Màu Trắng BEG007001TRG,270000,Biti's,Dép Thông Dụng,"kho:online,TRẺ EM,Giày dép,Dép,BÉ GÁI,Giày dép trẻ em",Available,6,https://cdn.hstatic.net/products/1000230642/beg007001trg__5__b1b8c392b96046f0ac765d4fcdf27f55.jpg,https://bitis.com.vn/products/dep-eva-biti-s-be-gai-mau-trang-beg007001trg
1071656482,Dép Eva Biti's Bé Gái Màu Hồng BEG007001HOG,270000,Biti's,Dép Thông Dụng,"kho:online,TRẺ EM,Giày dép,Dép,BÉ GÁI,Giày dép trẻ em",Available,6,https://cdn.hstatic.net/products/1000230642/beg007001hog__6__2feaffed6f5f4438b460788941e25861.jpg,https://bitis.com.vn/products/dep-eva-biti-s-be-gai-mau-hong-beg007001hog
1071655908,Dép Eva Biti's Trẻ Em Màu Trắng BEG007000TRG,285000,Biti's,Dép Thông Dụng,"kho:online,Giày dép,Dép",Available,9,https://cdn.hstatic.net/products/1000230642/beg007001trg__6__1bd5f593c7ab4e0a9025657fe1a4e527.jpg,https://bitis.com.vn/products/dep-eva-biti-s-tre-em-mau-trang-beg007000trg
1071655401,Dép Eva Biti's Bé Gái Màu Tím Lợt BEG007000TIL,285000,Biti's,Dép Thông Dụng,"kho:online,TRẺ EM,Giày dép,Dép,BÉ GÁI,Giày dép trẻ em",Available,9,https://cdn.hstatic.net/products/1000230642/beg007000til__6__a68b8a99fa8d442ca492188c22a78c75.jpg,https://bitis.com.vn/products/dep-eva-biti-s-be-gai-mau-tim-lot-beg007000til
1071654585,Dép Eva Biti's Trẻ Em Màu Kem BEG007000KEM,285000,Biti's,Dép Thông Dụng,"kho:online,Giày dép,Dép",Available,9,https://cdn.hstatic.net/products/1000230642/beg007000kem__6__1c1a98e35bc649f0881389e0e523304a.jpg,https://bitis.com.vn/products/dep-eva-biti-s-tre-em-mau-kem-beg007000kem
1071652302,Giày Thể Thao Biti's Êmbrace Nữ Màu Trắng BSW003001TRG,620000,Êmbrace,Giày Thể Thao,"Êmbrace,kho:online,NỮ,Giày nữ,Giày,Giày dép nữ",Available,6,https://cdn.hstatic.net/products/1000230642/bsw003001trg__8__2602022ac63040ecbeb3613810c149cf.jpg,https://bitis.com.vn/products/giay-the-thao-biti-s-embrace-nu-mau-trang-bsw003001trg
1071651068,Sandal Biti's Nữ Màu Xám BPW006800XAM,400000,Biti's,Sandal Thông Dụng,"kho:online,NỮ,khongdoitra,Sandalnu,Giày dép nữ",Available,6,https://cdn.hstatic.net/products/1000230642/bpw006800xam__5__1b827f2f2dad498eb6ed8bf095c58cbb.jpg,https://bitis.com.vn/products/sandal-biti-s-nu-mau-xam-bpw006800xam
1071651016,Sandal Biti's Nữ Màu Hồng BPW006800HOG,400000,Biti's,Sandal Thông Dụng,"kho:online,khongdoitra,NỮ,Sandalnu,Giày dép nữ",Available,6,https://cdn.hstatic.net/products/1000230642/bpw006800hog__1__d513f6a612db44388327985322a06fca.jpg,https://bitis.com.vn/products/sandal-biti-s-nu-mau-hong-bpw006800hog
1071650858,Sandal Biti's Nữ Màu Đen BPW006800DEN,400000,Biti's,Sandal Thông Dụng,"kho:online,NỮ,khongdoitra,Sandalnu,Giày dép nữ",Available,6,https://cdn.hstatic.net/products/1000230642/bpw006800den__6__1f1bf47ce60b46c0b08708cc8ac51b33.jpg,https://bitis.com.vn/products/sandal-biti-s-nu-mau-den-bpw006800den
1071606652,Sandal Biti's Disney Bé Gái Màu Xanh Dương BEG000897XDG,445000,Biti's,Sandal Thông Dụng,"kho:online,TRẺ EM,Giày dép,Sandal,BÉ GÁI,Sandal trẻ em,Giày dép trẻ em",Available,5,https://cdn.hstatic.net/products/1000230642/beg000897xdg__3__215b12965221444dae9e82c9805fde70.jpg,https://bitis.com.vn/products/sandal-biti-s-diney-be-gai-mau-xanh-duong-beg000897xdg
1071604296,Giày Bít Cao Gót Biti's Mary Jane Nữ Màu Đen BFW007188DEN,495000,Biti's,Giày Thời Trang,"kho:online,NỮ,khongdoitra,Giày nữ,Giày,Giày dép nữ",Available,5,https://cdn.hstatic.net/products/1000230642/bfw007188den__4__dbdc0c3671964de4a88f4c1cb789f295.jpg,https://bitis.com.vn/products/giay-bit-cao-got-biti-s-mary-jane-nu-mau-den-bfw007188den
1071604244,Giày Bít Cao Gót Biti's Mary Jane Nữ Màu Trắng BFW007188TRG,495000,Biti's,Giày Thời Trang,"kho:online,NỮ,khongdoitra,Giày nữ,Giày,Giày dép nữ",Available,5,https://cdn.hstatic.net/products/1000230642/bfw007188trg__6__bd83a5a994a0422aa6c73f5a36478397.jpg,https://bitis.com.vn/products/giay-bit-cao-got-biti-s-mary-jane-nu-mau-trang-bfw007188trg
1071604216,Túi Xách Gosto Nữ Màu Đỏ GBSW10200DOO,1265000,Gosto,Túi Xách,"Tuixach,kho:online,Phukien,NỮ,khongdoitra,Gosto,Phụ kiện nữ,Phụ kiện,Phụ kiện Gosto",Available,1,https://cdn.hstatic.net/products/1000230642/gbsw10200doo__2__cb52f79e61534c958b5c6ecac0122110.jpg,https://bitis.com.vn/products/tui-xach-gosto-nu-mau-do-gbsw10200doo
1071604206,Giày Thể Thao Biti's Hunter Nam Màu Kem Lợt HSM013100KEL,835000,HUNTER,Giày Thể Thao,"kho:online,newhunter,top,BST New,Hunter,Huntersneakernam,Huntersneaker,NAM,Giày nam,Giày,Hunter Street Nam,Hunter Street,Giày dép nam,Giày dép Hunter",Available,6,https://cdn.hstatic.net/products/1000230642/hsm013100kel__3__4ddba19cf3c24074bfd3769d70a698bc.jpg,https://bitis.com.vn/products/giay-the-thao-biti-s-hunter-nam-mau-kem-lot-hsm013100kel
1071604197,Giày Thể Thao Biti's Hunter Nam Màu Nâu HSM013100NAU,835000,HUNTER,Giày Thể Thao,"BST New,kho:online,Hunter,Huntersneaker,newhunter,Huntersneakernam,NAM,Giày nam,Giày,Hunter Street Nam,Hunter Street,Giày dép nam,Giày dép Hunter",Available,6,https://cdn.hstatic.net/products/1000230642/hsm013100nau__3__25a87868541643598aea706b44b608fa.jpg,https://bitis.com.vn/products/giay-the-thao-biti-s-hunter-nam-mau-nau-hsm013100nau
1071601398,Giày Thể Thao Biti's Hunter Nam Màu Xanh Lá Cây HSM013100XLC,835000,HUNTER,Giày Thể Thao,"Hunter,newhunter,Huntersneaker,Huntersneakernam,kho:online,khongdoitra,NAM,Giày nam,Giày,Hunter Street Nam,Hunter Street,Giày dép nam,Giày dép Hunter",Available,6,https://cdn.hstatic.net/products/1000230642/hsm013100xlc__7__36eefe8204e440c28d1b7dfa0de17db7.jpg,https://bitis.com.vn/products/giay-the-thao-biti-s-hunter-nam-mau-xanh-la-cay-hsm013100xlc
1071599824,Giày Thể Thao Biti's Hunter Nam Màu Kem HSM013101KEM,835000,HUNTER,Giày Thể Thao,"kho:online,newhunter,Hunter,Huntersneaker,Huntersneakernam,NAM,khongdoitra,Giày nam,Giày,Hunter Street Nam,Hunter Street,Giày dép nam,Giày dép Hunter",Available,6,https://cdn.hstatic.net/products/1000230642/hsm013101kem__5__ee9d06b2fe4b447ebb425f62a224f1b1.jpg,https://bitis.com.vn/products/giay-the-thao-biti-s-hunter-nam-mau-kem-hsm013101kem
1071585065,Giày Thể Thao Biti's Hunter Nữ Màu Xanh Dương HSW011200XDG,895000,HUNTER,Giày Thể Thao,"Hunter,newhunter,Huntersneakernu,kho:online,Huntersneaker,NỮ,Giày nữ,Giày,Giày Hunter,Giày dép nữ,Giày dép Hunter",Available,5,https://cdn.hstatic.net/products/1000230642/hsw011200xdg__1__5f3655d34e0148fba493ca3118059167.jpg,https://bitis.com.vn/products/giay-the-thao-biti-s-hunter-nu-mau-xanh-duong-hsw011200xdg
1071584799,Giày Thể Thao Biti's Hunter Nữ Màu Xanh Lá Cây HSW013100XLC,805000,HUNTER,Giày Thể Thao,"newhunter,Huntersneakernu,Hunter,kho:online,Huntersneaker,NỮ,Giày nữ,Giày,Hunter Street,Giày dép nữ,Giày dép Hunter",Available,4,https://cdn.hstatic.net/products/1000230642/hsw013100xlc__7__ba810d9aca8f4427abf7cc385ae61d11.jpg,https://bitis.com.vn/products/giay-the-thao-biti-s-hunter-nu-mau-xanh-la-cay-hsw013100xlc
1071565545,Dép Xốp Biti's Nữ Màu Kem BXW014300KEM,195000,Biti's,Dép Thông Dụng,"kho:online,NỮ,Depnu,Dép nữ,Dép,Giày dép nữ",Available,6,https://cdn.hstatic.net/products/1000230642/bxw014300kem__3__bada88665e2d45e99ac7681e7c8eadfd.jpg,https://bitis.com.vn/products/dep-xop-biti-s-nu-mau-kem-bxw014300kem
1071565315,Dép Xốp Biti's Nữ Màu Đen BXW014300DEN,195000,Biti's,Dép Thông Dụng,"kho:online,NỮ,Depnu,Dép nữ,Dép,Giày dép nữ",Available,6,https://cdn.hstatic.net/products/1000230642/bxw014300den__3__483fcef5453e41119a5b8515498bd86a.jpg,https://bitis.com.vn/products/dep-xop-biti-s-nu-mau-den-bxw014300den
1071564998,Giày Thể Thao Biti's Bé Trai Màu Xanh Nhớt BSB009400XNH,630000,Biti's,Giày Thể Thao,"kho:online,BÉ TRAI,TRẺ EM,Giày dép,Giày trẻ em,Giày,Giày dép trẻ em",Available,9,https://cdn.hstatic.net/products/1000230642/bsb009400xnh__4__3351f700c2e843648d9b3947df97380e.jpg,https://bitis.com.vn/products/giay-the-thao-biti-s-be-trai-mau-xanh-nhot-bsb009400xnh
1071564867,Giày Thể Thao Biti's Trẻ Em Màu Trắng BSB009400TRG,630000,Biti's,Giày Thể Thao,"kho:online,Giày dép",Available,9,https://cdn.hstatic.net/products/1000230642/bsb009400trg__7__b36e08cb88b84337a7c70c32e24ba339.jpg,https://bitis.com.vn/products/giay-the-thao-biti-s-tre-em-mau-trang-bsb009400trg
1071564269,Dép Biti's Nam Màu Xanh Nhớt BEM003200XNH,178000,Biti's,Dép Thông Dụng,"kho:online,NAM,Dép nam,Dép,Giày dép nam,Đã bán:1974",Available,6,https://cdn.hstatic.net/products/1000230642/bem003200xnh__3__995cb256cc8045a283e57f5132586501.jpg,https://bitis.com.vn/products/dep-biti-s-nam-mau-xanh-nhot-bem003200xnh
1071560849,Dép Biti's Nam Màu Xám Đậm BEM003200XAD,178000,Biti's,Dép Thông Dụng,"kho:online,NAM,Dép nam,Dép,Giày dép nam,Đã bán:1967",Available,6,https://cdn.hstatic.net/products/1000230642/bem003200xad__3__a31bc1b95cb74296bde0da1e8c100274.jpg,https://bitis.com.vn/products/dep-biti-s-nam-mau-xam-dam-bem003200xad
1071557519,Dép Biti's Nam Màu Nâu Đậm BEM003200NAD,178000,Biti's,Dép Thông Dụng,"kho:online,NAM,Dép nam,Dép,Giày dép nam",Available,6,https://cdn.hstatic.net/products/1000230642/bem003200nad__3__374ea34bf86f47a6b46d56e2225c65a0.jpg,https://bitis.com.vn/products/dep-biti-s-nam-mau-nau-dam-bem003200nad
1071551149,Giày Búp Bê Biti's Nữ Màu Kem BBW004088KEM,435000,Biti's,Giày Búp Bê,"kho:online,NỮ,khongdoitra,Giày nữ,Giày,Giày dép nữ",Available,5,https://cdn.hstatic.net/products/1000230642/bbw004088kem__4__af79b6355d634d618546f895a4438588.jpg,https://bitis.com.vn/products/giay-bup-be-biti-s-nu-mau-kem-bbw004088kem
1071551052,Giày Búp Bê Biti's Nữ Màu Đen BBW004088DEN,435000,Biti's,Giày Búp Bê,"kho:online,NỮ,khongdoitra,Giày nữ,Giày,Giày dép nữ",Available,5,https://cdn.hstatic.net/products/1000230642/bbw004088den__4__1148bf02a37b4ccb88ea10a53feade82.jpg,https://bitis.com.vn/products/giay-bup-be-biti-s-nu-mau-den-bbw004088den
1071550831,Giày Bít Biti's Nữ Màu Nâu BBW003888NAU,465000,Biti's,Giày Búp Bê,"kho:online,NỮ,khongdoitra,Giày nữ,Giày,Giày dép nữ",Available,6,https://cdn.hstatic.net/products/1000230642/bbw003888nau__4__60b75002b5b84e85abd9abae2e8ef914.jpg,https://bitis.com.vn/products/giay-bit-biti-s-nu-mau-nau-bbw003888nau
1071550326,Giày Bít Biti's Nữ Màu Đen BBW003888DEN,465000,Biti's,Giày Búp Bê,"kho:online,khongdoitra,NỮ,Giày nữ,Giày,Giày dép nữ",Available,6,https://cdn.hstatic.net/products/1000230642/bbw003888den__4__bcd4a5d0032f454b85efa4bacc68b222.jpg,https://bitis.com.vn/products/giay-bit-biti-s-nu-mau-den-bbw003888den
1071549621,Túi Đeo Chéo Biti's Bé Gái Màu Hồng BBSG00300HOG,168000,Biti's,Túi Đeo,"kho:online,Phukien,Tuitreem,TRẺ EM,Phụ kiện trẻ em,Phụ kiện,BÉ GÁI",Available,1,https://cdn.hstatic.net/products/1000230642/bbsg00300hog__2__0cc9b8e7a85849ebaee0b1a4f64ed54f.jpg,https://bitis.com.vn/products/tui-deo-cheo-biti-s-be-gai-mau-hong-bbsg00300hog
1071548032,Dép Xốp Biti's Nữ Màu Đen BXW014000DEN,189000,Biti's,Dép Thông Dụng,"kho:online,NỮ,khongdoitra,Depnu,Dép nữ,Dép,Giày dép nữ",Available,5,https://cdn.hstatic.net/products/1000230642/bxw014000den__6__885a20f73e4f46edbf68b6ca92b38596.jpg,https://bitis.com.vn/products/dep-xop-biti-s-nu-mau-den-bxw014000den
1071542887,Sandal Thời Trang Biti's Nữ Màu Đồng BPW006188DOG,495000,Biti's,Sandal Thời Trang,"kho:online,NỮ,khongdoitra,Sandalnu,Giày dép nữ",Available,5,https://cdn.hstatic.net/products/1000230642/bpw006188dog__6__055e279b7bc1497fbd23f232c3a0df5d.jpg,https://bitis.com.vn/products/sandal-thoi-trang-biti-s-nu-mau-dong-bpw006188dog
1071542788,Sandal Thời Trang Biti's Nữ Màu Đen BPW006188DEN,495000,Biti's,Sandal Thời Trang,"kho:online,NỮ,khongdoitra,Sandalnu,Giày dép nữ",Available,5,https://cdn.hstatic.net/products/1000230642/bpw006188den__6__b5cd50b43bc54455a11e494e890a6374.jpg,https://bitis.com.vn/products/sandal-thoi-trang-biti-s-nu-mau-den-bpw006188den
1071537755,Túi Đeo Chéo Biti's Bé Gái Màu Hồng BBSG00200HOG,185000,Biti's,Túi Đeo,"kho:online,Phukien,Tuitreem,TRẺ EM,Phụ kiện trẻ em,Phụ kiện,BÉ GÁI",Available,1,https://cdn.hstatic.net/products/1000230642/bbsg00200hog__2__92149c59216a4eee887d571f2bb23e4f.jpg,https://bitis.com.vn/products/tui-deo-cheo-biti-s-be-gai-mau-hong-bbsg00200hog
1071522017,Túi Đeo Chéo Biti's Hunter Marvel Màu Đen HBSM01298DEN,370000,HUNTER,Túi Đeo,"Phukien,kho:online,Tuihunter,Tuixach,Hunter,khongdoitra,NAM,Phụ kiện,Phụ kiện nam,Phụ kiện Hunter",Available,1,https://cdn.hstatic.net/products/1000230642/hbsm01298den__2__0ee15b7664c64e789c3fb4c7175abe2b.jpg,https://bitis.com.vn/products/tui-deo-cheo-biti-s-hunter-marvel-mau-den-hbsm01298den
1071522013,Túi Đeo Biti's Hunter Marvel Màu Đen HBSM01198DEN,315000,HUNTER,Túi Đeo,"kho:online,Tuihunter,Phukien,Tuixach,Marvel,Hunter,khongdoitra,NAM,Phụ kiện,Phụ kiện nam,Phụ kiện Hunter",Available,1,https://cdn.hstatic.net/products/1000230642/hbsm01198den__4__24415687b09241fcb7d07361242b3367.jpg,https://bitis.com.vn/products/tui-deo-biti-s-hunter-marvel-mau-den-hbsm01198den
1071522008,Túi Đeo Chéo Biti's Hunter Màu Đen HBSM00700DEN,320000,HUNTER,Túi Đeo,"kho:online,Tuihunter,Tuixach,Hunter,NAM,Phụ kiện,Phụ kiện nam,Phụ kiện Hunter",Available,1,https://cdn.hstatic.net/products/1000230642/hbsm00700den__2__fe3fcf25a1a44680b66b821e802ea7f5.jpg,https://bitis.com.vn/products/tui-deo-cheo-biti-s-hunter-mau-den-hbsm00700den
1071521959,Túi Xách Thể Thao Biti's Hunter Màu Đen HBCM00100DEN,565000,HUNTER,Túi Đeo,"Hunter,kho:online,Tuixach,Tuihunter,Phụ kiện,NAM,Phụ kiện nam,Phụ kiện Hunter",Available,1,https://cdn.hstatic.net/products/1000230642/hbcm00100den__2__1d0fd70ccbe74acea6a8a9079bd9ab6c.jpg,https://bitis.com.vn/products/tui-xach-the-thao-biti-s-hunter-mau-den-hbcm00100den
1071521954,Balo Biti's Hunter Marvel Màu Đen HBBM01598DEN,849000,HUNTER,Balo,"Hunter,Balo,kho:online,Marvel,Phukien,balohunter,khongdoitra,Phụ kiện,NAM,Phụ kiện nam,Phụ kiện nữ,NỮ,Phụ kiện Hunter",Available,1,https://cdn.hstatic.net/products/1000230642/hbbm01598den__2__ae161b2849e746de8ed9b5be58d4428d.jpg,https://bitis.com.vn/products/balo-biti-s-hunter-marvel-mau-den-hbbm01598den
1071521949,Ví Gosto Nữ Màu Xanh Nhớt GBWM00400XNH,385000,Gosto,Ví,"Vi,kho:online,Phukien,NỮ,Phụ kiện nữ,Phụ kiện,Phụ kiện Gosto",Available,1,https://cdn.hstatic.net/products/1000230642/gbwm00400xnh__2__3f3311b04f6c4d8c88fbc077a8323eea.jpg,https://bitis.com.vn/products/vi-gosto-nu-mau-xanh-nhot-gbwm00400xnh
1071521947,Ví Gosto Nữ Màu Đen GBWM00400DEN,385000,Gosto,Ví,"Vi,kho:online,Phukien,NỮ,NAM,Phụ kiện,Phụ kiện nam,Phụ kiện nữ,Phụ kiện Gosto",Available,1,https://cdn.hstatic.net/products/1000230642/gbwm00400den__1__372e9a65ae9d4e28abb6b7fe62d9c9d9.jpg,https://bitis.com.vn/products/vi-gosto-nu-mau-den-gbwm00400den
1071521941,Túi Đeo Gosto Nữ Màu Đen GBSW01500DEN,599000,Gosto,Túi Xách,"kho:online,Tuixach,Phukien,NỮ,khongdoitra,Gosto,Phụ kiện nữ,Phụ kiện,Phụ kiện Gosto",Available,1,https://cdn.hstatic.net/products/1000230642/gbsw01500den__2__21e582cfd7164a6585684d971829c7fc.jpg,https://bitis.com.vn/products/tui-deo-gosto-nu-mau-den-gbsw01500den
1071521906,Dép Biti's Nữ Màu Nâu BTW002488NAU,465000,Biti's,Sandal Thời Trang,"kho:online,NỮ,khongdoitra,Sandalnu,Giày dép nữ",Available,5,https://cdn.hstatic.net/products/1000230642/btw002488nau__4__5c58997d0d034ca6a392d96a8444743b.jpg,https://bitis.com.vn/products/dep-biti-s-nu-mau-nau-btw002488nau
1071521904,Dép Biti's Nữ Màu Kem Lợt  BTW002488KEL,465000,Biti's,Sandal Thời Trang,"kho:online,NỮ,khongdoitra,Sandalnu,Giày dép nữ",Available,5,https://cdn.hstatic.net/products/1000230642/btw002488den__4__2259a4b8a2c0440e843c33597a5e4665.jpg,https://bitis.com.vn/products/dep-biti-s-nu-mau-kem-lot-btw002488kel
1071521898,Dép Biti's Nữ Màu Đen BTW002488DEN,465000,Biti's,Sandal Thời Trang,"kho:online,NỮ,khongdoitra,Sandalnu,Giày dép nữ",Available,5,https://cdn.hstatic.net/products/1000230642/btw002488den__4__446e2210003449668d9e83ef101fbbdb.jpg,https://bitis.com.vn/products/dep-biti-s-nu-mau-den-btw002488den
1071521861,Giày Thể Thao Biti's Trẻ Em Màu Đen BSB009400DEN,630000,Biti's,Giày Thể Thao,"kho:online,Giày dép",Available,9,https://cdn.hstatic.net/products/1000230642/bsb009400den__4__388d1995ce75444db58ae133ad73bdb4.jpg,https://bitis.com.vn/products/giay-the-thao-biti-s-tre-em-mau-den-bsb009400den
1071521848,Dép Thời Trang Biti's Nữ Màu Nâu Lợt BFW007888NAL,435000,Biti's,Sandal Thời Trang,"kho:online,khongdoitra,NỮ,Sandalnu,Giày dép nữ",Available,5,https://cdn.hstatic.net/products/1000230642/bfw007888nal__4__bdee172c15264dda99e9b0e23d8a373d.jpg,https://bitis.com.vn/products/dep-thoi-trang-biti-s-nu-mau-nau-lot-bfw007888nal
1071521842,Dép Thời Trang Biti's Nữ Màu Đen BFW007888DEN,435000,Biti's,Sandal Thời Trang,"kho:online,khongdoitra,NỮ,Sandalnu,Giày dép nữ",Available,5,https://cdn.hstatic.net/products/1000230642/bfw007888den__4__747785f9a30a419c8d4297fc56784a95.jpg,https://bitis.com.vn/products/dep-thoi-trang-biti-s-nu-mau-den-bfw007888den
1071521834,Giày Cao Gót Biti's Ani Nữ Màu Xám BFW007488XAM,495000,Biti's,Giày Thời Trang,"kho:online,NỮ,Giày nữ,Giày,ANI,Giày dép nữ",Available,5,https://cdn.hstatic.net/products/1000230642/bfw007488xam__4__8ea2faaf1d8d40c69545a0e88b9d2a9a.jpg,https://bitis.com.vn/products/giay-cao-got-biti-s-ani-nu-mau-xam-bfw007488xam
1071521828,Giày Cao Gót Biti's Ani Nữ Màu Đen BFW007488DEN,495000,Biti's,Giày Thời Trang,"kho:online,NỮ,Giày nữ,Giày,ANI,Giày dép nữ",Available,5,https://cdn.hstatic.net/products/1000230642/bfw007488den__4__7e9df530d531454590b2ead9f89c4610.jpg,https://bitis.com.vn/products/giay-cao-got-biti-s-ani-nu-mau-den-bfw007488den
1071521785,Sandal Biti's Disney Cherry Blossom Bé Gái Màu Xanh Dương Lợt BEG006997XDL,475000,Biti's,Sandal Thông Dụng,"kho:online,BSTCherryBlossom,khongdoitra,TRẺ EM,Giày dép,Sandal,Disney,BÉ GÁI,Sandal trẻ em,Giày dép trẻ em",Available,7,https://cdn.hstatic.net/products/1000230642/beg006997xdl__2__ae6ea9265d0d4dc5a4c61f3269065261.jpg,https://bitis.com.vn/products/sandal-biti-s-disney-be-gai-mau-xanh-duong-lot-beg006997xdl
1071521738,Sandal Biti's Disney Cherry Blossom Bé Gái Màu Kem BEG006997KEM,475000,Biti's,Sandal Thông Dụng,"kho:online,BSTCherryBlossom,TRẺ EM,Giày dép,Sandal,Disney,BÉ GÁI,Sandal trẻ em,Giày dép trẻ em",Available,7,https://cdn.hstatic.net/products/1000230642/beg006997kem__2__9d26f93f3466464ea4b6085ee5d471e6.jpg,https://bitis.com.vn/products/sandal-biti-s-disney-be-gai-mau-kem-beg006997kem
1071521714,Sandal Biti's Disney Cherry Blossom Bé Gái Màu Hồng BEG006997HOG,475000,Biti's,Sandal Thông Dụng,"kho:online,BSTCherryBlossom,TRẺ EM,Giày dép,Sandal,Disney,BÉ GÁI,Sandal trẻ em,Giày dép trẻ em",Available,7,https://cdn.hstatic.net/products/1000230642/beg006997hog__2__06db067303224096b492e87482021574.jpg,https://bitis.com.vn/products/sandal-biti-s-disney-be-gai-mau-hong-beg006997hog
1071521675,Túi Đeo Chéo Biti's Trẻ Em Màu Đen BBSB00500DEN,168000,Biti's,Túi Đeo,"Phukien,kho:online,Tuitreem,Phụ kiện,BÉ TRAI,TRẺ EM,Phụ kiện trẻ em",Available,1,https://cdn.hstatic.net/products/1000230642/bbsb00500den__2__c7a94b60070c4ebb969aaffc3fb586c9.jpg,https://bitis.com.vn/products/tui-deo-cheo-biti-s-tre-em-mau-den-bbsb00500den
1071521641,Túi Đeo Chéo Biti's Trẻ Em Màu Xanh Dương BBSB00400XDG,185000,Biti's,Túi Đeo,"Phukien,kho:online,Tuitreem,BÉ TRAI,Phụ kiện,TRẺ EM,Phụ kiện trẻ em",Available,1,https://cdn.hstatic.net/products/1000230642/bbsb00400xdg__2__21f9bd21019e44dc8f99eefdb932ba02.jpg,https://bitis.com.vn/products/tui-deo-cheo-biti-s-tre-em-mau-xanh-duong-bbsb00400xdg
1071519533,Dép Biti's Marvel Nam Màu Đen BEM004398DEN,215000,Biti's,Dép Thông Dụng,"kho:online,Marvel,NAM,khongdoitra,Dép nam,Dép,Giày dép nam",Available,6,https://cdn.hstatic.net/products/1000230642/bem004398den__6__9838e3f2144f43b083a1bf7c0c48761b.jpg,https://bitis.com.vn/products/dep-biti-s-marvel-nam-mau-den-bem004398den
1071519527,Dép Biti's Marvel Nam Màu Trắng BEM004398TRG,215000,Biti's,Dép Thông Dụng,"Marvel,kho:online,NAM,khongdoitra,Dép nam,Dép,Giày dép nam",Available,6,https://cdn.hstatic.net/products/1000230642/bem004398trg__6__5e5030a69d8c4b64b26ae492c8ff125c.jpg,https://bitis.com.vn/products/dep-biti-s-marvel-nam-mau-trang-bem004398trg
1071519468,Áo Thun Helio by Biti's Màu Trắng BOU002200TRG,295000,Helio,Khác,"kho:online,Helio,Phukienteen,Aothun,Quần áo,NAM,NỮ,Phụ kiện nam,Phụ kiện nữ,Phụ kiện",Available,3,https://cdn.hstatic.net/products/1000230642/bou002200trg__2__b905ee1b2b584f29995a7d5ca8e9fee6.jpg,https://bitis.com.vn/products/ao-thun-helio-by-biti-s-mau-trang-bou002200trg
1071519405,Áo Thun Helio by Biti's Màu Đen BOU002200DEN,295000,Helio,Khác,"Phukienteen,Aothun,kho:online,Helio,Quần áo,NAM,NỮ,Phụ kiện nam,Phụ kiện nữ,Phụ kiện",Available,3,https://cdn.hstatic.net/products/1000230642/bou002200den__2__fc3a6fea6b77453d8927bfe0e71b442c.jpg,https://bitis.com.vn/products/ao-thun-helio-by-biti-s-mau-den-bou002200den
1071519270,Giày Thể Thao Biti's Hunter Litedash Nam Màu Đen HSM009700DEN,1145000,HUNTER,Giày Thể Thao,"Hunter,newhunter,Huntersneaker,kho:online,NAM,khongdoitra,Huntersneakernam,Giày nam,Giày,Hunter Nam,Giày Hunter,Giày dép nam,Giày dép Hunter",Available,6,https://cdn.hstatic.net/products/1000230642/hsm009700den__6__4777cebcaaf44856acf2953ac8573dcc.jpg,https://bitis.com.vn/products/giay-the-thao-biti-s-hunter-litedash-nam-mau-den-hsm009700den
1071519189,Giày Thể Thao Biti's Hunter Litedash Nữ Màu Trắng HSW009701TRG,1145000,HUNTER,Giày Thể Thao,"kho:online,Hunter,newhunter,Huntersneaker,khongdoitra,Huntersneakernam,NAM,Giày nam,Giày,Hunter Nam,Giày Hunter,Giày dép nam,Giày dép Hunter",Available,5,https://cdn.hstatic.net/products/1000230642/hsm009701trg__6__6c12102bad774d71825f45dbd06c208f.jpg,https://bitis.com.vn/products/giay-the-thao-biti-s-hunter-litedash-nu-mau-trang-hsw009701trg
1071519130,Giày Thể Thao Biti's Hunter Litedash Nữ Màu Đen HSW009702DEN,1365000,HUNTER,Giày Thể Thao,"kho:online,Huntersneaker,Hunter,newhunter,Huntersneakernam,NAM,khongdoitra,Giày nam,Giày,Hunter Nam,Giày Hunter,Giày dép nam,Giày dép Hunter",Available,5,https://cdn.hstatic.net/products/1000230642/hsw009702den__6__13ab752d59364a7e945bf41291b7f9df.jpg,https://bitis.com.vn/products/giay-the-thao-biti-s-hunter-litedash-nu-mau-den-hsw009702den
1071519085,Giày Thể Thao Biti's Hunter Litedash Nam Màu Đen HSM009702DEN,1365000,HUNTER,Giày Thể Thao,"kho:online,Huntersneaker,newhunter,Huntersneakernam,Hunter,NAM,khongdoitra,Giày nam,Giày,Hunter Nam,Giày Hunter,Giày dép nam,Giày dép Hunter",Available,6,https://cdn.hstatic.net/products/1000230642/hsm009702den__6__6075014eed1a4e04af792b6611ac78f0.jpg,https://bitis.com.vn/products/giay-the-thao-biti-s-hunter-litedash-nam-mau-den-hsm009702den
1071518961,Giày Thể Thao Biti's Hunter Marvel Nam Màu Trắng HSM014198TRG,1065000,HUNTER,Giày Thể Thao,"Huntersneaker,newhunter,Hunter,kho:online,Huntersneakernam,NAM,khongdoitra,Giày nam,Giày,Hunter Street Nam,Hunter Street,Giày dép nam,Giày dép Hunter",Available,6,https://cdn.hstatic.net/products/1000230642/hsm014198trg__6__22ca1ca276e745a8b4306015247cd466.jpg,https://bitis.com.vn/products/giay-the-thao-biti-s-hunter-marvel-nam-mau-trang-hsm014198trg
1071518800,Giày Thể Thao Biti's Hunter Marvel Nam Màu Đen HSM014398DEN,1065000,HUNTER,Giày Thể Thao,"newhunter,Huntersneakernam,kho:online,Huntersneaker,Hunter,NAM,khongdoitra,Giày nam,Giày,Hunter Street Nam,Hunter Street,Giày dép nam,Giày dép Hunter",Available,6,https://cdn.hstatic.net/products/1000230642/hsm014398den__6__8ad63d19f89540739f342a1809462488.jpg,https://bitis.com.vn/products/giay-the-thao-biti-s-hunter-marvel-nam-mau-den-hsm014398den
1071518273,Giày Thể Thao Biti's Hunter Litedash Nam Màu Trắng HSM009701TRG,1145000,HUNTER,Giày Thể Thao,"kho:online,Huntersneaker,Huntersneakernam,newhunter,Hunter,NAM,khongdoitra,Giày nam,Giày,Hunter Nam,Giày Hunter,Giày dép nam,Giày dép Hunter",Available,6,https://cdn.hstatic.net/products/1000230642/hsm009701trg__6__b599bd50b130417788d76b7924717907.jpg,https://bitis.com.vn/products/giay-the-thao-biti-s-hunter-litedash-nam-mau-trang-hsm009701trg
1071460311,Giày Thể Thao Biti's Hunter Core Flash Nữ Màu Xanh Dương Lợt HSW010800XDL,895000,HUNTER,Giày Thể Thao,"Huntersneaker,BST New,Huntersneakernu,kho:online,Hunter,NỮ,Giày nữ,Giày,Giày Hunter,Giày dép nữ,Giày dép Hunter",Available,5,https://cdn.hstatic.net/products/1000230642/hsw010800xdl__4__d05af48f48624c05b24a276bf8c33e0a.jpg,https://bitis.com.vn/products/giay-the-thao-biti-s-hunter-core-nu-mau-xanh-duong-lot-hsw010800xdl
1071460272,Giày Thể Thao Biti's Hunter Core Flash Nữ Màu Kem HSW010800KEM,895000,HUNTER,Giày Thể Thao,"kho:online,BST New,Huntersneaker,Huntersneakernu,Hunter,newhunter,NỮ,Giày nữ,Giày,Giày Hunter,Giày dép nữ,Giày dép Hunter",Available,5,https://cdn.hstatic.net/products/1000230642/hsw010800kem__4__7074452ca7674324b96ee5c3a955fe8d.jpg,https://bitis.com.vn/products/giay-the-thao-biti-s-hunter-core-nu-mau-kem-hsw010800kem
1071460259,Giày Thể Thao Biti's Hunter Core Flash Nam Màu Xanh Nhớt HSM010801XNH,875000,HUNTER,Giày Thể Thao,"newhunter,Huntersneakernam,Huntersneaker,kho:online,Hunter,NAM,khongdoitra,Giày nam,Giày,Hunter Nam,Giày Hunter,Giày dép nam,Giày dép Hunter",Available,6,https://cdn.hstatic.net/products/1000230642/hsm010801xnh__5__4fb166755a9e4de5a8ff84f32b66fcda.jpg,https://bitis.com.vn/products/giay-the-thao-biti-s-hunter-core-nam-mau-xanh-nhot-hsm010801xnh
1071460255,Giày Thể Thao Biti's Hunter Core Flash Nam Màu Trắng HSM010800TRG,925000,HUNTER,Giày Thể Thao,"newhunter,Huntersneakernam,Huntersneaker,Hunter,kho:online,NAM,khongdoitra,Giày nam,Giày,Hunter Nam,Giày Hunter,Giày dép nam,Giày dép Hunter",Available,6,https://cdn.hstatic.net/products/1000230642/hsm010800trg__7__c1daa9d00a204a70a8170103724ba7b7.jpg,https://bitis.com.vn/products/giay-the-thao-biti-s-hunter-core-nam-mau-trang-hsm010800trg
1071460252,Giày Thể Thao Biti's Hunter Core Flash Nam Màu Đen HSM010800DEN,925000,HUNTER,Giày Thể Thao,"Huntersneaker,Huntersneakernam,kho:online,newhunter,Hunter,NAM,khongdoitra,Giày nam,Giày,Hunter Nam,Giày Hunter,Giày dép nam,Giày dép Hunter",Available,6,https://cdn.hstatic.net/products/1000230642/hsm010800den__6__bf82b82c91f14514be6dfa786363746d.jpg,https://bitis.com.vn/products/giay-the-thao-biti-s-hunter-core-nam-mau-den-hsm010800den
1071457910,Giày Thể Thao Biti's Êmbrace Nữ Màu Xám BSW005700XAM,615000,Êmbrace,Giày Thể Thao,"Êmbrace,kho:online,NỮ,Giày nữ,Giày,Giày dép nữ",Available,6,https://cdn.hstatic.net/products/1000230642/bsw005700xam__7__e3f07bae34974eb28683825fbd40ba86.jpg,https://bitis.com.vn/products/giay-the-thao-biti-s-embrace-nu-mau-xam-bsw005700xam
1071457877,Giày Thể Thao Biti's Êmbrace Nữ Màu Kem BSW005700KEM,615000,Êmbrace,Giày Thể Thao,"kho:online,Êmbrace,NỮ,Giày nữ,Giày,Giày dép nữ",Available,6,https://cdn.hstatic.net/products/1000230642/bsw005700kem__7__f3e60ccf53574e85a1abb775ef1d0dbd.jpg,https://bitis.com.vn/products/giay-the-thao-biti-s-embrace-nu-mau-kem-bsw005700kem
1071457868,Giày Thể Thao Biti's Êmbrace Nữ Màu Đen BSW005700DEN,615000,Êmbrace,Giày Thể Thao,"kho:online,Êmbrace,NỮ,Giày nữ,Giày,Giày dép nữ",Available,6,https://cdn.hstatic.net/products/1000230642/bsw005700den__7__2c3ef7683ebc4abcb4750dd136a10aa2.jpg,https://bitis.com.vn/products/giay-the-thao-biti-s-embrace-nu-mau-den-bsw005700den
1071457829,Dép Thời Trang Biti's Nữ Màu Đen BFW007588DEN,425000,Biti's,Sandal Thời Trang,"kho:online,NỮ,khongdoitra,Sandalnu,Giày dép nữ",Available,5,https://cdn.hstatic.net/products/1000230642/bfw007588den__4__45bbba43f10544d18ab300fac21e9e6b.jpg,https://bitis.com.vn/products/dep-thoi-trang-biti-s-nu-mau-den-bfw007588den
1071457809,Dép Thời Trang Biti's Nữ Màu Bạc BFW007588BAC,425000,Biti's,Sandal Thời Trang,"kho:online,khongdoitra,NỮ,Sandalnu,Giày dép nữ",Available,5,https://cdn.hstatic.net/products/1000230642/bfw007588bac__4__f7e63d3c4e164e00be8294b1fc377d86.jpg,https://bitis.com.vn/products/dep-thoi-trang-biti-s-nu-mau-bac-bfw007588bac
1071457777,Sandal Thời Trang Biti's Nữ Màu Đỏ BFW007088DOO,495000,Biti's,Sandal Thời Trang,"kho:online,NỮ,khongdoitra,Sandalnu,Giày dép nữ",Available,5,https://cdn.hstatic.net/products/1000230642/bfw007088doo__3__fd034053d2c14d96844f1e236ced835f.jpg,https://bitis.com.vn/products/sandal-thoi-trang-biti-s-nu-mau-do-bfw007088doo
1071457714,Sandal Thời Trang Biti's Nữ Màu Đen BFW007088DEN,495000,Biti's,Sandal Thời Trang,"kho:online,NỮ,khongdoitra,Sandalnu,Giày dép nữ",Available,5,https://cdn.hstatic.net/products/1000230642/bfw007088den__3__3608bfb8836f4b06ae5f63a828e69947.jpg,https://bitis.com.vn/products/sandal-thoi-trang-biti-s-nu-mau-den-bfw007088den
1071457035,Giày Búp Bê Biti's Bé Gái Màu Xanh Dương BBG000801XDG,535000,Biti's,Giày Búp Bê,"kho:online,TRẺ EM,Giày dép,Giày trẻ em,Giày,BÉ GÁI,Giày dép trẻ em",Unavailable,4,https://cdn.hstatic.net/products/1000230642/bbg000801xdg__2__69fea430be144ef3ae9b7fa9358cdd62.jpg,https://bitis.com.vn/products/giay-bup-be-biti-s-be-gai-mau-xanh-duong-bbg000801xdg
1071456962,Giày Búp Bê Biti's Bé Gái Màu Bạc BBG000801BAC,535000,Biti's,Giày Búp Bê,"kho:online,TRẺ EM,Giày dép,Giày trẻ em,Giày,BÉ GÁI,Giày dép trẻ em",Unavailable,4,https://cdn.hstatic.net/products/1000230642/bbg000801bac__1__31397dceeb794d74ac9b254450d8a8b9.jpg,https://bitis.com.vn/products/giay-bup-be-biti-s-be-gai-mau-bac-bbg000801bac
1071456298,Giày Thể Thao Biti's Hunter Nữ Effortless Màu Xanh Lá Đậm HSW009300XLD,819000,HUNTER,Giày Thể Thao,"kho:online,newhunter,Hunter,Effortless,Huntersneaker,Huntersneakernu,BST New,NỮ,Giày nữ,Giày,Hunter Street,Giày dép nữ,Giày dép Hunter",Available,4,https://cdn.hstatic.net/products/1000230642/hsw009300xld__6__e323c93aa1754b4bbe7713359816f252.jpg,https://bitis.com.vn/products/giay-the-thao-biti-s-hunter-nu-mau-xanh-la-dam-hsw009300xld
1071451877,Giày Thể Thao Biti's Hunter Nam Effortless Màu Nâu Đậm HSM009300NAD,819000,HUNTER,Giày Thể Thao,"Huntersneakernam,kho:online,Hunter,Effortless,BST New,Huntersneaker,newhunter,NAM,Giày nam,Giày,Hunter Street Nam,Hunter Street,Giày dép nam,Giày dép Hunter",Available,6,https://cdn.hstatic.net/products/1000230642/hsm009300nad__6__20d5235faebc498a8331b2150e560558.jpg,https://bitis.com.vn/products/giay-the-thao-biti-s-hunter-nam-mau-nau-dam-hsm009300nad
1071451815,Giày Thể Thao Biti's Hunter Nam Effortless Màu Đỏ Đậm HSM009300DOD,819000,HUNTER,Giày Thể Thao,"Hunter,kho:online,Huntersneakernam,Huntersneaker,Effortless,newhunter,NAM,Giày nam,Giày,Hunter Street Nam,Hunter Street,Giày dép nam,Giày dép Hunter",Available,6,https://cdn.hstatic.net/products/1000230642/hsm009300dod__6__6d76c800a2cc4a7ea37eabe13dc3d0fb.jpg,https://bitis.com.vn/products/giay-the-thao-biti-s-hunter-nam-mau-do-dam-hsm009300dod
1071408355,Dép Eva Biti's Trẻ Em Màu Xanh Dương BEB007001XDG,270000,Biti's,Dép Thông Dụng,"kho:online,Giày dép,Dép",Available,6,https://cdn.hstatic.net/products/1000230642/beb007001xdg__6__09e4aa6f123f4de99f835a611d65bc49.jpg,https://bitis.com.vn/products/dep-eva-biti-s-tre-em-mau-xanh-duong-beb007001xdg
1071408248,Dép Eva Biti's Trẻ Em Màu Xám BEB007001XAM,270000,Biti's,Dép Thông Dụng,"kho:online,Giày dép,Dép",Available,6,https://cdn.hstatic.net/products/1000230642/beb007001xam__6__534dd8e0c31441e6a9c172770355926f.jpg,https://bitis.com.vn/products/dep-eva-biti-s-tre-em-mau-xam-beb007001xam
1071407944,Dép Eva Biti's Trẻ Em Màu Nâu BEB007000NAU,285000,Biti's,Dép Thông Dụng,"kho:online,Giày dép,Dép",Available,9,https://cdn.hstatic.net/products/1000230642/beb007000nau__6__74f9b48207404885b75f203feabfc9b9.jpg,https://bitis.com.vn/products/dep-eva-biti-s-tre-em-mau-nau-beb007000nau
1071407884,Dép Eva Biti's Trẻ Em Màu Đen BEB007000DEN,285000,Biti's,Dép Thông Dụng,"kho:online,TRẺ EM,BÉ TRAI,Giày dép,Dép,BÉ GÁI,Giày dép trẻ em",Available,9,https://cdn.hstatic.net/products/1000230642/beb007000den__6__162f5d96199048ea8c61b6fe221b941b.jpg,https://bitis.com.vn/products/dep-eva-biti-s-tre-em-mau-den-beb007000den
1071375374,Giày Thể Thao Biti's Hunter Hand Free Nam Màu Nâu HSM012100NAU,905000,HUNTER,Giày Thể Thao,"kho:online,Huntersneaker,Huntersneakernam,Hunter,newhunter,BST New,NAM,Giày nam,Giày,Hunter Nam,Giày Hunter,Giày dép nam,Giày dép Hunter",Available,7,https://cdn.hstatic.net/products/1000230642/hsm012100nau__5__51e3f057d62147e29d34dd9fda4de9de.jpg,https://bitis.com.vn/products/giay-the-thao-biti-s-hunter-hand-free-nam-mau-nau-hsm012100nau
1071375221,Sandal Biti's Bé Trai Màu Xanh Dương BEB005900XDD,315000,Biti's,Sandal Thông Dụng,"kho:online,BÉ TRAI,TRẺ EM,Giày dép,Sandal,Sandal trẻ em,Giày dép trẻ em",Available,7,https://cdn.hstatic.net/products/1000230642/beb005900xam__6__4b0e8fccb72c43d1b1d9214744570a92.jpg,https://bitis.com.vn/products/sandal-biti-s-be-trai-mau-xanh-duong-beb005900xdd
1071374940,Sandal Biti's Bé Trai Màu Nâu Xám BEB005900XAM,315000,Biti's,Sandal Thông Dụng,"kho:online,TRẺ EM,BÉ TRAI,Giày dép,Sandal,Sandal trẻ em,Giày dép trẻ em",Available,7,https://cdn.hstatic.net/products/1000230642/beb005900xam__6__67a58471e8e44391a939e85bd56fe3cc.jpg,https://bitis.com.vn/products/sandal-biti-s-be-trai-mau-nau-xam-beb005900xam
1071374593,Sandal Biti's Bé Trai Màu Nâu Đậm BEB005900NAD,315000,Biti's,Sandal Thông Dụng,"kho:online,TRẺ EM,BÉ TRAI,Giày dép,Sandal,Sandal trẻ em,Giày dép trẻ em",Available,7,https://cdn.hstatic.net/products/1000230642/beb005900nad__6__8656e2cb8eb5490b9e94b4107d8a6607.jpg,https://bitis.com.vn/products/sandal-biti-s-be-trai-mau-nau-dam-beb005900nad
1071357973,Giày Tập Đi Biti's Trẻ Em Màu Xám BSB008200XAM,399000,Biti's,Giày Thể Thao,"kho:online,Firstshoes,Giày dép,TRẺ EM,khongdoitra,BÉ TRAI,Giày trẻ em,Giày,Giày dép trẻ em",Available,3,https://cdn.hstatic.net/products/1000230642/bsb008200xam__5__11076a82b68948cc8240ad2c817e9e85.jpg,https://bitis.com.vn/products/giay-tap-di-biti-s-tre-em-mau-xam-bsb008200xam
1071357802,Giày Tập Đi Biti's Trẻ Em Màu Nâu BSB008200NAU,399000,Biti's,Giày Thể Thao,"kho:online,Giày dép,TRẺ EM,Firstshoes,khongdoitra,BÉ TRAI,Giày trẻ em,Giày,Giày dép trẻ em",Available,3,https://cdn.hstatic.net/products/1000230642/bsb008200nau__5__dc35dd2c8f88445a9bbb61fa9cc3dab6.jpg,https://bitis.com.vn/products/giay-tap-di-biti-s-tre-em-mau-nau-bsb008200nau
1071357612,Giày Tập Đi Biti's Trẻ Em Màu Hồng BSB008200HOG,399000,Biti's,Giày Thể Thao,"Firstshoes,kho:online,Giày dép,BÉ TRAI,khongdoitra,TRẺ EM,Giày trẻ em,Giày,Giày dép trẻ em",Available,3,https://cdn.hstatic.net/products/1000230642/bsb008200hog__5__45c593ebd553499a98d3eed39bc50258.jpg,https://bitis.com.vn/products/giay-tap-di-biti-s-tre-em-mau-hong-bsb008200hog
1071357422,Giày Thể Thao Biti's Nam Màu Xanh Nhớt BSM004700XNH,805000,Biti's,Giày Thể Thao,"kho:online,NAM,Giày nam,Giày,Giày dép nam",Available,6,https://cdn.hstatic.net/products/1000230642/bsm004700xnh__4__7b78472134e2476381503b808f3e16ee.jpg,https://bitis.com.vn/products/giay-the-thao-biti-s-nam-mau-xanh-nhot-bsm004700xnh
1071357354,Giày Thể Thao Biti's Nam Màu Xám BSM004700XAM,805000,Biti's,Giày Thể Thao,"kho:online,NAM,Giày nam,Giày,Giày dép nam",Available,6,https://cdn.hstatic.net/products/1000230642/bsm004700xam__4__594d1a7317b643b98eea380f693b9c8d.jpg,https://bitis.com.vn/products/giay-the-thao-biti-s-nam-mau-xam-bsm004700xam
1071357264,Giày Thể Thao Biti's Nam Màu Trắng BSM004700TRG,805000,Biti's,Giày Thể Thao,"kho:online,NAM,Giày nam,Giày,Giày dép nam",Available,6,https://cdn.hstatic.net/products/1000230642/bsm004700trg__4__3425ed46bd8c402293715ca978f13ad9.jpg,https://bitis.com.vn/products/giay-the-thao-biti-s-nam-mau-trang-bsm004700trg
1071357033,Giày Tây Biti's Nam Màu Đen BVM002877DEN,845000,Biti's,Giày Tây,"kho:online,NAM,Giày nam,Giày,Giày dép nam",Available,6,https://cdn.hstatic.net/products/1000230642/bvm002877den__6__0699816fefcf4043804dff8c7ddc0d92.jpg,https://bitis.com.vn/products/giay-tay-biti-s-nam-mau-den-bvm002877den
1071356958,Sandal Biti's Nam Màu Nâu Đậm BTM002177NAD,505000,Biti's,Sandal Thông Dụng,"kho:online,khongdoitra,NAM,Sandal,Giày dép nam",Available,6,https://cdn.hstatic.net/products/1000230642/btm002177nad__3__d4dd6c6179ab4c449a4c455893e55978.jpg,https://bitis.com.vn/products/sandal-biti-s-nam-mau-nau-dam-btm002177nad
1071356747,Sandal Biti's Nam Màu Đen BTM002177DEN,505000,Biti's,Sandal Thông Dụng,"kho:online,NAM,Sandal,Giày dép nam",Available,6,https://cdn.hstatic.net/products/1000230642/btm002177den__3__7933e4900d45437a93802a20532cbf60.jpg,https://bitis.com.vn/products/sandal-biti-s-nam-mau-den-btm002177den
1071354379,Dép Biti's Nam Màu Rêu BRM002577REU,475000,Biti's,Dép Thông Dụng,"kho:online,NAM,Dép nam,Dép,Giày dép nam",Available,6,https://cdn.hstatic.net/products/1000230642/brm002577reu__4__495068a6f4c64caba60b443b582ab58e.jpg,https://bitis.com.vn/products/dep-biti-s-nam-mau-reu-brm002577reu
1071353995,Dép Biti's Nam Màu Nâu Đậm BRM002577NAD,475000,Biti's,Dép Thông Dụng,"kho:online,NAM,Dép nam,Dép,Giày dép nam",Available,6,https://cdn.hstatic.net/products/1000230642/brm002577nad__4__f3df0d45d6034550a5756ff2fe8ee74c.jpg,https://bitis.com.vn/products/dep-biti-s-nam-mau-nau-dam-brm002577nad
1071353496,Dép Xốp Biti's Nữ Màu Nâu BXW013500NAU,205000,Biti's,Dép Thông Dụng,"kho:online,NỮ,Depnu,Dép nữ,Dép,Giày dép nữ",Available,6,https://cdn.hstatic.net/products/1000230642/bxw013500nau__3__af63b934088b4c6797b51beae6f9efb7.jpg,https://bitis.com.vn/products/dep-xop-biti-s-nu-mau-nau-bxw013500nau
1071353361,Dép Xốp Biti's Nữ Màu Đen BXW013500DEN,205000,Biti's,Dép Thông Dụng,"kho:online,NỮ,Depnu,Dép nữ,Dép,Giày dép nữ",Available,6,https://cdn.hstatic.net/products/1000230642/bxw013500den__3__7ed1c894d40a44b9858923abe6e4c0d9.jpg,https://bitis.com.vn/products/dep-biti-s-nu-mau-den-bxw013500den
1071353291,Dép Biti's Nữ Màu Tím Lợt BYW001001TIL,425000,Biti's,Sandal Thời Trang,"kho:online,NỮ,khongdoitra,Sandalnu,Giày dép nữ",Available,6,https://cdn.hstatic.net/products/1000230642/byw001001til__3__3ef4c2e3f5a6497baf49da390026e0a2.jpg,https://bitis.com.vn/products/dep-biti-s-nu-mau-tim-lot-byw001001til
1071350659,Dép Biti's Nữ Màu Nâu BYW001001NAU,425000,Biti's,Sandal Thời Trang,"kho:online,NỮ,khongdoitra,Sandalnu,Giày dép nữ",Available,6,https://cdn.hstatic.net/products/1000230642/byw001001nau__3__9939f148e08e4227995768339982ffa8.jpg,https://bitis.com.vn/products/dep-biti-s-nu-mau-nau-byw001001nau
1071350637,Dép Biti's Nữ Màu Đen BYW001001DEN,425000,Biti's,Sandal Thời Trang,"kho:online,NỮ,khongdoitra,Sandalnu,Giày dép nữ",Available,6,https://cdn.hstatic.net/products/1000230642/byw001001den__3__3638bc3161b641468c70e69612cc5bfb.jpg,https://bitis.com.vn/products/dep-biti-s-nu-mau-den-byw001001den
1071350625,Dép Biti's Nữ Màu Kem BFW007288KEM,435000,Biti's,Giày Thời Trang,"kho:online,NỮ,Giày nữ,Giày,Giày dép nữ",Available,5,https://cdn.hstatic.net/products/1000230642/bfw007288kem__3__ee5e94f8fd744cd58b41eb5b1c1ebc93.jpg,https://bitis.com.vn/products/dep-biti-s-nu-mau-kem-bfw007288kem
1071350615,Dép Biti's Nữ Màu Đen BFW007288DEN,435000,Biti's,Giày Thời Trang,"kho:online,khongdoitra,NỮ,Giày nữ,Giày,Giày dép nữ",Available,5,https://cdn.hstatic.net/products/1000230642/bfw007288den__4__91cdcc831c9d4511a98f78bf9ddc90c5.jpg,https://bitis.com.vn/products/dep-biti-s-nu-mau-den-bfw007288den
1070347744,Giày Tây Biti's Nam Màu Đen BVM002777DEN,845000,Biti's,Giày Tây,"kho:online,NAM,Giày nam,Giày,Giày dép nam",Available,6,https://cdn.hstatic.net/products/1000230642/bvm002777den__3__4e8067ae93d24da3b9a62c1d5daf8727.jpg,https://bitis.com.vn/products/giay-tay-biti-s-nam-mau-den-bvm002777den
1070347706,Giày Tây Biti's Nam Màu Nâu Đậm BVM002777NAD,845000,Biti's,Giày Tây,"kho:online,khongdoitra,NAM,Giày nam,Giày,Giày dép nam",Available,6,https://cdn.hstatic.net/products/1000230642/bvm002777nad__1__7dea260212e34a5eb8132d85e4b51ebb.jpg,https://bitis.com.vn/products/giay-tay-biti-s-nam-mau-nau-dam-bvm002777nad
1070347593,Sandal Biti's Bé Gái Màu Hồng BTG001700HOG,275000,Biti's,Sandal Thông Dụng,"kho:online,TRẺ EM,Giày dép,khongdoitra,Sandal,BÉ GÁI,Sandal trẻ em,Giày dép trẻ em",Available,4,https://cdn.hstatic.net/products/1000230642/btg001700hog__2__2c8333e8eb5b4954a3646ef836cf7534.jpg,https://bitis.com.vn/products/sandal-biti-s-be-gai-mau-hong-btg001700hog
1070347506,Giày Thể Thao Biti's Nam Màu Đen BSM004600DEN,415000,Biti's,Giày Thể Thao,"kho:online,NAM,Giày nam,Giày,Giày dép nam,Đã bán:1567",Available,6,https://cdn.hstatic.net/products/1000230642/bsm004600den__5__8a3e1f1fd93c4068be7575a6adfd2765.jpg,https://bitis.com.vn/products/giay-the-thao-biti-s-nam-mau-den-bsm004600den
1070347307,Giày Thể Thao Biti's Nam Màu Nâu BSM004600NAU,415000,Biti's,Giày Thể Thao,"kho:online,NAM,Giày nam,Giày,Giày dép nam",Available,6,https://cdn.hstatic.net/products/1000230642/bsm004600nau_ef6219ce7306426c9b3b57a13c6703af.jpg,https://bitis.com.vn/products/giay-the-thao-biti-s-nam-mau-nau-bsm004600nau
1070347296,Giày Thể Thao Biti's Nam Màu Xanh Nhớt BSM004600XNH,415000,Biti's,Giày Thể Thao,"kho:online,NAM,Giày nam,Giày,Giày dép nam,Đã bán:1286",Available,6,https://cdn.hstatic.net/products/1000230642/bsm004600xnh__5__d1b7c44a016345d9886750d2d1b37bf1.jpg,https://bitis.com.vn/products/giay-the-thao-biti-s-nam-mau-xanh-nhot-bsm004600xnh
1070344814,Giày Thể Thao Biti's Bé Gái Màu Xám BSG010300XAM,375000,Biti's,Giày Thể Thao,"kho:online,TRẺ EM,Giày dép,khongdoitra,Giày trẻ em,Giày,BÉ GÁI,Giày dép trẻ em",Available,6,https://cdn.hstatic.net/products/1000230642/bsg010300xam__3__d3ce80f731174cea9cf8520ac258db02.jpg,https://bitis.com.vn/products/giay-the-thao-biti-s-be-gai-mau-xanh-duong-bsg010300xam
1070344806,Giày Thể Thao Biti's Bé Gái Màu Hồng BSG010300HOG,375000,Biti's,Giày Thể Thao,"kho:online,TRẺ EM,Giày dép,khongdoitra,Giày trẻ em,Giày,BÉ GÁI,Giày dép trẻ em",Available,6,https://cdn.hstatic.net/products/1000230642/bsg010300hog__6__9002bb923b33455483966dd51f3deb3c.jpg,https://bitis.com.vn/products/giay-the-thao-biti-s-be-gai-mau-hong-bsg010300hog
1070344185,Dép Eva Biti's Nam Màu Nâu DEM007300NAU,215000,Biti's,Dép Thông Dụng,"kho:online,NAM,Dép nam,Dép,Giày dép nam",Available,5,https://cdn.hstatic.net/products/1000230642/dem007300nau__3__c520719e0ad34aa38a753f8d3f8a9198.jpg,https://bitis.com.vn/products/dep-eva-biti-s-nam-mau-nau-dem007300nau
1070344169,Dép Eva Biti's Nam Màu Xanh Dương Đậm DEM007300XDD,215000,Biti's,Dép Thông Dụng,"kho:online,NAM,Dép nam,Dép,Giày dép nam",Available,5,https://cdn.hstatic.net/products/1000230642/dem007300xdd__3__68476ca5858241359bcc97327f1e6558.jpg,https://bitis.com.vn/products/dep-eva-biti-s-nam-mau-xanh-duong-dam-dem007300xdd
1070326814,Sandal Biti's Hunter Nam Màu Đen HEM001700DEN,595000,HUNTER,Sandal Thông Dụng,"kho:online,newhunter,Hunter,Sandalhunternu,NỮ,khongdoitra,Sandalnu,Sandal Dép Hunter,Giày dép nữ,Giày dép Hunter",Available,7,https://cdn.hstatic.net/products/1000230642/hem001700den__7__adbb1a0b1b1048f2813b6b22cdd0ae05.jpg,https://bitis.com.vn/products/sandal-biti-s-hunter-nam-mau-den-hem001700den
1070326704,Sandal Biti's Hunter Nam Màu Nâu HEM001700NAU,595000,HUNTER,Sandal Thông Dụng,"kho:online,newhunter,Hunter,Sandalhunternu,NỮ,khongdoitra,Sandalnu,Sandal Dép Hunter,Giày dép nữ,Giày dép Hunter",Available,7,https://cdn.hstatic.net/products/1000230642/hem001700nau__7__20fa36f3c82849bca49095d7be78c405.jpg,https://bitis.com.vn/products/sandal-biti-s-hunter-nam-mau-nau-hem001700nau
1070326663,Sandal Biti's Hunter Nam Màu Xám HEM001700XAM,595000,HUNTER,Sandal Thông Dụng,"kho:online,Hunter,newhunter,Sandalhunternu,khongdoitra,NỮ,Sandalnu,Sandal Dép Hunter,Giày dép nữ,Giày dép Hunter",Available,7,https://cdn.hstatic.net/products/1000230642/hem001700xam__7__cc5b607f3b754180946f156fe51ac2c5.jpg,https://bitis.com.vn/products/sandal-biti-s-hunter-nam-mau-xam-hem001700xam
1070326215,Sandal Biti's Hunter Nữ Màu Trắng HEW001700TRG,575000,HUNTER,Sandal Thông Dụng,"Sandalhunternu,Hunter,newhunter,kho:online,NỮ,khongdoitra,Sandalnu,Sandal Dép Hunter,Giày dép nữ,Giày dép Hunter",Available,5,https://cdn.hstatic.net/products/1000230642/hew001700trg__3__85ebd14c8f484297887507829257cfe8.jpg,https://bitis.com.vn/products/sandal-biti-s-hunter-nu-mau-trang-hew001700trg
1070326060,Sandal Biti's Hunter Nữ Màu Đen HEW001700DEN,575000,HUNTER,Sandal Thông Dụng,"newhunter,Sandalhunternu,kho:online,Hunter,NỮ,khongdoitra,Sandalnu,Sandal Dép Hunter,Giày dép nữ,Giày dép Hunter",Available,5,https://cdn.hstatic.net/products/1000230642/hew001700den__5__ee828700fd8e4af8a30cf481ba91a07a.jpg,https://bitis.com.vn/products/sandal-biti-s-hunter-nu-mau-den-hew001700den
1070325997,Sandal Biti's Hunter Nữ Màu Bạc HEW001700BAC,575000,HUNTER,Sandal Thông Dụng,"newhunter,Sandalhunternu,Hunter,kho:online,NỮ,khongdoitra,Sandalnu,Sandal Dép Hunter,Giày dép nữ,Giày dép Hunter",Available,5,https://cdn.hstatic.net/products/1000230642/hew001700bac__5__e0259e5371724eddb694efdf79e2bcad.jpg,https://bitis.com.vn/products/sandal-biti-s-hunter-nu-mau-bac-hew001700bac
1070323008,Giày Thể Thao Biti's Hunter Core Nam Màu Xanh Nhớt HSM011400XNH,840000,HUNTER,Giày Thể Thao,"kho:online,Huntersneakernam,newhunter,BST New,Hunter,Huntersneaker,NAM,Giày nam,Giày,Hunter Nam,Giày Hunter,Giày dép nam,Giày dép Hunter,Đã bán:1266",Available,7,https://cdn.hstatic.net/products/1000230642/hsm011400xnh__3__eb3ce98e17664bbd9c872ca5c178b5f3.jpg,https://bitis.com.vn/products/giay-the-thao-biti-s-hunter-core-nam-mau-xanh-nhot-hsm011400xnh
1070322859,Giày Thể Thao Biti's Hunter Core Nam Màu Xám HSM011400XAM,840000,HUNTER,Giày Thể Thao,"newhunter,BST New,Huntersneaker,kho:online,Hunter,Huntersneakernam,NAM,Giày nam,Giày,Hunter Nam,Giày Hunter,Giày dép nam,Giày dép Hunter,Đã bán:2287",Available,7,https://cdn.hstatic.net/products/1000230642/hsm011400xam__3__637cc723ec694d92a7f0d63bbab50f6b.jpg,https://bitis.com.vn/products/giay-the-thao-biti-s-hunter-core-nam-mau-xam-hsm011400xam
1070322324,Giày Thể Thao Biti's Hunter Core Nam Màu Đen HSM011400DEN,840000,HUNTER,Giày Thể Thao,"Huntersneakernam,newhunter,Hunter,BST New,Huntersneaker,kho:online,NAM,Giày nam,Giày,Hunter Nam,Giày Hunter,Giày dép nam,Giày dép Hunter,Đã bán:6095",Available,7,https://cdn.hstatic.net/products/1000230642/hsm011400den__3__24f0e6099cd74b90ac1b0a5303ee75f4.jpg,https://bitis.com.vn/products/giay-the-thao-biti-s-hunter-core-nam-mau-den-hsm011400den
1070319082,Giày Thể Thao Biti's Hunter Street 2.0 Nam Màu Xanh Nhớt HSM011900XNH,765000,HUNTER,Giày Thể Thao,"kho:online,Huntersneaker,BST New,Hunter,top,newhunter,Huntersneakernam,NAM,Giày nam,Giày,Hunter Street Nam,Hunter Street,Giày dép nam,Giày dép Hunter,Đã bán:2138",Available,6,https://cdn.hstatic.net/products/1000230642/hsm011900xnh__1__19dfa19003004046a1c305af4c54293e.jpg,https://bitis.com.vn/products/giay-the-thao-biti-s-hunter-street-nam-mau-xanh-nhot-hsm011900xnh
1070318914,Giày Thể Thao Biti's Hunter Street 2.0 Nam Màu Xám Đậm HSM011900XAD,765000,HUNTER,Giày Thể Thao,"kho:online,Huntersneaker,Huntersneakernam,Hunter,newhunter,BST New,top,NAM,Giày nam,Giày,Hunter Street Nam,Hunter Street,Giày dép nam,Giày dép Hunter",Available,6,https://cdn.hstatic.net/products/1000230642/hsm011900xad__7__0ecd60ef193e4e49b393599522c5a5a8.jpg,https://bitis.com.vn/products/giay-the-thao-biti-s-hunter-street-nam-mau-xam-dam-hsm011900xad
1070318902,Giày Thể Thao Biti's Hunter Street 2.0 Nam Màu Nâu Đậm HSM011900NAD,765000,HUNTER,Giày Thể Thao,"newhunter,Huntersneakernam,Hunter,kho:online,Huntersneaker,BST New,top,NAM,Giày nam,Giày,Hunter Street Nam,Hunter Street,Giày dép nam,Giày dép Hunter,Đã bán:1484",Available,6,https://cdn.hstatic.net/products/1000230642/hsm011900nad__23__ea48ecf0bf4040518d8ea066f195a0c8.jpg,https://bitis.com.vn/products/giay-the-thao-biti-s-hunter-street-nam-mau-nau-dam-hsm011900nad
1070317957,Giày Thể Thao Biti's Hunter Hand Free Nam Màu Đen HSM012100DEN,905000,HUNTER,Giày Thể Thao,"kho:online,Hunter,Huntersneaker,newhunter,Huntersneakernam,BST New,top,NAM,Giày nam,Giày,Hunter Nam,Giày Hunter,Giày dép nam,Giày dép Hunter",Available,7,https://cdn.hstatic.net/products/1000230642/hsm012100den__1__9dd4a9023e61403b9e33707e4d95890c.jpg,https://bitis.com.vn/products/giay-the-thao-biti-s-hunter-hand-free-nam-mau-den-hsm012100den
1070317918,Giày Thể Thao Biti's Hunter Hand Free Nam Màu Xám HSM012100XAM,905000,HUNTER,Giày Thể Thao,"kho:online,Huntersneaker,Hunter,BST New,Huntersneakernam,newhunter,NAM,Giày nam,Giày,Hunter Nam,Giày Hunter,Giày dép nam,Giày dép Hunter",Available,7,https://cdn.hstatic.net/products/1000230642/hsm012100xam__6__591a81b161f340cc946731a435e5c813.jpg,https://bitis.com.vn/products/giay-the-thao-biti-s-hunter-hand-free-nam-mau-xam-hsm012100xam
1070317860,Giày Thể Thao Biti's Hunter Hand Free Nam Màu Xanh Nhớt HSM012100XNH,905000,HUNTER,Giày Thể Thao,"kho:online,newhunter,Huntersneakernam,Hunter,Huntersneaker,top,BST New,NAM,Giày nam,Giày,Hunter Nam,Giày Hunter,Giày dép nam,Giày dép Hunter",Available,7,https://cdn.hstatic.net/products/1000230642/hsm012100xnh__4__cd05f9351d7f4c9d928c7f8e0b3aebb9.jpg,https://bitis.com.vn/products/giay-the-thao-biti-s-hunter-hand-free-nam-mau-xanh-nhot-hsm012100xnh
1070288151,Giày Thể Thao Biti's Hunter Core Nam Màu Đen HSM013000DEN,930000,HUNTER,Giày Thể Thao,"kho:online,BST New,Huntersneaker,top,Hunter,Huntersneakernam,newhunter,NAM,Giày nam,Giày,Hunter Nam,Giày Hunter,Giày dép nam,Giày dép Hunter,Đã bán:1398",Available,7,https://cdn.hstatic.net/products/1000230642/hsm013000den__6__de87a2f04d2848a595d0334d50e03748.jpg,https://bitis.com.vn/products/giay-the-thao-biti-s-hunter-core-nam-mau-den-hsm013000den
1070288051,Giày Thể Thao Biti's Hunter Core Nam Màu Xanh Nhớt HSM013000XNH,930000,HUNTER,Giày Thể Thao,"BST New,Huntersneakernam,newhunter,Hunter,top,kho:online,Huntersneaker,NAM,Giày nam,Giày,Hunter Nam,Giày Hunter,Giày dép nam,Giày dép Hunter",Available,7,https://cdn.hstatic.net/products/1000230642/hsm013000xnh__7__e428e916b8a04f14a0f70af12f3b0e19.jpg,https://bitis.com.vn/products/giay-the-thao-biti-s-hunter-core-nam-mau-xanh-nhot-hsm013000xnh
1070288035,Giày Thể Thao Biti's Hunter Core Nam Màu Xám HSM013000XAM,930000,HUNTER,Giày Thể Thao,"kho:online,Huntersneakernam,Huntersneaker,newhunter,Hunter,BST New,top,NAM,Giày nam,Giày,Hunter Nam,Giày Hunter,Giày dép nam,Giày dép Hunter",Available,7,https://cdn.hstatic.net/products/1000230642/hsm013000xam__4__edaf870872e745d88983036d1fc31bb7.jpg,https://bitis.com.vn/products/giay-the-thao-biti-s-hunter-core-nam-mau-xam-hsm013000xam
1070286065,Giày Thể Thao Biti's Hunter Core Nữ Màu Đen HSW011200DEN,895000,HUNTER,Giày Thể Thao,"kho:online,BST New,newhunter,Huntersneaker,Huntersneakernu,Hunter,top,NỮ,Giày nữ,Giày,Giày Hunter,Giày dép nữ,Giày dép Hunter",Available,5,https://cdn.hstatic.net/products/1000230642/hsw011200den__1__5ce3a4bf70f84d028bfb8ea5a1694c5d.jpg,https://bitis.com.vn/products/giay-the-thao-biti-s-hunter-core-nu-mau-den-hsw011200den
1070285866,Giày Thể Thao Biti's Hunter Core Nữ Màu Xám HSW011200XAM,895000,HUNTER,Giày Thể Thao,"Huntersneaker,newhunter,Huntersneakernu,kho:online,Hunter,khongdoitra,NỮ,Giày nữ,Giày,Giày Hunter,Giày dép nữ,Giày dép Hunter",Available,5,https://cdn.hstatic.net/products/1000230642/hsw011200xam__7__2d196cf9c14f4ac69d748e7501cb6f20.jpg,https://bitis.com.vn/products/giay-the-thao-biti-s-hunter-core-nu-mau-xam-hsw011200xam
1070285610,Giày Thể Thao Biti's Hunter Street 2.0 Nữ Màu Xám Lợt HSW011900XAL,735000,HUNTER,Giày Thể Thao,"Huntersneaker,Huntersneakernu,BST New,newhunter,Hunter,kho:online,khongdoitra,NỮ,Giày nữ,Giày,Hunter Street,Giày dép nữ,Giày dép Hunter",Available,5,https://cdn.hstatic.net/products/1000230642/hsw011900xal__7__c5149a1f82734821ba2e2133f641c294.jpg,https://bitis.com.vn/products/giay-the-thao-biti-s-hunter-street-nu-mau-xam-lot-hsw011900xal
1070285572,Giày Thể Thao Biti's Hunter Street 2.0 Nữ Màu Nâu Đậm HSW011900NAD,735000,HUNTER,Giày Thể Thao,"Hunter,BST New,kho:online,newhunter,Huntersneakernu,Huntersneaker,NỮ,Giày nữ,Giày,Hunter Street,Giày dép nữ,Giày dép Hunter",Available,5,https://cdn.hstatic.net/products/1000230642/hsw011900nad__7__267df0421f8f4fb381d4f42e1743d696.jpg,https://bitis.com.vn/products/giay-the-thao-biti-s-hunter-street-nu-mau-nau-dam-hsw011900nad
1070264190,Dép Biti's Nữ Màu Tím Lợt BYW001000TIL,425000,Biti's,Sandal Thời Trang,"kho:online,NỮ,khongdoitra,Sandalnu,Giày dép nữ",Available,6,https://cdn.hstatic.net/products/1000230642/byw001000til__4__2caf757440674ae89d9e094b0603deb1.jpg,https://bitis.com.vn/products/dep-biti-s-nu-mau-tim-lot-byw001000til
1070264152,Dép Biti's Nữ Màu Nâu BYW001000NAU,425000,Biti's,Sandal Thời Trang,"kho:online,NỮ,khongdoitra,Sandalnu,Giày dép nữ",Available,6,https://cdn.hstatic.net/products/1000230642/byw001000nau__4__f6d1b12d57254e0896f4a692674ed7ed.jpg,https://bitis.com.vn/products/dep-biti-s-nu-mau-nau-byw001000nau
1070264110,Dép Biti's Nữ Màu Đen BYW001000DEN,425000,Biti's,Sandal Thời Trang,"kho:online,NỮ,khongdoitra,Sandalnu,Giày dép nữ",Available,6,https://cdn.hstatic.net/products/1000230642/byw001000den__3__0611dbf78882413ea8bcf0f29027e29f.jpg,https://bitis.com.vn/products/dep-biti-s-nu-mau-den-byw001000den
1070264022,Giày Thể Thao Biti's Bé Gái Màu Hồng Lợt BSG010200HOL,400000,Biti's,Giày Thể Thao,"kho:online,TRẺ EM,Giày dép,Giày trẻ em,Giày,BÉ GÁI,Giày dép trẻ em",Available,10,https://cdn.hstatic.net/products/1000230642/bsg010200hol__2__9a7e419eb4a44d6a98c51ab2385bf101.jpg,https://bitis.com.vn/products/giay-the-thao-biti-s-be-gai-mau-hong-lot-bsg010200hol
1070264012,Giày Thể Thao Biti's Bé Gái Màu Xanh Dương Lợt BSG010200XDL,400000,Biti's,Giày Thể Thao,"kho:online,TRẺ EM,Giày dép,Giày trẻ em,Giày,BÉ GÁI,Giày dép trẻ em",Available,10,https://cdn.hstatic.net/products/1000230642/bsg010200xdl__7__e62556402666490e9ed0c73689e9aa43.jpg,https://bitis.com.vn/products/giay-the-thao-biti-s-be-gai-mau-xanh-duong-lot-bsg010200xdl
1070263748,Giày Thể Thao Biti's Helio Teen Nam Nữ Màu Kem BSG009700KEM,665000,Helio,Giày Thể Thao,"kho:online,Teennu,Helio,Teennam,NAM,NỮ,Giày nam,Giày nữ,Giày,Giày dép nam,Giày dép nữ",Available,6,https://cdn.hstatic.net/products/1000230642/bsg009700kem__2__b16b50fdcad74f568fc4583c56344ea9.jpg,https://bitis.com.vn/products/giay-the-thao-biti-s-helio-teen-nam-nu-mau-kem-bsg009700kem
1070263744,Giày Thể Thao Biti's Helio Teen Nữ Màu Đỏ BSG009700DOO,665000,Helio,Giày Thể Thao,"kho:online,Teennu,Helio,NỮ,Giày nữ,Giày,Giày dép nữ",Available,6,https://cdn.hstatic.net/products/1000230642/bsg009700doo__6__0dcb05c1f4414507b707886200ab9416.jpg,https://bitis.com.vn/products/giay-the-thao-biti-s-helio-teen-nu-mau-do-bsg009700doo
1070263737,Giày Thể Thao Biti's Helio Teen Nam Nữ Màu Trắng BSG009700TRG,665000,Helio,Giày Thể Thao,"kho:online,Teennam,Teennu,Helio,NAM,NỮ,Giày nam,Giày nữ,Giày,Giày dép nam,Giày dép nữ",Available,6,https://cdn.hstatic.net/products/1000230642/bsg009700trg__1__ca8d5d17a4144796a07b0e8a4554b947.jpg,https://bitis.com.vn/products/giay-the-thao-biti-s-helio-teen-nam-nu-mau-trang-bsg009700trg
1070263583,Giày Thể Thao Biti's Trẻ Em Màu Xanh BSB010200XNH,400000,Biti's,Giày Thể Thao,"kho:online,Giày dép",Available,10,https://cdn.hstatic.net/products/1000230642/7179_1d9b5c753b524566be84a88cb7898da1.jpg,https://bitis.com.vn/products/giay-the-thao-biti-s-tre-em-mau-xanh-bsb010200xnh
1070263578,Giày Thể Thao Biti's Trẻ Em Màu Trắng BSB010200TRG,400000,Biti's,Giày Thể Thao,"kho:online,Giày dép",Available,10,https://cdn.hstatic.net/products/1000230642/bsb010200trg__3__abbbff2eee3d421dae92082b921c0d90.jpg,https://bitis.com.vn/products/giay-the-thao-biti-s-tre-em-mau-trang-bsb010200trg
1070263550,Giày Thể Thao Biti's Helio Teen Nam Nữ Màu Rêu BSB009700REU,665000,Helio,Giày Thể Thao,"Helio,Teennam,kho:online,Teennu,NAM,NỮ,Giày nam,Giày nữ,Giày,Giày dép nam,Giày dép nữ",Available,7,https://cdn.hstatic.net/products/1000230642/bsb009700reu__6__be0e138a126444aa9b270da6adb3dbfb.jpg,https://bitis.com.vn/products/giay-the-thao-biti-s-helio-teen-nam-nu-mau-reu-bsb009700reu
1070263546,Giày Thể Thao Biti's Helio Teen Nam Màu Đỏ BSB009700DOO,665000,Helio,Giày Thể Thao,"kho:online,Helio,Teennam,NAM,Giày nam,Giày,Giày dép nam",Available,7,https://cdn.hstatic.net/products/1000230642/bsb009700doo__6__2c78e3061b2f4aed81dfd88c77110195.jpg,https://bitis.com.vn/products/giay-the-thao-biti-s-helio-teen-nam-mau-do-bsb009700doo
1070263544,Giày Thể Thao Biti's Helio Teen Nam Nữ Màu Trắng BSB009700TRG,665000,Helio,Giày Thể Thao,"Helio,kho:online,Teennam,Teennu,NAM,NỮ,Giày nam,Giày nữ,Giày,Giày dép nam,Giày dép nữ",Available,7,https://cdn.hstatic.net/products/1000230642/bsb009700trg__5__923c580853974732b79914869c37f40a.jpg,https://bitis.com.vn/products/giay-the-thao-biti-s-helio-teen-nam-nu-mau-trang-bsb009700trg
1070263447,Sandal Biti's Nữ Màu Đen BRW001300DEN,465000,Biti's,Sandal Thông Dụng,"kho:online,NỮ,khongdoitra,Sandalnu,Giày dép nữ",Available,6,https://cdn.hstatic.net/products/1000230642/brw001300den__3__97f29a3cc5584ba1b1eb18d0077c7158.jpg,https://bitis.com.vn/products/sandal-biti-s-nu-mau-den-brw001300den
1070263413,Sandal Biti's Nữ Màu Kem BRW001300KEM,465000,Biti's,Sandal Thông Dụng,"kho:online,NỮ,khongdoitra,Sandalnu,Giày dép nữ",Available,6,https://cdn.hstatic.net/products/1000230642/brw001300kem__3__ece4987ee58f45469593d19e6323ab24.jpg,https://bitis.com.vn/products/sandal-biti-s-nu-mau-kem-brw001300kem
1070263353,Sandal Biti's Nữ Màu Nâu BRW001300NAU,465000,Biti's,Sandal Thông Dụng,"kho:online,NỮ,khongdoitra,Sandalnu,Giày dép nữ",Available,6,https://cdn.hstatic.net/products/1000230642/brw001300nau__3__6fb102bf14094cdf94bc819922d942e8.jpg,https://bitis.com.vn/products/sandal-biti-s-nu-mau-nau-brw001300nau
1070263277,Sandal Biti's Nữ Màu Trắng BRW001300TRG,465000,Biti's,Sandal Thông Dụng,"kho:online,NỮ,khongdoitra,Sandalnu,Giày dép nữ",Available,6,https://cdn.hstatic.net/products/1000230642/9887_b3500a322444427189082e6751d2591f.jpg,https://bitis.com.vn/products/sandal-biti-s-nu-mau-trang-brw001300trg
1070263211,Sandal Biti's Nam Màu Xám BRM002877XAM,470000,Biti's,Sandal Thông Dụng,"kho:online,NAM,Sandal,Giày dép nam",Available,6,https://cdn.hstatic.net/products/1000230642/brm002877xam__4__6d8a4c144f7a458f8206b042f2f446d2.jpg,https://bitis.com.vn/products/sandal-biti-s-nam-mau-xam-brm002877xam
1070263208,Sandal Biti's Nam Màu Nâu Đậm BRM002877NAD,470000,Biti's,Sandal Thông Dụng,"kho:online,NAM,Sandal,Giày dép nam",Available,6,https://cdn.hstatic.net/products/1000230642/brm002877nad__4__f04d8584eddc4532b8848ba31e994756.jpg,https://bitis.com.vn/products/sandal-biti-s-nam-mau-nau-dam-brm002877nad
1070263123,Dép Biti's Nam Màu Nâu Đậm BRM002477NAD,445000,Biti's,Dép Thông Dụng,"kho:online,NAM,Dép nam,Dép,Giày dép nam",Available,6,https://cdn.hstatic.net/products/1000230642/brm002477nad__4__c5b086f450be410ca457e443b34b8e1f.jpg,https://bitis.com.vn/products/dep-biti-s-nam-mau-nau-dam-brm002477nad
1070263118,Dép Biti's Nam Màu Đen BRM002477DEN,445000,Biti's,Dép Thông Dụng,"kho:online,NAM,Dép nam,Dép,Giày dép nam",Available,6,https://cdn.hstatic.net/products/1000230642/brm002477den__2__e9e51faa9a7f4df5949284b09eb2fc23.jpg,https://bitis.com.vn/products/dep-biti-s-nam-mau-den-brm002477den
1070263031,Dép Biti's Nam Màu Vàng Da Bò BRM002377VDB,445000,Biti's,Dép Thông Dụng,"kho:online,NAM,Dép nam,Dép,Giày dép nam",Available,6,https://cdn.hstatic.net/products/1000230642/brm002377vdb__4__ac72923a5f8c498789999079cd8e9393.jpg,https://bitis.com.vn/products/dep-biti-s-nam-mau-vang-da-bo-brm002377vdb
1070263027,Dép Biti's Nam Màu Đen BRM002377DEN,445000,Biti's,Dép Thông Dụng,"kho:online,NAM,Dép nam,Dép,Giày dép nam",Available,6,https://cdn.hstatic.net/products/1000230642/brm002377den__4__ddc6dbad215347b6bfa303d0e8d20cf5.jpg,https://bitis.com.vn/products/dep-biti-s-nam-mau-den-brm002377den
1070218535,Sandal Biti's Nam Màu Xám BRM002200XAM,390000,Biti's,Sandal Thông Dụng,"kho:online,NAM,Sandal,Giày dép nam",Available,6,https://cdn.hstatic.net/products/1000230642/brm002200xam__3__c0c11f33664e4674be1e927061791697.jpg,https://bitis.com.vn/products/sandal-biti-s-nam-mau-xam-brm002200xam
1070218530,Sandal Biti's Nam Màu Nâu BRM002200NAU,390000,Biti's,Sandal Thông Dụng,"kho:online,khongdoitra,NAM,Sandal,Giày dép nam",Available,6,https://cdn.hstatic.net/products/1000230642/brm002200nau__3__a21228c23af5487dbd2b5f988ec762c2.jpg,https://bitis.com.vn/products/sandal-biti-s-nam-mau-nau-brm002200nau
1070218528,Sandal Biti's Nam Màu Đen BRM002200DEN,390000,Biti's,Sandal Thông Dụng,"kho:online,NAM,Sandal,Giày dép nam",Available,6,https://cdn.hstatic.net/products/1000230642/brm002200den__3__c86f4497077c48d8908fdf62bf26aedd.jpg,https://bitis.com.vn/products/sandal-biti-s-nam-mau-den-brm002200den
1070218454,Sandal Biti's Nữ Màu Kem BPW007688KEM,495000,Biti's,Sandal Thời Trang,"kho:online,NỮ,khongdoitra,Sandalnu,Giày dép nữ",Available,5,https://cdn.hstatic.net/products/1000230642/bpw007688kem__3__34d8da929ec34bbb8cb2969020993d2e.jpg,https://bitis.com.vn/products/sandal-biti-s-nu-mau-kem-bpw007688kem
1070218408,Sandal Biti's Nữ Màu Đen BPW007688DEN,495000,Biti's,Sandal Thời Trang,"kho:online,khongdoitra,NỮ,Sandalnu,Giày dép nữ",Available,5,https://cdn.hstatic.net/products/1000230642/bpw007688den__3__f884c14595b04df2af2b8b6f3c12ef3f.jpg,https://bitis.com.vn/products/sandal-biti-s-nu-mau-den-bpw007688den
1070218388,Sandal Biti's Nữ Màu Kem BPW006700KEM,425000,Biti's,Sandal Thông Dụng,"kho:online,NỮ,Sandalnu,Giày dép nữ",Available,6,https://cdn.hstatic.net/products/1000230642/bpw006700kem__1__bcb42c78e3e24d47985666fb16dccd20.jpg,https://bitis.com.vn/products/sandal-biti-s-nu-mau-kem-bpw006700kem
1070218382,Sandal Biti's Nữ Màu Đen BPW006700DEN,425000,Biti's,Sandal Thông Dụng,"kho:online,NỮ,Sandalnu,Giày dép nữ,Đã bán:789",Available,6,https://cdn.hstatic.net/products/1000230642/bpw006700den__3__dd91d6d0a1194bcda40a07836511835a.jpg,https://bitis.com.vn/products/sandal-biti-s-nu-mau-den-bpw006700den
1070218364,Sandal Biti's Nữ Màu Bạc BPW006700BAC,425000,Biti's,Sandal Thông Dụng,"kho:online,NỮ,Sandalnu,Giày dép nữ,Đã bán:670",Available,6,https://cdn.hstatic.net/products/1000230642/bpw006700bac__7__2ec508b95056400cb6b498d7f7c22859.jpg,https://bitis.com.vn/products/sandal-biti-s-nu-mau-bac-bpw006700bac
1070218331,Sandal Biti's Nữ Màu Trắng BPW006700TRG,425000,Biti's,Sandal Thông Dụng,"kho:online,NỮ,Sandalnu,Giày dép nữ",Available,6,https://cdn.hstatic.net/products/1000230642/bpw006700trg__3__24ec7691395f4a9a8f11d206140df068.jpg,https://bitis.com.vn/products/sandal-biti-s-nu-mau-trang-bpw006700trg
1070218218,Giày Tây Mocasin Biti's Nam Màu Đen BMM002577DEN,855000,Biti's,Giày Tây,"kho:online,NAM,Giày nam,Giày,Giày dép nam",Available,6,https://cdn.hstatic.net/products/1000230642/bmm002577den__3__3114196c5ad342a2a7a5b076189f3e53.jpg,https://bitis.com.vn/products/giay-tay-mocasin-biti-s-nam-mau-den-bmm002577den
1070218199,Sandal Biti's Nữ Màu Nâu BEW004000NAU,460000,Êmbrace,Sandal Thông Dụng,"kho:online,NỮ,Sandalnu,Giày dép nữ",Available,6,https://cdn.hstatic.net/products/1000230642/bew004000nau__3__e60d2b8b26c941b8900e29568068c127.jpg,https://bitis.com.vn/products/sandal-biti-s-nu-mau-nau-bew004000nau
1070218193,Sandal Biti's Nữ Màu Kem BEW004000KEM,460000,Êmbrace,Sandal Thông Dụng,"kho:online,NỮ,Sandalnu,Giày dép nữ",Available,6,https://cdn.hstatic.net/products/1000230642/bew004000kem__3__3a982d02c55f4fd0af75b52c8bf2b28a.jpg,https://bitis.com.vn/products/sandal-biti-s-nu-mau-kem-bew004000kem
1070218190,Sandal Biti's Êmbrace Nữ Màu Đen BEW004000DEN,460000,Êmbrace,Sandal Thông Dụng,"kho:online,NỮ,Sandalnu,Giày dép nữ",Available,6,https://cdn.hstatic.net/products/1000230642/bew004000den__3__3a81b3c295004d43be7fe30887b85ce2.jpg,https://bitis.com.vn/products/sandal-biti-s-embrace-nu-mau-den-bew004000den
1070195846,Dép Eva Biti's Esoft Nữ Màu Xanh Ngọc BEW001104XNG,315000,Biti's,Sandal Thông Dụng,"Esoft,kho:online,NỮ,Sandalnu,Giày dép nữ",Available,6,https://cdn.hstatic.net/products/1000230642/bew001104xng__5__571c12015c7843478da869454c480379.jpg,https://bitis.com.vn/products/dep-eva-biti-s-esoft-nu-mau-xanh-ngoc-bew001104xng
1070195806,Dép Eva Biti's Esoft Nữ Màu Trắng BEW001104TRG,315000,Biti's,Sandal Thông Dụng,"kho:online,Esoft,NỮ,Sandalnu,Giày dép nữ,Đã bán:669",Available,6,https://cdn.hstatic.net/products/1000230642/bew001104trg__5__350a26e1776d4842ae3f41e8f6e13128.jpg,https://bitis.com.vn/products/dep-eva-biti-s-esoft-nu-mau-trang-bew001104trg
1070195751,Dép Eva Biti's Esoft Nữ Màu Kem BEW001104KEM,315000,Biti's,Sandal Thông Dụng,"Esoft,kho:online,NỮ,Sandalnu,Giày dép nữ",Available,6,https://cdn.hstatic.net/products/1000230642/bew001104kem__5__797008ff7ee042babfd32a9198e09ade.jpg,https://bitis.com.vn/products/dep-eva-biti-s-esoft-nu-mau-kem-bew001104kem
1070195734,Dép Eva Biti's Esoft Nữ Màu Hồng BEW001104HOG,315000,Biti's,Sandal Thông Dụng,"kho:online,Esoft,NỮ,Sandalnu,Giày dép nữ",Available,6,https://cdn.hstatic.net/products/1000230642/bew001104hog__6__9c7b1666b29f4c6cbb3d214b50e5bfd7.jpg,https://bitis.com.vn/products/dep-eva-biti-s-esoft-nu-mau-hong-bew001104hog
1070195123,Sandal Biti's Helio Teen Nữ Màu Đỏ Đậm BEG004402DOD,520000,Helio,Sandal Thông Dụng,"Helio,Teennu,Sandalteennu,kho:online,NỮ,khongdoitra,Sandalnu,Giày dép nữ",Available,6,https://cdn.hstatic.net/products/1000230642/beg004402dod__6__63316f944d4a4f568aeeb5f6f94a94d6.jpg,https://bitis.com.vn/products/sandal-biti-s-helio-teen-nu-mau-do-dam-beg004402dod
1070194760,Sandal Biti's Helio Teen Nữ Màu Xanh Ngọc BEG004401XNG,510000,Helio,Sandal Thông Dụng,"Teennu,Helio,kho:online,Sandalteennu,NỮ,Giày dép,Sandalnu,Giày dép nữ",Available,6,https://cdn.hstatic.net/products/1000230642/beg004401xng__2__0afd377652324643a53a8808f0039e7d.jpg,https://bitis.com.vn/products/sandal-biti-s-helio-teen-nu-mau-xanh-ngoc-beg004401xng
1070193506,Sandal Biti's Helio Teen Nữ Màu Hồng Lợt BEG004401HOL,510000,Helio,Sandal Thông Dụng,"Helio,kho:online,Teennu,Sandalteennu,NỮ,Sandalnu,Giày dép nữ",Available,6,https://cdn.hstatic.net/products/1000230642/beg004401hol__2__4056daf82cd94b76acbeb6a65429b5a4.jpg,https://bitis.com.vn/products/sandal-biti-s-helio-teen-nu-mau-hong-lot-beg004401hol
1070193403,Sandals Thể Thao Biti's Teen Nam Màu Đỏ Đậm BEB004402DOD,520000,Helio,Sandal Thông Dụng,"kho:online,NAM,Helio,Sandalteennam,Sandal,Giày dép nam",Available,8,https://cdn.hstatic.net/products/1000230642/beb004402dod__4__99505b21aeea41f4b5cf0e6a63a586e0.jpg,https://bitis.com.vn/products/sandals-the-thao-biti-s-teen-nam-nu-mau-do-dam-beb004402dod
1070187961,Sandals Thể Thao Biti's Helio Teen Nam Màu Xanh BEB004401XNG,510000,Helio,Sandal Thông Dụng,"kho:online,Helio,NAM,Sandal,Giày dép nam",Available,8,https://cdn.hstatic.net/products/1000230642/beb004401xng__4__81ea951964cd464d8077fc5a7d7dc4fc.jpg,https://bitis.com.vn/products/sandals-the-thao-biti-s-helio-teen-nam-mau-xanh-beb004401xng
1070178139,Sandal Biti's Helio Teen Nam Màu Đen BEB004401DEN,510000,Helio,Sandal Thông Dụng,"kho:online,Teennam,Helio,Sandalteennam,NAM,Sandal,Giày dép nam",Available,8,https://cdn.hstatic.net/products/1000230642/beb004401den__2__2599f4007b514b0b87c5035d02ab1ff1.jpg,https://bitis.com.vn/products/sandal-biti-s-helio-teen-nam-mau-den-beb004401den
1070176550,Giày Búp Bê Êmbrace by Biti's Nữ Màu Xám BBW003700XAM,640000,Êmbrace,Giày Búp Bê,"kho:online,NỮ,Giày nữ,Giày,Giày dép nữ",Available,6,https://cdn.hstatic.net/products/1000230642/bbw003700xam__7__579024ae5b7c47b78c4cfb59c410d5ad.jpg,https://bitis.com.vn/products/giay-bup-be-embrace-by-biti-s-nu-mau-xam-bbw003700xam
1070176078,Giày Búp Bê Biti's Êmbrace Nữ Màu Kem BBW003700KEM,640000,Êmbrace,Giày Búp Bê,"kho:online,NỮ,Giày nữ,Giày,Giày dép nữ",Available,6,https://cdn.hstatic.net/products/1000230642/bbw003700kem__7__1103f4008fb7480983f13226f2736354.jpg,https://bitis.com.vn/products/giay-bup-be-biti-s-embrace-nu-mau-kem-bbw003700kem
1070175722,Giày Búp Bê Biti's Êmbrace Nữ Màu Đen BBW003700DEN,640000,Êmbrace,Giày Búp Bê,"kho:online,NỮ,Giày nữ,Giày,Giày dép nữ",Available,6,https://cdn.hstatic.net/products/1000230642/bbw003700den__7__f0a5f0dcb5844e1cb7b4efe01efeb628.jpg,https://bitis.com.vn/products/giay-bup-be-biti-s-embrace-nu-mau-den-bbw003700den
1070175561,Giày Búp Bê Biti's Bé Gái Màu Bạc BBG001600BAC,375000,Biti's,Giày Búp Bê,"kho:online,TRẺ EM,Giày dép,Giày trẻ em,Giày,BÉ GÁI,Giày dép trẻ em",Available,4,https://cdn.hstatic.net/products/1000230642/bbg001600bac__3__f848cedaf75946ef8f1dfd4973fb4a3b.jpg,https://bitis.com.vn/products/giay-bup-be-biti-s-be-gai-mau-bac-bbg001600bac
1070175399,Giày Búp Bê Biti's Bé Gái Màu Tím BBG001600TIM,375000,Biti's,Giày Búp Bê,"kho:online,TRẺ EM,Giày dép,Giày trẻ em,Giày,BÉ GÁI,Giày dép trẻ em",Available,4,https://cdn.hstatic.net/products/1000230642/bbg001600tim__1__44451ecd2e2046c28b72acc5940dc68d.jpg,https://bitis.com.vn/products/giay-bup-be-biti-s-be-gai-mau-tim-bbg001600tim
1069874025,Vớ Cổ Trung Biti's Nam Màu Đen ASMG00110DEN,75000,Biti's,Vớ,"kho:online,NAM,NỮ,Phụ kiện nam,Phụ kiện nữ,Phụ kiện",Available,1,https://cdn.hstatic.net/products/1000230642/asmg00110den__3__de3e237931be4ad884afae9bba6d05bc.jpg,https://bitis.com.vn/products/vo-co-trung-biti-s-nam-mau-den-asmg00110den
1069752876,Giày Tập Đi Biti's Trẻ Em Màu Xanh BSB006200XNH,415000,Biti's,Giày Thể Thao,"kho:online,Giày dép,TRẺ EM,BÉ TRAI,khongdoitra,Giày trẻ em,Giày,Giày dép trẻ em",Available,3,https://cdn.hstatic.net/products/1000230642/bsb006200xnh__2__b77f172cb3bd4cf9809e16968c4363d7.jpg,https://bitis.com.vn/products/giay-tap-di-biti-s-tre-em-mau-xanh-bsb006200xnh
1069751194,Giày Tập Đi Biti's Trẻ Em Màu Kem BSB006200KEM,415000,Biti's,Giày Thể Thao,"kho:online,Giày dép,TRẺ EM,BÉ TRAI,khongdoitra,Giày trẻ em,Giày,Giày dép trẻ em",Available,3,https://cdn.hstatic.net/products/1000230642/bsb006200kem__2__4f85c4ef43c145aaa69d210c92d4cf61.jpg,https://bitis.com.vn/products/giay-tap-di-biti-s-tre-em-mau-kem-bsb006200kem
1069747904,Dép Biti's Nam Màu Đen BPM003100DEN,380000,Biti's,Dép Thông Dụng,"kho:online,NAM,khongdoitra,Dép nam,Dép,Giày dép nam",Available,5,https://cdn.hstatic.net/products/1000230642/bpm003100den__4__3051f675c35445228f7970362784274e.jpg,https://bitis.com.vn/products/dep-biti-s-nam-mau-den-bpm003100den
1069744188,Dép Biti's Nam Màu Nâu BPM003100NAU,380000,Biti's,Dép Thông Dụng,"kho:online,NAM,khongdoitra,Dép nam,Dép,Giày dép nam",Available,5,https://cdn.hstatic.net/products/1000230642/bpm003100nau__2__ab905fac98ea4d638b9519038c7ec2bf.jpg,https://bitis.com.vn/products/dep-biti-s-nam-mau-nau-bpm003100nau
1069730869,Túi Vải Thời Trang Biti’s Nữ Màu Kem BBTW00400KEM,169000,Biti's,Túi Xách,"kho:online,NỮ,Phụ kiện,khongdoitra,Phukien,Tuixach,Phụ kiện nữ",Available,1,https://cdn.hstatic.net/products/1000230642/bbtw00400kem__4__ee15606007eb4aa9981dcaf3465d61c7.jpg,https://bitis.com.vn/products/tui-vai-thoi-trang-biti-s-nu-mau-kem-bbtw00400kem
1069730661,Balo Biti's Batman Bé Trai Màu Đen BBBB01899DEN,640000,Biti's,Balo Trẻ Em,"kho:online,Phukien,BÉ TRAI,TRẺ EM,Phụ kiện,Phụ kiện trẻ em",Available,1,https://cdn.hstatic.net/products/1000230642/bbbb01899den__2__9893a18769cf43f9b3d455ce7bb193f2.jpg,https://bitis.com.vn/products/balo-biti-s-batman-be-trai-mau-den-bbbb01899den
1069730109,Balo Biti's Spiderman Bé Trai Màu Đen BBBB01598DEN,640000,Biti's,Balo Trẻ Em,"kho:online,Phukien,BÉ TRAI,TRẺ EM,Phụ kiện,khongdoitra,Phụ kiện trẻ em",Available,1,https://cdn.hstatic.net/products/1000230642/bbbb01598den__2__ef22e09a85b94f2a98d0790b40426de1.jpg,https://bitis.com.vn/products/balo-biti-s-spiderman-be-trai-mau-den-bbbb01598den
1069729573,Balo Biti's Trẻ Em Màu Xám BBBG01900XAM,535000,Biti's,Balo Trẻ Em,"kho:online,Phukien,TRẺ EM,khongdoitra,Phụ kiện,Phụ kiện trẻ em,BÉ GÁI",Available,1,https://cdn.hstatic.net/products/1000230642/bbbg01900xam__2__4fd9b2328b4d41e0a50d3a2ee917904d.jpg,https://bitis.com.vn/products/balo-biti-s-tre-em-mau-xam-bbbg01900xam
1069729528,Balo Biti's Trẻ Em Màu Đen BBBG01900DEN,535000,Biti's,Balo Trẻ Em,"kho:online,Phukien,TRẺ EM,khongdoitra,Phụ kiện,Phụ kiện trẻ em,BÉ GÁI",Available,1,https://cdn.hstatic.net/products/1000230642/bbbg01900den__2__79a1e64fbbc84f7c8ffc6d338996c952.jpg,https://bitis.com.vn/products/balo-biti-s-tre-em-mau-den-bbbg01900den
1069727838,Giày Búp Bê Biti's Bé Gái Màu Đen BBG001500DEN,455000,Biti's,Giày Búp Bê,"kho:online,TRẺ EM,Giày dép,khongdoitra,Giày trẻ em,Giày,BÉ GÁI,Giày dép trẻ em",Available,8,https://cdn.hstatic.net/products/1000230642/bbg001500den__6__3bb81d7b55864ed29e5cec7288d7b4cb.jpg,https://bitis.com.vn/products/giay-bup-be-biti-s-be-gai-mau-den-bbg001500den
1069727837,Giày Búp Bê Biti's Bé Gái Màu Đen BBG001401DEN,455000,Biti's,Giày Búp Bê,"kho:online,TRẺ EM,Giày dép,khongdoitra,Giày trẻ em,Giày,BÉ GÁI,Giày dép trẻ em",Available,8,https://cdn.hstatic.net/products/1000230642/bbg001401den__6__dba12446c0d24c67b1c1b91d0bd05c74.jpg,https://bitis.com.vn/products/giay-bup-be-biti-s-be-gai-mau-den-bbg001401den
1069727802,Giày Búp Bê Biti's Bé Gái Màu Đen BBG001400DEN,475000,Biti's,Giày Búp Bê,"kho:online,TRẺ EM,Giày dép,khongdoitra,Giày trẻ em,Giày,BÉ GÁI,Giày dép trẻ em",Available,8,https://cdn.hstatic.net/products/1000230642/bbg001400den__6__826eee2dd1e141ec9ba13859721314c3.jpg,https://bitis.com.vn/products/giay-bup-be-biti-s-be-gai-mau-den-bbg001400den
1069727767,Giày Búp Bê Biti's Bé Gái Màu Đen BBG001300DEN,360000,Biti's,Giày Búp Bê,"kho:online,TRẺ EM,Giày dép,khongdoitra,Giày trẻ em,Giày,BÉ GÁI,Giày dép trẻ em",Available,5,https://cdn.hstatic.net/products/1000230642/bbg001300den__6__a3e72a3ca7ff4c3485ae5898ad4437b0.jpg,https://bitis.com.vn/products/giay-bup-be-biti-s-be-gai-mau-den-bbg001300den
1069727762,Giày Búp Bê Biti's Bé Gái Màu Trắng BBG001300TRG,360000,Biti's,Giày Búp Bê,"kho:online,TRẺ EM,Giày dép,khongdoitra,Giày trẻ em,Giày,BÉ GÁI,Giày dép trẻ em",Available,5,https://cdn.hstatic.net/products/1000230642/bbg001300trg__6__87a02a993d3d4c1ebf4d8bc6faef2dcb.jpg,https://bitis.com.vn/products/giay-bup-be-biti-s-be-gai-mau-trang-bbg001300trg
1069727746,Giày Thể Thao Biti's Bé Trai Màu Đen BSB004502DEN,565000,Biti's,Giày Thể Thao,"kho:online,BÉ TRAI,TRẺ EM,Giày dép,Giày trẻ em,Giày,Giày dép trẻ em",Available,9,https://cdn.hstatic.net/products/1000230642/bsb004502den__6__29ecb174de5442eebb234fced1b5b063.jpg,https://bitis.com.vn/products/giay-the-thao-biti-s-be-trai-mau-den-bsb004502den
1069727739,Giày Thể Thao Biti's Bé Gái Màu Tím BSG004502TIM,565000,Biti's,Giày Thể Thao,"kho:online,TRẺ EM,Giày dép,Giày trẻ em,Giày,BÉ GÁI,Giày dép trẻ em",Available,9,https://cdn.hstatic.net/products/1000230642/bsg004502tim__6__8cfb62b23bac46f2bb52334dd5ed5473.jpg,https://bitis.com.vn/products/giay-the-thao-biti-s-be-gai-mau-tim-bsg004502tim
1069727733,Giày Thể Thao Biti's Bé Gái Màu Xanh Dương Lợt BSG004502XDL,565000,Biti's,Giày Thể Thao,"kho:online,TRẺ EM,Giày dép,Giày trẻ em,Giày,BÉ GÁI,Giày dép trẻ em",Available,9,https://cdn.hstatic.net/products/1000230642/bsg004502xdl__6__91275ed8adb948e28174331e2d70f7ec.jpg,https://bitis.com.vn/products/giay-the-thao-biti-s-be-gai-mau-xanh-duong-lot-bsg004502xdl
1069727726,Giày Thể Thao Biti's Bé Trai Màu Xanh Nhớt BSB004502XNH,565000,Biti's,Giày Thể Thao,"kho:online,TRẺ EM,BÉ TRAI,Giày dép,Giày trẻ em,Giày,Giày dép trẻ em",Available,9,https://cdn.hstatic.net/products/1000230642/bsb004502xnh__6__f474beda9113413d915bf9af5c052e57.jpg,https://bitis.com.vn/products/giay-the-thao-biti-s-be-trai-mau-xanh-nhot-bsb004502xnh
1069727713,Giày Thể Thao Biti's Stitch Trẻ Em Màu Trắng BSB009997TRG,630000,Biti's,Giày Thể Thao,"kho:online,Giày dép,khongdoitra,Spiderman,BÉ TRAI,TRẺ EM,Giày trẻ em,Giày,Giày dép trẻ em",Available,7,https://cdn.hstatic.net/products/1000230642/bsb009997trg__6__6cdb934ad0ce44d5ac0747ab43fa728a.jpg,https://bitis.com.vn/products/giay-the-thao-biti-s-stitch-tre-em-mau-trang-bsb009997trg
1069727663,Giày Thể Thao Biti's Stitch Trẻ Em Màu Xanh Dương Lợt BSB009997XDL,630000,Biti's,Giày Thể Thao,"kho:online,Giày dép,khongdoitra,TRẺ EM,Spiderman,BÉ TRAI,Giày trẻ em,Giày,Giày dép trẻ em",Available,7,https://cdn.hstatic.net/products/1000230642/bsb009997xdl__6__8aeed44878524c7daf08409a06a3ed63.jpg,https://bitis.com.vn/products/giay-the-thao-biti-s-stitch-tre-em-mau-xanh-duong-lot-bsb009997xdl
1069727647,Giày Thể Thao Biti's Stitch Trẻ Em Màu Đen BSB009997DEN,630000,Biti's,Giày Thể Thao,"kho:online,Giày dép,BÉ TRAI,Spiderman,khongdoitra,TRẺ EM,Giày trẻ em,Giày,Giày dép trẻ em",Available,7,https://cdn.hstatic.net/products/1000230642/bsb009997den__6__c84607bf94da470a8fd9c7fb6db75bd7.jpg,https://bitis.com.vn/products/giay-the-thao-biti-s-stitch-tre-em-mau-den-bsb009997den
1069727596,Giày Thể Thao Biti's Spiderman Bé Trai Màu Đen BSB009298DEN,650000,Biti's,Giày Thể Thao,"kho:online,Spiderman,TRẺ EM,BÉ TRAI,Giày dép,khongdoitra,Giày trẻ em,Giày,Giày dép trẻ em",Available,7,https://cdn.hstatic.net/products/1000230642/bsb009298den__6__35e66ed1dd83428a970ddd4c4afcda79.jpg,https://bitis.com.vn/products/giay-the-thao-biti-s-spiderman-be-trai-mau-den-bsb009298den
1069577636,Balo Biti's Hunter Màu Đen HBBM01400DEN,799000,HUNTER,Balo,"kho:online,Balo,Phukien,Hunter,khongdoitra,Phụ kiện,NAM,Phụ kiện nam,Phụ kiện nữ,NỮ,Phụ kiện Hunter",Available,1,https://cdn.hstatic.net/products/1000230642/hbbm01400den__2__2d6cdaa80a9b4cc1ab1fbdae2c46ec18.jpg,https://bitis.com.vn/products/balo-biti-s-hunter-mau-den-hbbm01400den
1069577555,Balo Biti's Màu Đen BBBU00700DEN,257000,Biti's,Balo,"kho:online,Balo,Phukien,Phụ kiện,NAM,Phụ kiện nam,NỮ,Phụ kiện nữ",Available,1,https://cdn.hstatic.net/products/1000230642/bbbu00700den__3__019df7a91d7a4d9197bbb60d73d79e5a.jpg,https://bitis.com.vn/products/balo-biti-s-mau-den-bbbu00700den
1069577547,Balo Biti's Màu Xám BBBU00700XAM,257000,Biti's,Balo,"kho:online,Balo,Phukien,Phụ kiện,NAM,Phụ kiện nam,NỮ,Phụ kiện nữ",Available,1,https://cdn.hstatic.net/products/1000230642/bbbu00700xam__3__2560fee8e3ff4e66aafd08aeaa94ac71.jpg,https://bitis.com.vn/products/balo-biti-s-mau-xam-bbbu00700xam
1069577540,Hộp Bút Biti's Spiderman Bé Trai Màu Xanh Nhớt BBWB00298XNH,265000,Biti's,Khác,"kho:online,BÉ TRAI,TRẺ EM,khongdoitra,Phụ kiện trẻ em,Phụ kiện",Available,1,https://cdn.hstatic.net/products/1000230642/bbwb00298xnh__2__8e408e5f7315422f8acbef5e37d68948.jpg,https://bitis.com.vn/products/hop-but-biti-s-spiderman-be-trai-mau-xanh-nhot-bbwb00298xnh
1069577527,Hộp Bút Biti's Spiderman Bé Trai Màu Đen BBWB00298DEN,265000,Biti's,Khác,"kho:online,BÉ TRAI,TRẺ EM,khongdoitra,Phụ kiện trẻ em,Phụ kiện",Available,1,https://cdn.hstatic.net/products/1000230642/bbwb00298den__2__62799b0be277432eb3180fcfec67c20f.jpg,https://bitis.com.vn/products/hop-but-biti-s-spiderman-be-trai-mau-den-bbwb00298den
1069577464,Balo Biti's Trẻ Em Màu Xanh Lá Cây BBBB01600XLC,535000,Biti's,Balo Trẻ Em,"kho:online,Phukien,BÉ TRAI,TRẺ EM,Phụ kiện,Phụ kiện trẻ em",Available,1,https://cdn.hstatic.net/products/1000230642/bbbb01600xlc__2__08bb64d03cc1434e88265664269a54e9.jpg,https://bitis.com.vn/products/balo-biti-s-tre-em-mau-xanh-la-cay-bbbb01600xlc
1069577452,Balo Biti's Trẻ Em Màu Đỏ BBBB01600DOO,535000,Biti's,Balo Trẻ Em,"kho:online,Phukien,BÉ TRAI,Phụ kiện,TRẺ EM,Phụ kiện trẻ em",Available,1,https://cdn.hstatic.net/products/1000230642/bbbb01600doo__2__2cb336cad1554c0782603d4571701f6c.jpg,https://bitis.com.vn/products/balo-biti-s-tre-em-mau-do-bbbb01600doo
1069557704,Giày Thể Thao Biti's Hunter Nữ Màu Kem HSW008601KEM,735000,HUNTER,Giày Thể Thao,"kho:online,Hunter,khongdoitra,Huntersneakernam,newhunter,Huntersneaker,NAM,Giày nam,Giày,Hunter Street Nam,Hunter Street,Giày dép nam,Giày dép Hunter",Available,5,https://cdn.hstatic.net/products/1000230642/hsw008601kem__6__247316bc6cc341e680acf48ed240427e.jpg,https://bitis.com.vn/products/giay-the-thao-biti-s-hunter-nu-mau-kem-hsw008601kem
1069556963,Giày Thể Thao Biti's Hunter Nam Màu Đen DSMH10400DEN,810000,HUNTER,Giày Thể Thao,"kho:online,newhunter,NAM,Hunter,khongdoitra,Huntersneaker,Huntersneakernam,Giày nam,Giày,Hunter Street Nam,Hunter Street,Giày dép nam,Giày dép Hunter",Available,6,https://cdn.hstatic.net/products/1000230642/dsmh10400den__6__3d3e66fdbe2046248b4127d62cf6f21f.jpg,https://bitis.com.vn/products/giay-the-thao-biti-s-hunter-nam-mau-den-dsmh10400den
1069556316,Giày Búp Bê Biti's Nữ Màu Tím BBW003000TIM,535000,Êmbrace,Giày Búp Bê,"kho:online,NỮ,Giày nữ,Giày,Giày dép nữ",Available,6,https://cdn.hstatic.net/products/1000230642/bbw003000tim_23__a3d593aff9d14ebdb4d78c6d0f0ab5bb.jpg,https://bitis.com.vn/products/giay-bup-be-biti-s-nu-mau-tim-bbw003000tim
1069555540,Giày Búp Bê Biti's Nữ Màu Kem BBW003000KEM,535000,Êmbrace,Giày Búp Bê,"kho:online,NỮ,Giày nữ,Giày,Giày dép nữ",Available,6,https://cdn.hstatic.net/products/1000230642/bbw003000kem__6__e3f7327d16824024844d046f0bacaad5.jpg,https://bitis.com.vn/products/giay-bup-be-biti-s-nu-mau-kem-bbw003000kem
1069555287,Giày Búp Bê Biti's Nữ Màu Đen BBW003000DEN,535000,Êmbrace,Giày Búp Bê,"kho:online,NỮ,Giày nữ,Giày,Giày dép nữ",Available,6,https://cdn.hstatic.net/products/1000230642/bbw003000den__6__57f30766abe0490ca4b9e45dcafd277a.jpg,https://bitis.com.vn/products/giay-bup-be-biti-s-nu-mau-den-bbw003000den
1069554736,Giày Cao Gót Biti's Nữ Màu Trắng BFW006888TRG,495000,Biti's,Giày Thời Trang,"kho:online,NỮ,khongdoitra,Giày nữ,Giày,Giày dép nữ",Available,5,https://cdn.hstatic.net/products/1000230642/bfw006888trg__6__694f054e3394445e9f50f8b944addf24.jpg,https://bitis.com.vn/products/sandal-biti-s-nu-mau-trang-bfw006888trg
1069554523,Giày Cao Gót Biti's Nữ Màu Đen BFW006888DEN,495000,Biti's,Giày Thời Trang,"kho:online,NỮ,khongdoitra,Giày nữ,Giày,Giày dép nữ",Available,5,https://cdn.hstatic.net/products/1000230642/bfw006888den__6__1f771eca9f0144ed9fb5cce03fc6f75a.jpg,https://bitis.com.vn/products/sandal-biti-s-nu-mau-den-bfw006888den
1069553579,Sandal Biti's Hunter Nữ Màu Đen HEW001600DEN,495000,HUNTER,Sandal Thông Dụng,"kho:online,NỮ,Hunter,Sandalnu,Sandal Dép Hunter,Giày dép nữ,Giày dép Hunter",Available,5,https://cdn.hstatic.net/products/1000230642/hew001600den__6__556071c80e0644d28cea81827caba40b.jpg,https://bitis.com.vn/products/sandal-biti-s-hunter-nu-mau-den-hew001600den
1069553515,Sandal Biti's Hunter Nữ Màu Hồng HEW001600HOG,495000,HUNTER,Sandal Thông Dụng,"kho:online,NỮ,Hunter,Sandalnu,Sandal Dép Hunter,Giày dép nữ,Giày dép Hunter",Available,5,https://cdn.hstatic.net/products/1000230642/hew001600hog__6__20aa3824739d4de0b59e986c7e14a348.jpg,https://bitis.com.vn/products/sandal-biti-s-hunter-nu-mau-hong-hew001600hog
1069553081,Sandal Biti's Hunter Nữ Màu Kem HEW001600KEM,495000,HUNTER,Sandal Thông Dụng,"kho:online,NỮ,Hunter,Sandalnu,Sandal Dép Hunter,Giày dép nữ,Giày dép Hunter",Available,5,https://cdn.hstatic.net/products/1000230642/hew001600kem__6__41b1da0a178d4ba3a19d87fc38369b89.jpg,https://bitis.com.vn/products/sandal-biti-s-hunter-nu-mau-kem-hew001600kem
1069422394,Sandal Cao Gót Biti's Nữ Màu Kem Lợt BPW005888KEL,320000,Biti's,Sandal Thời Trang,"kho:online,NỮ,Sandalnu,Giày dép nữ",Available,6,https://cdn.hstatic.net/products/1000230642/bpw005888kel__2__e6515ebae7b34a0c9a6111459dd65de1.jpg,https://bitis.com.vn/products/sandal-cao-got-biti-s-nu-mau-kem-lot-bpw005888kel
1069422078,Sandal Cao Gót Biti's Nữ Màu Đen BPW005888DEN,320000,Biti's,Sandal Thời Trang,"kho:online,NỮ,khongdoitra,Sandalnu,Giày dép nữ",Available,6,https://cdn.hstatic.net/products/1000230642/bpw005888den__2__235de1df76c84b4a93767487ace1465c.jpg,https://bitis.com.vn/products/sandal-cao-got-biti-s-nu-mau-den-bpw005888den
1069416867,Dép Biti's Nữ Màu Tím Lợt BEW003200TIL,300000,Biti's,Dép Thông Dụng,"kho:online,NỮ,Depnu,Dép nữ,Dép,Giày dép nữ",Available,5,https://cdn.hstatic.net/products/1000230642/bew003200til__2__d1671705ae944033b1c57b192011a39f.jpg,https://bitis.com.vn/products/dep-biti-s-nu-mau-tim-lot-bew003200til
1069416119,Dép Biti's Nữ Màu Kem Đậm BEW003200KED,300000,Biti's,Dép Thông Dụng,"kho:online,NỮ,Depnu,Dép nữ,Dép,Giày dép nữ",Available,5,https://cdn.hstatic.net/products/1000230642/bew003200ked__3__8b3f9dba6bc34426b08522a5cd416f69.jpg,https://bitis.com.vn/products/dep-biti-s-nam-mau-kem-dam-bew003200ked
1069415812,Dép Biti's Nữ Màu Đen BEW003200DEN,300000,Biti's,Dép Thông Dụng,"kho:online,NỮ,Depnu,Dép nữ,Dép,Giày dép nữ",Available,5,https://cdn.hstatic.net/products/1000230642/bew003200den__3__9410fd2fe64e4ef09c730812230c0f82.jpg,https://bitis.com.vn/products/dep-biti-s-nu-mau-den-bew003200den
1069367020,Giày Thể Thao Biti's Hunter Phiên Bản Đặc Biệt 2/9 Nữ Màu Kem Lợt HSW013500KEL,1165000,HUNTER,Giày Thể Thao,"kho:online,Hunter,newhunter,NỮ,khongdoitra,Huntersneaker,HuntersneakerNu,Giày nữ,Giày,Hunter Street,Giày dép nữ,Giày dép Hunter",Available,4,https://cdn.hstatic.net/products/1000230642/013500__6__1d63af0c86a84c778b8a4036e09465af.jpg,https://bitis.com.vn/products/giay-the-thao-biti-s-hunter-phien-ban-dac-biet-2-9-nu-mau-kem-lot-hsw013500kel
1069366777,Giày Thể Thao Biti's Hunter Phiên Bản Đặc Biệt 2/9 Nam Màu Kem Lợt HSM013500KEL,1165000,HUNTER,Giày Thể Thao,"kho:online,newhunter,NAM,Huntersneakernam,Huntersneaker,khongdoitra,Hunter,Giày nam,Giày,Hunter Street Nam,Hunter Street,Giày dép nam,Giày dép Hunter",Available,5,https://cdn.hstatic.net/products/1000230642/013500__6__14d4265ca782454a8a3babd70a22a74d.jpg,https://bitis.com.vn/products/giay-the-thao-biti-s-hunter-phien-ban-dac-biet-2-9-nam-mau-kem-lot-hsm013500kel
1069345004,Sandal Tập Đi Biti's Trẻ Em Màu Trắng BTB001501TRG,195000,Biti's,Sandal Thông Dụng,"kho:online,Firstshoes,Giày dép",Available,3,https://cdn.hstatic.net/products/1000230642/btb001501trg__2__e5fae8b2e75942eaad41b11c9759ef83.jpg,https://bitis.com.vn/products/sandal-tap-di-biti-s-tre-em-mau-trang-btb001501trg
1069345001,Sandal Tập Đi Biti's Trẻ Em Màu Xanh Dương BTB001501XDG,195000,Biti's,Sandal Thông Dụng,"kho:online,Firstshoes,Giày dép",Available,3,https://cdn.hstatic.net/products/1000230642/btb001501xdg__2__8d19f360fe034eadb2f6d573252afcaf.jpg,https://bitis.com.vn/products/sandal-tap-di-biti-s-tre-em-mau-xanh-duong-btb001501xdg
1069344940,Giày Thể Thao Biti's Hunter Tennis Nam Màu Xanh Nhớt HSM010300XNH,930000,HUNTER,Giày Tennis,"kho:online,newhunter,NAM,Huntersneaker,Huntersneakernam,khongdoitra,Hunter,Giày nam,Giày,Giày dép nam,Giày dép Hunter",Available,6,https://cdn.hstatic.net/products/1000230642/hsm010300xnh__3__58169f0d7f064f72b4665857a99bfd7d.jpg,https://bitis.com.vn/products/giay-the-thao-biti-s-hunter-tennis-nam-mau-xanh-nhot-hsm010300xnh
1069344842,Balo Biti's Màu Nâu BBBW01200NAU,635000,Biti's,Balo,"kho:online,Phukien,Balo,Phụ kiện,khongdoitra,NỮ,NAM,Phụ kiện nữ",Available,1,https://cdn.hstatic.net/products/1000230642/bbbw01200nau__2__aff96d30283b45de80988a3076aa2894.jpg,https://bitis.com.vn/products/balo-biti-s-mau-nau-bbbw01200nau
1069167923,Giày Thể Thao Biti's Trẻ Em Màu Xanh BSB008600XNH,390000,Biti's,Giày Thể Thao,"kho:online,Giày dép",Available,6,https://cdn.hstatic.net/products/1000230642/bsb008600xnh__5__bfb9be955fdc4c80b56c74d25a5df257.jpg,https://bitis.com.vn/products/giay-the-thao-biti-s-tre-em-mau-xanh-bsb008600xnh
1069167921,Giày Thể Thao Biti's Trẻ Em Màu Đen BSB008600DEN,390000,Biti's,Giày Thể Thao,"kho:online,Giày dép",Available,6,https://cdn.hstatic.net/products/1000230642/bsb008600den__5__8589ba33570042df80e095ce0db8539e.jpg,https://bitis.com.vn/products/giay-the-thao-biti-s-tre-em-mau-den-bsb008600den
1069167918,Giày Thể Thao Biti's Trẻ Em Màu Cam BSB008600CAM,390000,Biti's,Giày Thể Thao,"kho:online,Giày dép",Available,6,https://cdn.hstatic.net/products/1000230642/bsb008600cam__5__9d69572c1f22496f9c9bf1d413d66741.jpg,https://bitis.com.vn/products/giay-the-thao-biti-s-tre-em-mau-cam-bsb008600cam
1069167903,Charm Trang Trí Giày Dép Biti's Màu Vàng AAUH04900VAG,60000,Biti's,Khác,"kho:online,Giày dép,Phukien,Phụ kiện",Available,1,https://cdn.hstatic.net/products/1000230642/aauh04900vag__1__fb6713e003884a15a11b04daf50b2da9.jpg,https://bitis.com.vn/products/charm-trang-tri-giay-dep-biti-s-mau-vang-aauh04900vag
1069167865,Sandal Biti's Nữ Màu Đen BYW000700DEN,465000,Biti's,Sandal Thông Dụng,"kho:online,NỮ,Sandalnu,Giày dép nữ",Available,6,https://cdn.hstatic.net/products/1000230642/byw000700den__1__199623b291744e6bba03a49f46a6927a.jpg,https://bitis.com.vn/products/sandal-biti-s-nu-mau-den-byw000700den
1069167818,Móc Khóa Mèo Biti's Màu Hồng AAUH05500HOG,85000,Biti's,Khác,"kho:online,Phukien,gaubong,TRẺ EM,Phụ kiện trẻ em,Phụ kiện,BÉ GÁI",Available,1,https://cdn.hstatic.net/products/1000230642/aauh05500hog__2__031fc5dfc04844349f9d4e366e9d8e05.jpg,https://bitis.com.vn/products/moc-khoa-meo-biti-s-mau-hong-aauh05500hog
1069167797,Móc Khóa Thỏ Biti's Màu Hồng AAUH05600HOG,89000,Biti's,Khác,"kho:online,Phukien,gaubong,TRẺ EM,Phụ kiện trẻ em,Phụ kiện,BÉ GÁI",Available,1,https://cdn.hstatic.net/products/1000230642/aauh05600hog__3__98acea62667c41ef91df468710446c6d.jpg,https://bitis.com.vn/products/moc-khoa-tho-biti-s-mau-hong-aauh05600hog
1069167781,Móc Khóa Gấu Chú Tâm Biti's Màu Cam AAUH05800CAM,85000,Biti's,Khác,"kho:online,gaubong,Phukien,BÉ TRAI,TRẺ EM,Phụ kiện trẻ em,Phụ kiện",Available,1,https://cdn.hstatic.net/products/1000230642/aauh05800cam__3__198110eb84f54508ad012bdcb456d3f0.jpg,https://bitis.com.vn/products/moc-khoa-gau-chu-tam-biti-s-mau-cam-aauh05800cam
1069167752,Hộp Bút Mèo Biti's Bé Gái Màu Hồng BBWG00200HOG,129000,Biti's,Khác,"kho:online,TRẺ EM,khongdoitra,Phukien,Phụ kiện trẻ em,Phụ kiện,BÉ GÁI",Available,1,https://cdn.hstatic.net/products/1000230642/bbwg00200hog__2__b3472ce5ba98468b9aecb5d16d95a56a.jpg,https://bitis.com.vn/products/vi-but-meo-biti-s-be-gai-mau-hong-bbwg00200hog
1069167699,Balo Biti's Màu Đen BBBW01200DEN,635000,Biti's,Balo,"kho:online,Balo,Phukien,Phụ kiện,khongdoitra,NỮ,NAM,Phụ kiện nữ",Available,1,https://cdn.hstatic.net/products/1000230642/bbbw01200den__2__1a91afcdcba549fa943ef6e6a09d28e1.jpg,https://bitis.com.vn/products/balo-biti-s-mau-den-bbbw01200den
